domain,url,price
a.ac,https://a.ac,NONE
a.ad,,NO_SITE
a.ae,,NO_SITE
a.af,https://a.af,NONE
a.ag,,NO_SITE
a.ai,https://a.ai,NONE
a.al,,NO_SITE
a.am,https://a.am,NONE
a.an,,NO_SITE
a.ao,,NO_SITE
a.aq,,NO_SITE
a.ar,https://a.ar,100000
a.as,,NO_SITE
a.at,http://a.at,NONE
a.au,,NO_SITE
a.aw,,NO_SITE
a.ax,,NO_SITE
a.az,,NO_SITE
a.ba,,NO_SITE
a.bb,,NO_SITE
a.bd,,NO_SITE
a.be,,NO_SITE
a.bf,,NO_SITE
a.bg,,NO_SITE
a.bh,,NO_SITE
a.bi,,NO_SITE
a.bj,,NO_SITE
a.bm,,NO_SITE
a.bn,,NO_SITE
a.bo,https://a.bo,NONE
a.br,,NO_SITE
a.bs,,NO_SITE
a.bt,,NO_SITE
a.bv,,NO_SITE
a.bw,https://a.bw,NONE
a.by,,NO_SITE
a.bz,,NO_SITE
a.ca,,NO_SITE
a.cc,http://a.cc,NONE
a.cd,,NO_SITE
a.cf,,NO_SITE
a.cg,,NO_SITE
a.ch,,NO_SITE
a.ci,,NO_SITE
a.ck,,NO_SITE
a.cl,https://a.cl,NONE
a.cm,http://a.cm,NONE
a.cn,http://a.cn,NONE
a.co,https://a.co,NONE
a.cr,https://a.cr,NO_TEXT
a.cu,,NO_SITE
a.cv,,NO_SITE
a.cw,,NO_SITE
a.cx,http://a.cx,NONE
a.cy,,NO_SITE
a.cz,https://a.cz,NONE
a.de,https://a.de,NONE
a.dj,,NO_SITE
a.dk,https://a.dk,NONE
a.dm,,NO_SITE
a.do,,NO_SITE
a.dz,,NO_SITE
a.ec,,NO_SITE
a.ee,,NO_SITE
a.eg,,NO_SITE
a.er,,NO_SITE
a.es,,NO_SITE
a.et,,NO_SITE
a.eu,,NO_SITE
a.fi,,NO_SITE
a.fj,,NO_SITE
a.fk,,NO_SITE
a.fm,http://a.fm,NONE
a.fo,,NO_SITE
a.fr,http://a.fr,NONE
a.ga,,NO_SITE
a.gb,,NO_SITE
a.gd,,NO_SITE
a.ge,,NO_SITE
a.gf,,NO_SITE
a.gg,https://a.gg,NONE
a.gh,,NO_SITE
a.gi,,NO_SITE
a.gl,,NO_SITE
a.gm,,NO_SITE
a.gn,,NO_SITE
a.gp,,NO_SITE
a.gq,,NO_SITE
a.gr,,NO_SITE
a.gs,,NO_SITE
a.gt,https://a.gt,NONE
a.gu,,NO_SITE
a.gw,,NO_SITE
a.gy,,NO_SITE
a.hk,,NO_SITE
a.hm,https://a.hm,NONE
a.hn,,NO_SITE
a.hr,https://a.hr,NONE
a.ht,,NO_SITE
a.hu,,NO_SITE
a.id,,NO_SITE
a.ie,http://a.ie,NONE
a.il,,NO_SITE
a.im,,NO_SITE
a.in,,NO_SITE
a.io,https://a.io,56k
a.iq,,NO_SITE
a.ir,,NO_SITE
a.is,https://a.is,NONE
a.it,,NO_SITE
a.je,,NO_SITE
a.jm,,NO_SITE
a.jo,,NO_SITE
a.jp,,NO_SITE
a.ke,https://a.ke,NO_TEXT
a.kg,http://a.kg,NONE
a.kh,,NO_SITE
a.ki,https://a.ki,NONE
a.km,,NO_SITE
a.kn,,NO_SITE
a.kp,,NO_SITE
a.kr,,NO_SITE
a.kw,,NO_SITE
a.ky,,NO_SITE
a.kz,https://a.kz,NONE
a.la,,NO_SITE
a.lb,,NO_SITE
a.lc,,NO_SITE
a.li,,NO_SITE
a.lk,,NO_SITE
a.lr,,NO_SITE
a.ls,,NO_SITE
a.lt,,NO_SITE
a.lu,,NO_SITE
a.lv,,NO_SITE
a.ly,https://a.ly,NONE
a.ma,,NO_SITE
a.mc,,NO_SITE
a.md,,NO_SITE
a.me,https://a.me,NONE
a.mf,,NO_SITE
a.mg,,NO_SITE
a.mh,,NO_SITE
a.mk,,NO_SITE
a.ml,https://a.ml,NONE
a.mm,,NO_SITE
a.mn,,NO_SITE
a.mo,,NO_SITE
a.mp,https://a.mp,NONE
a.mq,,NO_SITE
a.mr,,NO_SITE
a.ms,http://a.ms,NONE
a.mt,,NO_SITE
a.mu,,NO_SITE
a.mv,,NO_SITE
a.mw,,NO_SITE
a.mx,,NO_SITE
a.my,https://a.my,NONE
a.mz,,NO_SITE
a.na,,NO_SITE
a.nc,,NO_SITE
a.ne,,NO_SITE
a.nf,https://a.nf,NONE
a.ng,,NO_SITE
a.ni,,NO_SITE
a.nl,,NO_SITE
a.no,,NO_SITE
a.np,,NO_SITE
a.nr,https://a.nr,NONE
a.nu,,NO_SITE
a.nz,,NO_SITE
a.om,,NO_SITE
a.pa,,NO_SITE
a.pe,https://a.pe,NONE
a.pf,,NO_SITE
a.pg,,NO_SITE
a.ph,http://a.ph,NO_TEXT
a.pk,,NO_SITE
a.pl,https://a.pl,NONE
a.pm,,NO_SITE
a.pn,http://a.pn,NONE
a.pr,,NO_SITE
a.ps,,NO_SITE
a.pt,,NO_SITE
a.pw,https://a.pw,NO_TEXT
a.py,,NO_SITE
a.qa,,NO_SITE
a.re,,NO_SITE
a.ro,http://a.ro,NONE
a.rs,,NO_SITE
a.ru,,NO_SITE
a.rw,,NO_SITE
a.sa,,NO_SITE
a.sb,https://a.sb,NONE
a.sc,,NO_SITE
a.sd,,NO_SITE
a.se,,NO_SITE
a.sg,http://a.sg,NONE
a.sh,http://a.sh,NONE
a.si,,NO_SITE
a.sj,,NO_SITE
a.sk,https://a.sk,NONE
a.sl,,NO_SITE
a.sm,,NO_SITE
a.sn,,NO_SITE
a.so,,NO_SITE
a.sr,,NO_SITE
a.ss,,NO_SITE
a.st,https://a.st,NONE
a.su,,NO_SITE
a.sv,https://a.sv,NO_TEXT
a.sx,http://a.sx,NONE
a.sy,,NO_SITE
a.sz,,NO_SITE
a.tc,,NO_SITE
a.td,https://a.td,NONE
a.tf,,NO_SITE
a.tg,,NO_SITE
a.th,,NO_SITE
a.tj,,NO_SITE
a.tk,,NO_SITE
a.tl,,NO_SITE
a.tm,http://a.tm,NONE
a.tn,,NO_SITE
a.to,http://a.to,NONE
a.tp,,NO_SITE
a.tr,,NO_SITE
a.tt,,NO_SITE
a.tv,https://a.tv,NONE
a.tw,,NO_SITE
a.tz,,NO_SITE
a.ua,https://a.ua,NONE
a.ug,,NO_SITE
a.uk,,NO_SITE
a.um,,NO_SITE
a.us,,NO_SITE
a.uy,https://a.uy,NONE
a.uz,,NO_SITE
a.va,,NO_SITE
a.vc,,NO_SITE
a.ve,,NO_SITE
a.vg,https://a.vg,NONE
a.vi,,NO_SITE
a.vn,,NO_SITE
a.vu,,NO_SITE
a.wf,,NO_SITE
a.ws,http://a.ws,NONE
a.ye,,NO_SITE
a.yt,,NO_SITE
a.za,,NO_SITE
a.zm,,NO_SITE
a.zw,,NO_SITE
b.ac,,NO_SITE
b.ad,,NO_SITE
b.ae,,NO_SITE
b.af,https://b.af,NONE
b.ag,,NO_SITE
b.ai,http://b.ai,NONE
b.al,,NO_SITE
b.am,,NO_SITE
b.an,,NO_SITE
b.ao,,NO_SITE
b.aq,,NO_SITE
b.ar,,NO_SITE
b.as,,NO_SITE
b.at,,NO_SITE
b.au,,NO_SITE
b.aw,,NO_SITE
b.ax,,NO_SITE
b.az,,NO_SITE
b.ba,,NO_SITE
b.bb,,NO_SITE
b.bd,,NO_SITE
b.be,,NO_SITE
b.bf,,NO_SITE
b.bg,,NO_SITE
b.bh,,NO_SITE
b.bi,,NO_SITE
b.bj,,NO_SITE
b.bm,,NO_SITE
b.bn,,NO_SITE
b.bo,https://b.bo,NONE
b.br,,NO_SITE
b.bs,,NO_SITE
b.bt,,NO_SITE
b.bv,,NO_SITE
b.bw,http://b.bw,NONE
b.by,,NO_SITE
b.bz,,NO_SITE
b.ca,,NO_SITE
b.cc,https://b.cc,NONE
b.cd,,NO_SITE
b.cf,,NO_SITE
b.cg,http://b.cg,NONE
b.ch,,NO_SITE
b.ci,,NO_SITE
b.ck,,NO_SITE
b.cl,,NO_SITE
b.cm,,NO_SITE
b.cn,http://b.cn,NONE
b.co,https://b.co,NONE
b.cr,,NO_SITE
b.cu,,NO_SITE
b.cv,,NO_SITE
b.cw,,NO_SITE
b.cx,,NO_SITE
b.cy,,NO_SITE
b.cz,https://b.cz,NONE
b.de,,NO_SITE
b.dj,,NO_SITE
b.dk,https://b.dk,NONE
b.dm,,NO_SITE
b.do,,NO_SITE
b.dz,,NO_SITE
b.ec,,NO_SITE
b.ee,https://b.ee,NONE
b.eg,,NO_SITE
b.er,,NO_SITE
b.es,,NO_SITE
b.et,https://b.et,NONE
b.eu,,NO_SITE
b.fi,,NO_SITE
b.fj,,NO_SITE
b.fk,,NO_SITE
b.fm,https://b.fm,NONE
b.fo,https://b.fo,NONE
b.fr,,NO_SITE
b.ga,,NO_SITE
b.gb,,NO_SITE
b.gd,https://b.gd,NONE
b.ge,,NO_SITE
b.gf,,NO_SITE
b.gg,http://b.gg,NONE
b.gh,,NO_SITE
b.gi,,NO_SITE
b.gl,,NO_SITE
b.gm,,NO_SITE
b.gn,,NO_SITE
b.gp,,NO_SITE
b.gq,,NO_SITE
b.gr,,NO_SITE
b.gs,https://b.gs,NO_TEXT
b.gt,https://b.gt,NO_TEXT
b.gu,,NO_SITE
b.gw,,NO_SITE
b.gy,,NO_SITE
b.hk,,NO_SITE
b.hm,http://b.hm,NONE
b.hn,,NO_SITE
b.hr,,NO_SITE
b.ht,https://b.ht,NONE
b.hu,,NO_SITE
b.id,,NO_SITE
b.ie,,NO_SITE
b.il,,NO_SITE
b.im,,NO_SITE
b.in,,NO_SITE
b.io,https://b.io,NONE
b.iq,,NO_SITE
b.ir,,NO_SITE
b.is,https://b.is,NONE
b.it,,NO_SITE
b.je,,NO_SITE
b.jm,,NO_SITE
b.jo,,NO_SITE
b.jp,,NO_SITE
b.ke,https://b.ke,NONE
b.kg,http://b.kg,NONE
b.kh,,NO_SITE
b.ki,,NO_SITE
b.km,,NO_SITE
b.kn,,NO_SITE
b.kp,,NO_SITE
b.kr,,NO_SITE
b.kw,,NO_SITE
b.ky,,NO_SITE
b.kz,https://b.kz,NONE
b.la,,NO_SITE
b.lb,,NO_SITE
b.lc,,NO_SITE
b.li,,NO_SITE
b.lk,,NO_SITE
b.lr,,NO_SITE
b.ls,,NO_SITE
b.lt,,NO_SITE
b.lu,,NO_SITE
b.lv,,NO_SITE
b.ly,,NO_SITE
b.ma,,NO_SITE
b.mc,,NO_SITE
b.md,,NO_SITE
b.me,http://b.me,NONE
b.mf,,NO_SITE
b.mg,,NO_SITE
b.mh,,NO_SITE
b.mk,http://b.mk,NONE
b.ml,https://b.ml,80000
b.mm,,NO_SITE
b.mn,,NO_SITE
b.mo,,NO_SITE
b.mp,,NO_SITE
b.mq,,NO_SITE
b.mr,http://b.mr,NONE
b.ms,,NO_SITE
b.mt,,NO_SITE
b.mu,,NO_SITE
b.mv,,NO_SITE
b.mw,,NO_SITE
b.mx,,NO_SITE
b.my,https://b.my,NONE
b.mz,,NO_SITE
b.na,,NO_SITE
b.nc,,NO_SITE
b.ne,,NO_SITE
b.nf,https://b.nf,NONE
b.ng,,NO_SITE
b.ni,,NO_SITE
b.nl,,NO_SITE
b.no,,NO_SITE
b.np,,NO_SITE
b.nr,,NO_SITE
b.nu,,NO_SITE
b.nz,,NO_SITE
b.om,,NO_SITE
b.pa,,NO_SITE
b.pe,https://b.pe,NO_TEXT
b.pf,,NO_SITE
b.pg,,NO_SITE
b.ph,http://b.ph,NO_TEXT
b.pk,,NO_SITE
b.pl,https://b.pl,NONE
b.pm,,NO_SITE
b.pn,http://b.pn,NONE
b.pr,,NO_SITE
b.ps,,NO_SITE
b.pt,,NO_SITE
b.pw,,NO_SITE
b.py,,NO_SITE
b.qa,,NO_SITE
b.re,,NO_SITE
b.ro,http://b.ro,NONE
b.rs,,NO_SITE
b.ru,,NO_SITE
b.rw,,NO_SITE
b.sa,,NO_SITE
b.sb,https://b.sb,NONE
b.sc,https://b.sc,NONE
b.sd,,NO_SITE
b.se,,NO_SITE
b.sg,https://b.sg,NONE
b.sh,https://b.sh,NONE
b.si,,NO_SITE
b.sj,,NO_SITE
b.sk,https://b.sk,NONE
b.sl,,NO_SITE
b.sm,,NO_SITE
b.sn,,NO_SITE
b.so,,NO_SITE
b.sr,,NO_SITE
b.ss,,NO_SITE
b.st,http://b.st,NONE
b.su,,NO_SITE
b.sv,,NO_SITE
b.sx,,NO_SITE
b.sy,,NO_SITE
b.sz,,NO_SITE
b.tc,https://b.tc,NONE
b.td,https://b.td,NONE
b.tf,,NO_SITE
b.tg,,NO_SITE
b.th,,NO_SITE
b.tj,,NO_SITE
b.tk,,NO_SITE
b.tl,,NO_SITE
b.tm,http://b.tm,NONE
b.tn,,NO_SITE
b.to,,NO_SITE
b.tp,,NO_SITE
b.tr,,NO_SITE
b.tt,http://b.tt,NONE
b.tv,,NO_SITE
b.tw,,NO_SITE
b.tz,,NO_SITE
b.ua,https://b.ua,NONE
b.ug,,NO_SITE
b.uk,,NO_SITE
b.um,,NO_SITE
b.us,,NO_SITE
b.uy,,NO_SITE
b.uz,,NO_SITE
b.va,,NO_SITE
b.vc,,NO_SITE
b.ve,,NO_SITE
b.vg,https://b.vg,NO_TEXT
b.vi,,NO_SITE
b.vn,,NO_SITE
b.vu,http://b.vu,NONE
b.wf,,NO_SITE
b.ws,http://b.ws,NONE
b.ye,,NO_SITE
b.yt,,NO_SITE
b.za,,NO_SITE
b.zm,,NO_SITE
b.zw,,NO_SITE
c.ac,https://c.ac,NONE
c.ad,,NO_SITE
c.ae,,NO_SITE
c.af,https://c.af,NONE
c.ag,,NO_SITE
c.ai,https://c.ai,NONE
c.al,,NO_SITE
c.am,https://c.am,NONE
c.an,,NO_SITE
c.ao,,NO_SITE
c.aq,,NO_SITE
c.ar,,NO_SITE
c.as,,NO_SITE
c.at,,NO_SITE
c.au,,NO_SITE
c.aw,,NO_SITE
c.ax,,NO_SITE
c.az,,NO_SITE
c.ba,,NO_SITE
c.bb,,NO_SITE
c.bd,,NO_SITE
c.be,,NO_SITE
c.bf,,NO_SITE
c.bg,,NO_SITE
c.bh,,NO_SITE
c.bi,,NO_SITE
c.bj,,NO_SITE
c.bm,,NO_SITE
c.bn,,NO_SITE
c.bo,https://c.bo,NONE
c.br,,NO_SITE
c.bs,,NO_SITE
c.bt,,NO_SITE
c.bv,,NO_SITE
c.bw,http://c.bw,NONE
c.by,,NO_SITE
c.bz,,NO_SITE
c.ca,,NO_SITE
c.cc,https://c.cc,NONE
c.cd,,NO_SITE
c.cf,,NO_SITE
c.cg,http://c.cg,NONE
c.ch,,NO_SITE
c.ci,,NO_SITE
c.ck,,NO_SITE
c.cl,,NO_SITE
c.cm,https://c.cm,270000
c.cn,http://c.cn,NONE
c.co,https://c.co,NONE
c.cr,,NO_SITE
c.cu,,NO_SITE
c.cv,https://c.cv,NONE
c.cw,,NO_SITE
c.cx,,NO_SITE
c.cy,,NO_SITE
c.cz,http://c.cz,NONE
c.de,,NO_SITE
c.dj,,NO_SITE
c.dk,https://c.dk,NONE
c.dm,,NO_SITE
c.do,,NO_SITE
c.dz,,NO_SITE
c.ec,,NO_SITE
c.ee,,NO_SITE
c.eg,,NO_SITE
c.er,,NO_SITE
c.es,,NO_SITE
c.et,http://c.et,NONE
c.eu,,NO_SITE
c.fi,,NO_SITE
c.fj,,NO_SITE
c.fk,,NO_SITE
c.fm,,NO_SITE
c.fo,,NO_SITE
c.fr,,NO_SITE
c.ga,,NO_SITE
c.gb,,NO_SITE
c.gd,,NO_SITE
c.ge,,NO_SITE
c.gf,,NO_SITE
c.gg,http://c.gg,NONE
c.gh,,NO_SITE
c.gi,,NO_SITE
c.gl,,NO_SITE
c.gm,,NO_SITE
c.gn,,NO_SITE
c.gp,https://c.gp,NONE
c.gq,,NO_SITE
c.gr,,NO_SITE
c.gs,https://c.gs,NO_TEXT
c.gt,https://c.gt,NONE
c.gu,,NO_SITE
c.gw,,NO_SITE
c.gy,,NO_SITE
c.hk,,NO_SITE
c.hm,https://c.hm,NONE
c.hn,,NO_SITE
c.hr,http://c.hr,NONE
c.ht,,NO_SITE
c.hu,,NO_SITE
c.id,,NO_SITE
c.ie,,NO_SITE
c.il,,NO_SITE
c.im,https://c.im,NONE
c.in,,NO_SITE
c.io,https://c.io,NO_TEXT
c.iq,,NO_SITE
c.ir,,NO_SITE
c.is,,NO_SITE
c.it,,NO_SITE
c.je,http://c.je,NONE
c.jm,,NO_SITE
c.jo,,NO_SITE
c.jp,,NO_SITE
c.ke,https://c.ke,NONE
c.kg,http://c.kg,NONE
c.kh,,NO_SITE
c.ki,https://c.ki,NONE
c.km,,NO_SITE
c.kn,,NO_SITE
c.kp,,NO_SITE
c.kr,,NO_SITE
c.kw,,NO_SITE
c.ky,,NO_SITE
c.kz,https://c.kz,NONE
c.la,http://c.la,9999
c.lb,,NO_SITE
c.lc,,NO_SITE
c.li,,NO_SITE
c.lk,,NO_SITE
c.lr,,NO_SITE
c.ls,,NO_SITE
c.lt,,NO_SITE
c.lu,https://c.lu,NONE
c.lv,,NO_SITE
c.ly,https://c.ly,NONE
c.ma,,NO_SITE
c.mc,,NO_SITE
c.md,,NO_SITE
c.me,https://c.me,NONE
c.mf,,NO_SITE
c.mg,,NO_SITE
c.mh,,NO_SITE
c.mk,,NO_SITE
c.ml,,NO_SITE
c.mm,,NO_SITE
c.mn,,NO_SITE
c.mo,,NO_SITE
c.mp,,NO_SITE
c.mq,,NO_SITE
c.mr,https://c.mr,NONE
c.ms,,NO_SITE
c.mt,,NO_SITE
c.mu,,NO_SITE
c.mv,,NO_SITE
c.mw,http://c.mw,NONE
c.mx,,NO_SITE
c.my,https://c.my,NONE
c.mz,,NO_SITE
c.na,,NO_SITE
c.nc,,NO_SITE
c.ne,,NO_SITE
c.nf,https://c.nf,NONE
c.ng,,NO_SITE
c.ni,,NO_SITE
c.nl,,NO_SITE
c.no,,NO_SITE
c.np,,NO_SITE
c.nr,,NO_SITE
c.nu,https://c.nu,NONE
c.nz,https://c.nz,NO_TEXT
c.om,,NO_SITE
c.pa,,NO_SITE
c.pe,https://c.pe,NO_TEXT
c.pf,,NO_SITE
c.pg,,NO_SITE
c.ph,http://c.ph,NO_TEXT
c.pk,,NO_SITE
c.pl,,NO_SITE
c.pm,,NO_SITE
c.pn,,NO_SITE
c.pr,,NO_SITE
c.ps,,NO_SITE
c.pt,,NO_SITE
c.pw,,NO_SITE
c.py,,NO_SITE
c.qa,,NO_SITE
c.re,,NO_SITE
c.ro,,NO_SITE
c.rs,,NO_SITE
c.ru,,NO_SITE
c.rw,,NO_SITE
c.sa,,NO_SITE
c.sb,https://c.sb,NO_TEXT
c.sc,https://c.sc,NONE
c.sd,,NO_SITE
c.se,,NO_SITE
c.sg,http://c.sg,NONE
c.sh,http://c.sh,NONE
c.si,,NO_SITE
c.sj,,NO_SITE
c.sk,https://c.sk,NONE
c.sl,,NO_SITE
c.sm,,NO_SITE
c.sn,,NO_SITE
c.so,,NO_SITE
c.sr,,NO_SITE
c.ss,,NO_SITE
c.st,https://c.st,NONE
c.su,,NO_SITE
c.sv,https://c.sv,NONE
c.sx,,NO_SITE
c.sy,,NO_SITE
c.sz,,NO_SITE
c.tc,,NO_SITE
c.td,http://c.td,1.5
c.tf,,NO_SITE
c.tg,,NO_SITE
c.th,,NO_SITE
c.tj,http://c.tj,NONE
c.tk,,NO_SITE
c.tl,,NO_SITE
c.tm,http://c.tm,NONE
c.tn,,NO_SITE
c.to,,NO_SITE
c.tp,,NO_SITE
c.tr,,NO_SITE
c.tt,,NO_SITE
c.tv,https://c.tv,NONE
c.tw,,NO_SITE
c.tz,,NO_SITE
c.ua,https://c.ua,NONE
c.ug,,NO_SITE
c.uk,https://c.uk,NONE
c.um,,NO_SITE
c.us,,NO_SITE
c.uy,,NO_SITE
c.uz,,NO_SITE
c.va,,NO_SITE
c.vc,,NO_SITE
c.ve,,NO_SITE
c.vg,https://c.vg,NONE
c.vi,,NO_SITE
c.vn,,NO_SITE
c.vu,https://c.vu,NONE
c.wf,,NO_SITE
c.ws,http://c.ws,NONE
c.ye,,NO_SITE
c.yt,,NO_SITE
c.za,,NO_SITE
c.zm,,NO_SITE
c.zw,,NO_SITE
d.ac,https://d.ac,NONE
d.ad,,NO_SITE
d.ae,,NO_SITE
d.af,http://d.af,NONE
d.ag,,NO_SITE
d.ai,,NO_SITE
d.al,,NO_SITE
d.am,https://d.am,199999
d.an,,NO_SITE
d.ao,,NO_SITE
d.aq,,NO_SITE
d.ar,https://d.ar,NONE
d.as,,NO_SITE
d.at,https://d.at,NONE
d.au,,NO_SITE
d.aw,,NO_SITE
d.ax,,NO_SITE
d.az,,NO_SITE
d.ba,,NO_SITE
d.bb,,NO_SITE
d.bd,,NO_SITE
d.be,,NO_SITE
d.bf,,NO_SITE
d.bg,,NO_SITE
d.bh,,NO_SITE
d.bi,,NO_SITE
d.bj,,NO_SITE
d.bm,,NO_SITE
d.bn,,NO_SITE
d.bo,https://d.bo,NONE
d.br,,NO_SITE
d.bs,,NO_SITE
d.bt,,NO_SITE
d.bv,,NO_SITE
d.bw,http://d.bw,45
d.by,,NO_SITE
d.bz,https://d.bz,NONE
d.ca,,NO_SITE
d.cc,https://d.cc,NONE
d.cd,,NO_SITE
d.cf,,NO_SITE
d.cg,http://d.cg,NONE
d.ch,,NO_SITE
d.ci,,NO_SITE
d.ck,,NO_SITE
d.cl,https://d.cl,10000
d.cm,http://d.cm,NONE
d.cn,https://d.cn,NONE
d.co,https://d.co,NO_TEXT
d.cr,https://d.cr,NONE
d.cu,,NO_SITE
d.cv,http://d.cv,NONE
d.cw,,NO_SITE
d.cx,https://d.cx,NO_TEXT
d.cy,,NO_SITE
d.cz,,NO_SITE
d.de,http://d.de,NONE
d.dj,,NO_SITE
d.dk,https://d.dk,NONE
d.dm,,NO_SITE
d.do,,NO_SITE
d.dz,,NO_SITE
d.ec,,NO_SITE
d.ee,,NO_SITE
d.eg,,NO_SITE
d.er,,NO_SITE
d.es,,NO_SITE
d.et,,NO_SITE
d.eu,,NO_SITE
d.fi,,NO_SITE
d.fj,,NO_SITE
d.fk,,NO_SITE
d.fm,,NO_SITE
d.fo,https://d.fo,NONE
d.fr,https://d.fr,NONE
d.ga,,NO_SITE
d.gb,,NO_SITE
d.gd,,NO_SITE
d.ge,,NO_SITE
d.gf,,NO_SITE
d.gg,,NO_SITE
d.gh,,NO_SITE
d.gi,,NO_SITE
d.gl,,NO_SITE
d.gm,,NO_SITE
d.gn,,NO_SITE
d.gp,,NO_SITE
d.gq,,NO_SITE
d.gr,,NO_SITE
d.gs,https://d.gs,NONE
d.gt,,NO_SITE
d.gu,,NO_SITE
d.gw,,NO_SITE
d.gy,https://d.gy,NONE
d.hk,,NO_SITE
d.hm,http://d.hm,NONE
d.hn,,NO_SITE
d.hr,http://d.hr,NONE
d.ht,,NO_SITE
d.hu,,NO_SITE
d.id,https://d.id,NONE
d.ie,http://d.ie,NONE
d.il,,NO_SITE
d.im,,NO_SITE
d.in,,NO_SITE
d.io,https://d.io,NONE
d.iq,,NO_SITE
d.ir,,NO_SITE
d.is,,NO_SITE
d.it,,NO_SITE
d.je,https://d.je,NONE
d.jm,,NO_SITE
d.jo,,NO_SITE
d.jp,,NO_SITE
d.ke,https://d.ke,NO_TEXT
d.kg,http://d.kg,NONE
d.kh,,NO_SITE
d.ki,,NO_SITE
d.km,,NO_SITE
d.kn,,NO_SITE
d.kp,,NO_SITE
d.kr,,NO_SITE
d.kw,,NO_SITE
d.ky,,NO_SITE
d.kz,,NO_SITE
d.la,,NO_SITE
d.lb,,NO_SITE
d.lc,,NO_SITE
d.li,,NO_SITE
d.lk,,NO_SITE
d.lr,,NO_SITE
d.ls,https://d.ls,NONE
d.lt,,NO_SITE
d.lu,http://d.lu,NONE
d.lv,,NO_SITE
d.ly,https://d.ly,NONE
d.ma,,NO_SITE
d.mc,,NO_SITE
d.md,https://d.md,NONE
d.me,,NO_SITE
d.mf,,NO_SITE
d.mg,,NO_SITE
d.mh,,NO_SITE
d.mk,http://d.mk,NONE
d.ml,https://d.ml,NO_TEXT
d.mm,,NO_SITE
d.mn,,NO_SITE
d.mo,,NO_SITE
d.mp,,NO_SITE
d.mq,,NO_SITE
d.mr,,NO_SITE
d.ms,,NO_SITE
d.mt,https://d.mt,NONE
d.mu,,NO_SITE
d.mv,,NO_SITE
d.mw,http://d.mw,NONE
d.mx,,NO_SITE
d.my,https://d.my,0.0003
d.mz,,NO_SITE
d.na,https://d.na,NONE
d.nc,,NO_SITE
d.ne,,NO_SITE
d.nf,https://d.nf,15.99
d.ng,,NO_SITE
d.ni,,NO_SITE
d.nl,,NO_SITE
d.no,,NO_SITE
d.np,,NO_SITE
d.nr,https://d.nr,NONE
d.nu,,NO_SITE
d.nz,https://d.nz,NONE
d.om,,NO_SITE
d.pa,,NO_SITE
d.pe,https://d.pe,NO_TEXT
d.pf,,NO_SITE
d.pg,,NO_SITE
d.ph,http://d.ph,NO_TEXT
d.pk,,NO_SITE
d.pl,http://d.pl,NONE
d.pm,,NO_SITE
d.pn,https://d.pn,NONE
d.pr,https://d.pr,NONE
d.ps,,NO_SITE
d.pt,,NO_SITE
d.pw,,NO_SITE
d.py,,NO_SITE
d.qa,,NO_SITE
d.re,,NO_SITE
d.ro,http://d.ro,NONE
d.rs,,NO_SITE
d.ru,,NO_SITE
d.rw,,NO_SITE
d.sa,,NO_SITE
d.sb,https://d.sb,NONE
d.sc,http://d.sc,NO_TEXT
d.sd,,NO_SITE
d.se,,NO_SITE
d.sg,,NO_SITE
d.sh,https://d.sh,NONE
d.si,,NO_SITE
d.sj,,NO_SITE
d.sk,,NO_SITE
d.sl,https://d.sl,NONE
d.sm,,NO_SITE
d.sn,,NO_SITE
d.so,,NO_SITE
d.sr,,NO_SITE
d.ss,,NO_SITE
d.st,https://d.st,NONE
d.su,,NO_SITE
d.sv,http://d.sv,NONE
d.sx,,NO_SITE
d.sy,,NO_SITE
d.sz,,NO_SITE
d.tc,,NO_SITE
d.td,,NO_SITE
d.tf,,NO_SITE
d.tg,,NO_SITE
d.th,,NO_SITE
d.tj,,NO_SITE
d.tk,,NO_SITE
d.tl,https://d.tl,NO_TEXT
d.tm,http://d.tm,NONE
d.tn,,NO_SITE
d.to,https://d.to,NONE
d.tp,,NO_SITE
d.tr,,NO_SITE
d.tt,,NO_SITE
d.tv,,NO_SITE
d.tw,,NO_SITE
d.tz,,NO_SITE
d.ua,,NO_SITE
d.ug,,NO_SITE
d.uk,,NO_SITE
d.um,,NO_SITE
d.us,,NO_SITE
d.uy,,NO_SITE
d.uz,,NO_SITE
d.va,,NO_SITE
d.vc,,NO_SITE
d.ve,,NO_SITE
d.vg,https://d.vg,NO_TEXT
d.vi,,NO_SITE
d.vn,,NO_SITE
d.vu,http://d.vu,1.5
d.wf,,NO_SITE
d.ws,http://d.ws,NONE
d.ye,,NO_SITE
d.yt,,NO_SITE
d.za,,NO_SITE
d.zm,,NO_SITE
d.zw,,NO_SITE
e.ac,http://e.ac,NONE
e.ad,,NO_SITE
e.ae,,NO_SITE
e.af,https://e.af,NONE
e.ag,,NO_SITE
e.ai,https://e.ai,NONE
e.al,,NO_SITE
e.am,https://e.am,NONE
e.an,,NO_SITE
e.ao,,NO_SITE
e.aq,,NO_SITE
e.ar,https://e.ar,NONE
e.as,,NO_SITE
e.at,https://e.at,NONE
e.au,,NO_SITE
e.aw,,NO_SITE
e.ax,,NO_SITE
e.az,,NO_SITE
e.ba,,NO_SITE
e.bb,,NO_SITE
e.bd,,NO_SITE
e.be,,NO_SITE
e.bf,,NO_SITE
e.bg,,NO_SITE
e.bh,,NO_SITE
e.bi,,NO_SITE
e.bj,,NO_SITE
e.bm,,NO_SITE
e.bn,,NO_SITE
e.bo,https://e.bo,NONE
e.br,,NO_SITE
e.bs,,NO_SITE
e.bt,,NO_SITE
e.bv,,NO_SITE
e.bw,http://e.bw,NONE
e.by,,NO_SITE
e.bz,,NO_SITE
e.ca,,NO_SITE
e.cc,http://e.cc,NO_TEXT
e.cd,,NO_SITE
e.cf,,NO_SITE
e.cg,http://e.cg,NONE
e.ch,,NO_SITE
e.ci,,NO_SITE
e.ck,,NO_SITE
e.cl,,NO_SITE
e.cm,http://e.cm,NONE
e.cn,,NO_SITE
e.co,,NO_SITE
e.cr,https://e.cr,NONE
e.cu,,NO_SITE
e.cv,https://e.cv,95000
e.cw,,NO_SITE
e.cx,,NO_SITE
e.cy,,NO_SITE
e.cz,https://e.cz,NONE
e.de,https://e.de,NONE
e.dj,,NO_SITE
e.dk,https://e.dk,NONE
e.dm,,NO_SITE
e.do,,NO_SITE
e.dz,,NO_SITE
e.ec,,NO_SITE
e.ee,,NO_SITE
e.eg,,NO_SITE
e.er,,NO_SITE
e.es,,NO_SITE
e.et,,NO_SITE
e.eu,,NO_SITE
e.fi,,NO_SITE
e.fj,,NO_SITE
e.fk,,NO_SITE
e.fm,,NO_SITE
e.fo,https://e.fo,NONE
e.fr,http://e.fr,NONE
e.ga,,NO_SITE
e.gb,,NO_SITE
e.gd,,NO_SITE
e.ge,,NO_SITE
e.gf,,NO_SITE
e.gg,,NO_SITE
e.gh,,NO_SITE
e.gi,,NO_SITE
e.gl,https://e.gl,NONE
e.gm,,NO_SITE
e.gn,,NO_SITE
e.gp,,NO_SITE
e.gq,,NO_SITE
e.gr,,NO_SITE
e.gs,https://e.gs,NO_TEXT
e.gt,https://e.gt,21500
e.gu,,NO_SITE
e.gw,,NO_SITE
e.gy,https://e.gy,18000
e.hk,,NO_SITE
e.hm,https://e.hm,NONE
e.hn,,NO_SITE
e.hr,https://e.hr,100000
e.ht,http://e.ht,200
e.hu,,NO_SITE
e.id,https://e.id,NO_TEXT
e.ie,,NO_SITE
e.il,,NO_SITE
e.im,https://e.im,NONE
e.in,,NO_SITE
e.io,https://e.io,NO_TEXT
e.iq,,NO_SITE
e.ir,,NO_SITE
e.is,,NO_SITE
e.it,,NO_SITE
e.je,,NO_SITE
e.jm,,NO_SITE
e.jo,,NO_SITE
e.jp,,NO_SITE
e.ke,,NO_SITE
e.kg,http://e.kg,NONE
e.kh,,NO_SITE
e.ki,,NO_SITE
e.km,,NO_SITE
e.kn,,NO_SITE
e.kp,,NO_SITE
e.kr,,NO_SITE
e.kw,,NO_SITE
e.ky,,NO_SITE
e.kz,https://e.kz,NONE
e.la,,NO_SITE
e.lb,,NO_SITE
e.lc,,NO_SITE
e.li,,NO_SITE
e.lk,,NO_SITE
e.lr,,NO_SITE
e.ls,,NO_SITE
e.lt,,NO_SITE
e.lu,https://e.lu,NONE
e.lv,,NO_SITE
e.ly,https://e.ly,NO_TEXT
e.ma,,NO_SITE
e.mc,,NO_SITE
e.md,,NO_SITE
e.me,https://e.me,NONE
e.mf,,NO_SITE
e.mg,,NO_SITE
e.mh,,NO_SITE
e.mk,http://e.mk,NONE
e.ml,https://e.ml,NO_TEXT
e.mm,,NO_SITE
e.mn,,NO_SITE
e.mo,,NO_SITE
e.mp,,NO_SITE
e.mq,,NO_SITE
e.mr,https://e.mr,NONE
e.ms,,NO_SITE
e.mt,,NO_SITE
e.mu,,NO_SITE
e.mv,,NO_SITE
e.mw,http://e.mw,NONE
e.mx,,NO_SITE
e.my,https://e.my,NONE
e.mz,,NO_SITE
e.na,,NO_SITE
e.nc,,NO_SITE
e.ne,,NO_SITE
e.nf,http://e.nf,NONE
e.ng,,NO_SITE
e.ni,,NO_SITE
e.nl,,NO_SITE
e.no,,NO_SITE
e.np,,NO_SITE
e.nr,,NO_SITE
e.nu,,NO_SITE
e.nz,,NO_SITE
e.om,,NO_SITE
e.pa,,NO_SITE
e.pe,https://e.pe,NONE
e.pf,,NO_SITE
e.pg,,NO_SITE
e.ph,http://e.ph,NO_TEXT
e.pk,,NO_SITE
e.pl,http://e.pl,NONE
e.pm,,NO_SITE
e.pn,https://e.pn,1000
e.pr,,NO_SITE
e.ps,,NO_SITE
e.pt,,NO_SITE
e.pw,,NO_SITE
e.py,,NO_SITE
e.qa,,NO_SITE
e.re,,NO_SITE
e.ro,http://e.ro,NONE
e.rs,,NO_SITE
e.ru,,NO_SITE
e.rw,https://e.rw,NONE
e.sa,,NO_SITE
e.sb,,NO_SITE
e.sc,https://e.sc,NONE
e.sd,,NO_SITE
e.se,,NO_SITE
e.sg,https://e.sg,NONE
e.sh,http://e.sh,NONE
e.si,,NO_SITE
e.sj,,NO_SITE
e.sk,https://e.sk,NONE
e.sl,,NO_SITE
e.sm,,NO_SITE
e.sn,,NO_SITE
e.so,,NO_SITE
e.sr,,NO_SITE
e.ss,,NO_SITE
e.st,,NO_SITE
e.su,,NO_SITE
e.sv,https://e.sv,NO_TEXT
e.sx,,NO_SITE
e.sy,,NO_SITE
e.sz,,NO_SITE
e.tc,,NO_SITE
e.td,,NO_SITE
e.tf,,NO_SITE
e.tg,,NO_SITE
e.th,,NO_SITE
e.tj,,NO_SITE
e.tk,,NO_SITE
e.tl,http://e.tl,NONE
e.tm,http://e.tm,NONE
e.tn,,NO_SITE
e.to,https://e.to,NO_TEXT
e.tp,,NO_SITE
e.tr,,NO_SITE
e.tt,,NO_SITE
e.tv,,NO_SITE
e.tw,,NO_SITE
e.tz,,NO_SITE
e.ua,,NO_SITE
e.ug,,NO_SITE
e.uk,https://e.uk,NONE
e.um,,NO_SITE
e.us,,NO_SITE
e.uy,,NO_SITE
e.uz,,NO_SITE
e.va,,NO_SITE
e.vc,,NO_SITE
e.ve,,NO_SITE
e.vg,https://e.vg,NONE
e.vi,,NO_SITE
e.vn,,NO_SITE
e.vu,https://e.vu,NONE
e.wf,,NO_SITE
e.ws,http://e.ws,NONE
e.ye,,NO_SITE
e.yt,,NO_SITE
e.za,,NO_SITE
e.zm,,NO_SITE
e.zw,,NO_SITE
f.ac,http://f.ac,NONE
f.ad,,NO_SITE
f.ae,,NO_SITE
f.af,https://f.af,NONE
f.ag,http://f.ag,NONE
f.ai,https://f.ai,NO_TEXT
f.al,,NO_SITE
f.am,https://f.am,NONE
f.an,,NO_SITE
f.ao,,NO_SITE
f.aq,,NO_SITE
f.ar,,NO_SITE
f.as,,NO_SITE
f.at,http://f.at,NONE
f.au,,NO_SITE
f.aw,,NO_SITE
f.ax,,NO_SITE
f.az,,NO_SITE
f.ba,,NO_SITE
f.bb,,NO_SITE
f.bd,,NO_SITE
f.be,,NO_SITE
f.bf,,NO_SITE
f.bg,,NO_SITE
f.bh,,NO_SITE
f.bi,https://f.bi,NONE
f.bj,,NO_SITE
f.bm,,NO_SITE
f.bn,,NO_SITE
f.bo,https://f.bo,NONE
f.br,,NO_SITE
f.bs,,NO_SITE
f.bt,,NO_SITE
f.bv,,NO_SITE
f.bw,https://f.bw,NONE
f.by,,NO_SITE
f.bz,,NO_SITE
f.ca,,NO_SITE
f.cc,,NO_SITE
f.cd,https://f.cd,NONE
f.cf,,NO_SITE
f.cg,,NO_SITE
f.ch,,NO_SITE
f.ci,,NO_SITE
f.ck,,NO_SITE
f.cl,https://f.cl,NONE
f.cm,https://f.cm,NO_TEXT
f.cn,,NO_SITE
f.co,https://f.co,NONE
f.cr,https://f.cr,NONE
f.cu,,NO_SITE
f.cv,,NO_SITE
f.cw,,NO_SITE
f.cx,http://f.cx,NONE
f.cy,,NO_SITE
f.cz,https://f.cz,NONE
f.de,,NO_SITE
f.dj,,NO_SITE
f.dk,http://f.dk,94995
f.dm,https://f.dm,NONE
f.do,,NO_SITE
f.dz,,NO_SITE
f.ec,,NO_SITE
f.ee,,NO_SITE
f.eg,,NO_SITE
f.er,,NO_SITE
f.es,,NO_SITE
f.et,,NO_SITE
f.eu,,NO_SITE
f.fi,,NO_SITE
f.fj,,NO_SITE
f.fk,,NO_SITE
f.fm,https://f.fm,NONE
f.fo,https://f.fo,NONE
f.fr,,NO_SITE
f.ga,,NO_SITE
f.gb,,NO_SITE
f.gd,,NO_SITE
f.ge,,NO_SITE
f.gf,,NO_SITE
f.gg,https://f.gg,NONE
f.gh,,NO_SITE
f.gi,,NO_SITE
f.gl,,NO_SITE
f.gm,,NO_SITE
f.gn,,NO_SITE
f.gp,https://f.gp,NO_TEXT
f.gq,,NO_SITE
f.gr,,NO_SITE
f.gs,https://f.gs,NO_TEXT
f.gt,https://f.gt,NONE
f.gu,,NO_SITE
f.gw,,NO_SITE
f.gy,,NO_SITE
f.hk,,NO_SITE
f.hm,,NO_SITE
f.hn,https://f.hn,12000
f.hr,,NO_SITE
f.ht,https://f.ht,NONE
f.hu,,NO_SITE
f.id,,NO_SITE
f.ie,,NO_SITE
f.il,,NO_SITE
f.im,https://f.im,NONE
f.in,,NO_SITE
f.io,,NO_SITE
f.iq,,NO_SITE
f.ir,,NO_SITE
f.is,,NO_SITE
f.it,,NO_SITE
f.je,http://f.je,NONE
f.jm,,NO_SITE
f.jo,,NO_SITE
f.jp,,NO_SITE
f.ke,https://f.ke,NONE
f.kg,http://f.kg,NONE
f.kh,,NO_SITE
f.ki,,NO_SITE
f.km,,NO_SITE
f.kn,,NO_SITE
f.kp,,NO_SITE
f.kr,,NO_SITE
f.kw,,NO_SITE
f.ky,,NO_SITE
f.kz,https://f.kz,NONE
f.la,,NO_SITE
f.lb,,NO_SITE
f.lc,,NO_SITE
f.li,,NO_SITE
f.lk,,NO_SITE
f.lr,,NO_SITE
f.ls,http://f.ls,NONE
f.lt,,NO_SITE
f.lu,https://f.lu,NONE
f.lv,,NO_SITE
f.ly,,NO_SITE
f.ma,,NO_SITE
f.mc,,NO_SITE
f.md,,NO_SITE
f.me,,NO_SITE
f.mf,,NO_SITE
f.mg,,NO_SITE
f.mh,,NO_SITE
f.mk,https://f.mk,NONE
f.ml,,NO_SITE
f.mm,,NO_SITE
f.mn,,NO_SITE
f.mo,,NO_SITE
f.mp,,NO_SITE
f.mq,,NO_SITE
f.mr,https://f.mr,NONE
f.ms,,NO_SITE
f.mt,https://f.mt,NONE
f.mu,,NO_SITE
f.mv,,NO_SITE
f.mw,http://f.mw,NONE
f.mx,,NO_SITE
f.my,,NO_SITE
f.mz,,NO_SITE
f.na,,NO_SITE
f.nc,,NO_SITE
f.ne,,NO_SITE
f.nf,http://f.nf,1.50
f.ng,,NO_SITE
f.ni,,NO_SITE
f.nl,,NO_SITE
f.no,,NO_SITE
f.np,,NO_SITE
f.nr,,NO_SITE
f.nu,,NO_SITE
f.nz,,NO_SITE
f.om,,NO_SITE
f.pa,,NO_SITE
f.pe,,NO_SITE
f.pf,,NO_SITE
f.pg,,NO_SITE
f.ph,http://f.ph,NO_TEXT
f.pk,,NO_SITE
f.pl,,NO_SITE
f.pm,,NO_SITE
f.pn,http://f.pn,NONE
f.pr,,NO_SITE
f.ps,https://f.ps,NONE
f.pt,,NO_SITE
f.pw,,NO_SITE
f.py,,NO_SITE
f.qa,,NO_SITE
f.re,,NO_SITE
f.ro,https://f.ro,NO_TEXT
f.rs,,NO_SITE
f.ru,,NO_SITE
f.rw,,NO_SITE
f.sa,,NO_SITE
f.sb,,NO_SITE
f.sc,,NO_SITE
f.sd,,NO_SITE
f.se,,NO_SITE
f.sg,,NO_SITE
f.sh,http://f.sh,NONE
f.si,,NO_SITE
f.sj,,NO_SITE
f.sk,,NO_SITE
f.sl,,NO_SITE
f.sm,,NO_SITE
f.sn,,NO_SITE
f.so,,NO_SITE
f.sr,,NO_SITE
f.ss,,NO_SITE
f.st,https://f.st,NONE
f.su,,NO_SITE
f.sv,https://f.sv,NONE
f.sx,,NO_SITE
f.sy,,NO_SITE
f.sz,,NO_SITE
f.tc,,NO_SITE
f.td,https://f.td,NONE
f.tf,,NO_SITE
f.tg,,NO_SITE
f.th,,NO_SITE
f.tj,,NO_SITE
f.tk,,NO_SITE
f.tl,https://f.tl,NO_TEXT
f.tm,http://f.tm,NONE
f.tn,,NO_SITE
f.to,,NO_SITE
f.tp,,NO_SITE
f.tr,,NO_SITE
f.tt,http://f.tt,NONE
f.tv,,NO_SITE
f.tw,,NO_SITE
f.tz,,NO_SITE
f.ua,,NO_SITE
f.ug,,NO_SITE
f.uk,https://f.uk,NONE
f.um,,NO_SITE
f.us,,NO_SITE
f.uy,https://f.uy,NO_TEXT
f.uz,,NO_SITE
f.va,,NO_SITE
f.vc,,NO_SITE
f.ve,,NO_SITE
f.vg,https://f.vg,NO_TEXT
f.vi,,NO_SITE
f.vn,,NO_SITE
f.vu,,NO_SITE
f.wf,,NO_SITE
f.ws,http://f.ws,NONE
f.ye,,NO_SITE
f.yt,,NO_SITE
f.za,,NO_SITE
f.zm,,NO_SITE
f.zw,,NO_SITE
g.ac,http://g.ac,NONE
g.ad,,NO_SITE
g.ae,,NO_SITE
g.af,,NO_SITE
g.ag,,NO_SITE
g.ai,http://g.ai,NONE
g.al,,NO_SITE
g.am,https://g.am,199999
g.an,,NO_SITE
g.ao,,NO_SITE
g.aq,,NO_SITE
g.ar,,NO_SITE
g.as,https://g.as,200000
g.at,http://g.at,NONE
g.au,,NO_SITE
g.aw,,NO_SITE
g.ax,,NO_SITE
g.az,,NO_SITE
g.ba,,NO_SITE
g.bb,,NO_SITE
g.bd,,NO_SITE
g.be,,NO_SITE
g.bf,,NO_SITE
g.bg,,NO_SITE
g.bh,,NO_SITE
g.bi,,NO_SITE
g.bj,,NO_SITE
g.bm,,NO_SITE
g.bn,,NO_SITE
g.bo,https://g.bo,NONE
g.br,,NO_SITE
g.bs,,NO_SITE
g.bt,,NO_SITE
g.bv,,NO_SITE
g.bw,http://g.bw,NONE
g.by,,NO_SITE
g.bz,,NO_SITE
g.ca,,NO_SITE
g.cc,https://g.cc,NONE
g.cd,,NO_SITE
g.cf,,NO_SITE
g.cg,http://g.cg,NONE
g.ch,,NO_SITE
g.ci,,NO_SITE
g.ck,,NO_SITE
g.cl,https://g.cl,NONE
g.cm,http://g.cm,NONE
g.cn,https://g.cn,NONE
g.co,https://g.co,NONE
g.cr,https://g.cr,NONE
g.cu,,NO_SITE
g.cv,https://g.cv,NONE
g.cw,,NO_SITE
g.cx,https://g.cx,NONE
g.cy,,NO_SITE
g.cz,https://g.cz,NONE
g.de,https://g.de,NONE
g.dj,,NO_SITE
g.dk,https://g.dk,NONE
g.dm,,NO_SITE
g.do,,NO_SITE
g.dz,,NO_SITE
g.ec,,NO_SITE
g.ee,,NO_SITE
g.eg,,NO_SITE
g.er,,NO_SITE
g.es,,NO_SITE
g.et,https://g.et,175000
g.eu,,NO_SITE
g.fi,,NO_SITE
g.fj,,NO_SITE
g.fk,,NO_SITE
g.fm,,NO_SITE
g.fo,https://g.fo,59
g.fr,,NO_SITE
g.ga,,NO_SITE
g.gb,,NO_SITE
g.gd,https://g.gd,NONE
g.ge,,NO_SITE
g.gf,,NO_SITE
g.gg,https://g.gg,NONE
g.gh,,NO_SITE
g.gi,,NO_SITE
g.gl,http://g.gl,NONE
g.gm,,NO_SITE
g.gn,,NO_SITE
g.gp,https://g.gp,NO_TEXT
g.gq,,NO_SITE
g.gr,,NO_SITE
g.gs,,NO_SITE
g.gt,https://g.gt,NONE
g.gu,,NO_SITE
g.gw,,NO_SITE
g.gy,,NO_SITE
g.hk,,NO_SITE
g.hm,http://g.hm,NONE
g.hn,,NO_SITE
g.hr,https://g.hr,50000
g.ht,,NO_SITE
g.hu,,NO_SITE
g.id,,NO_SITE
g.ie,,NO_SITE
g.il,,NO_SITE
g.im,,NO_SITE
g.in,,NO_SITE
g.io,,NO_SITE
g.iq,,NO_SITE
g.ir,,NO_SITE
g.is,https://g.is,NONE
g.it,,NO_SITE
g.je,https://g.je,NONE
g.jm,,NO_SITE
g.jo,,NO_SITE
g.jp,,NO_SITE
g.ke,https://g.ke,NO_TEXT
g.kg,https://g.kg,NONE
g.kh,,NO_SITE
g.ki,,NO_SITE
g.km,,NO_SITE
g.kn,,NO_SITE
g.kp,,NO_SITE
g.kr,,NO_SITE
g.kw,,NO_SITE
g.ky,,NO_SITE
g.kz,,NO_SITE
g.la,,NO_SITE
g.lb,,NO_SITE
g.lc,,NO_SITE
g.li,,NO_SITE
g.lk,,NO_SITE
g.lr,,NO_SITE
g.ls,,NO_SITE
g.lt,,NO_SITE
g.lu,,NO_SITE
g.lv,,NO_SITE
g.ly,https://g.ly,NONE
g.ma,,NO_SITE
g.mc,,NO_SITE
g.md,,NO_SITE
g.me,http://g.me,NONE
g.mf,,NO_SITE
g.mg,,NO_SITE
g.mh,,NO_SITE
g.mk,,NO_SITE
g.ml,,NO_SITE
g.mm,,NO_SITE
g.mn,,NO_SITE
g.mo,,NO_SITE
g.mp,,NO_SITE
g.mq,,NO_SITE
g.mr,https://g.mr,5000
g.ms,,NO_SITE
g.mt,,NO_SITE
g.mu,,NO_SITE
g.mv,,NO_SITE
g.mw,http://g.mw,NONE
g.mx,,NO_SITE
g.my,,NO_SITE
g.mz,,NO_SITE
g.na,,NO_SITE
g.nc,,NO_SITE
g.ne,,NO_SITE
g.nf,https://g.nf,NONE
g.ng,,NO_SITE
g.ni,,NO_SITE
g.nl,,NO_SITE
g.no,,NO_SITE
g.np,,NO_SITE
g.nr,,NO_SITE
g.nu,,NO_SITE
g.nz,,NO_SITE
g.om,,NO_SITE
g.pa,,NO_SITE
g.pe,,NO_SITE
g.pf,,NO_SITE
g.pg,,NO_SITE
g.ph,http://g.ph,NO_TEXT
g.pk,,NO_SITE
g.pl,https://g.pl,NONE
g.pm,,NO_SITE
g.pn,http://g.pn,NONE
g.pr,,NO_SITE
g.ps,,NO_SITE
g.pt,,NO_SITE
g.pw,,NO_SITE
g.py,,NO_SITE
g.qa,,NO_SITE
g.re,,NO_SITE
g.ro,https://g.ro,NONE
g.rs,,NO_SITE
g.ru,,NO_SITE
g.rw,,NO_SITE
g.sa,,NO_SITE
g.sb,http://g.sb,NONE
g.sc,https://g.sc,NO_TEXT
g.sd,,NO_SITE
g.se,,NO_SITE
g.sg,http://g.sg,NONE
g.sh,http://g.sh,NONE
g.si,,NO_SITE
g.sj,,NO_SITE
g.sk,,NO_SITE
g.sl,,NO_SITE
g.sm,,NO_SITE
g.sn,,NO_SITE
g.so,,NO_SITE
g.sr,,NO_SITE
g.ss,,NO_SITE
g.st,,NO_SITE
g.su,,NO_SITE
g.sv,,NO_SITE
g.sx,,NO_SITE
g.sy,,NO_SITE
g.sz,,NO_SITE
g.tc,,NO_SITE
g.td,https://g.td,NONE
g.tf,,NO_SITE
g.tg,,NO_SITE
g.th,,NO_SITE
g.tj,,NO_SITE
g.tk,,NO_SITE
g.tl,http://g.tl,NONE
g.tm,http://g.tm,NONE
g.tn,,NO_SITE
g.to,https://g.to,NONE
g.tp,,NO_SITE
g.tr,,NO_SITE
g.tt,https://g.tt,NONE
g.tv,,NO_SITE
g.tw,,NO_SITE
g.tz,,NO_SITE
g.ua,,NO_SITE
g.ug,,NO_SITE
g.uk,,NO_SITE
g.um,,NO_SITE
g.us,,NO_SITE
g.uy,https://g.uy,NO_TEXT
g.uz,,NO_SITE
g.va,,NO_SITE
g.vc,,NO_SITE
g.ve,,NO_SITE
g.vg,,NO_SITE
g.vi,,NO_SITE
g.vn,,NO_SITE
g.vu,https://g.vu,NONE
g.wf,,NO_SITE
g.ws,http://g.ws,NONE
g.ye,,NO_SITE
g.yt,,NO_SITE
g.za,,NO_SITE
g.zm,,NO_SITE
g.zw,,NO_SITE
h.ac,https://h.ac,NONE
h.ad,,NO_SITE
h.ae,,NO_SITE
h.af,,NO_SITE
h.ag,,NO_SITE
h.ai,http://h.ai,NONE
h.al,,NO_SITE
h.am,http://h.am,NONE
h.an,,NO_SITE
h.ao,,NO_SITE
h.aq,,NO_SITE
h.ar,https://h.ar,NONE
h.as,,NO_SITE
h.at,http://h.at,NONE
h.au,,NO_SITE
h.aw,,NO_SITE
h.ax,,NO_SITE
h.az,,NO_SITE
h.ba,,NO_SITE
h.bb,,NO_SITE
h.bd,,NO_SITE
h.be,,NO_SITE
h.bf,,NO_SITE
h.bg,,NO_SITE
h.bh,,NO_SITE
h.bi,,NO_SITE
h.bj,,NO_SITE
h.bm,,NO_SITE
h.bn,,NO_SITE
h.bo,,NO_SITE
h.br,,NO_SITE
h.bs,,NO_SITE
h.bt,,NO_SITE
h.bv,,NO_SITE
h.bw,http://h.bw,NONE
h.by,,NO_SITE
h.bz,https://h.bz,NONE
h.ca,,NO_SITE
h.cc,https://h.cc,NONE
h.cd,,NO_SITE
h.cf,,NO_SITE
h.cg,,NO_SITE
h.ch,,NO_SITE
h.ci,,NO_SITE
h.ck,,NO_SITE
h.cl,https://h.cl,10000
h.cm,https://h.cm,NO_TEXT
h.cn,,NO_SITE
h.co,http://h.co,NONE
h.cr,https://h.cr,NONE
h.cu,,NO_SITE
h.cv,,NO_SITE
h.cw,,NO_SITE
h.cx,,NO_SITE
h.cy,,NO_SITE
h.cz,https://h.cz,NONE
h.de,,NO_SITE
h.dj,,NO_SITE
h.dk,http://h.dk,NONE
h.dm,https://h.dm,NONE
h.do,,NO_SITE
h.dz,,NO_SITE
h.ec,,NO_SITE
h.ee,,NO_SITE
h.eg,,NO_SITE
h.er,,NO_SITE
h.es,,NO_SITE
h.et,http://h.et,NONE
h.eu,,NO_SITE
h.fi,,NO_SITE
h.fj,,NO_SITE
h.fk,,NO_SITE
h.fm,https://h.fm,NO_TEXT
h.fo,https://h.fo,NONE
h.fr,,NO_SITE
h.ga,,NO_SITE
h.gb,,NO_SITE
h.gd,,NO_SITE
h.ge,,NO_SITE
h.gf,,NO_SITE
h.gg,https://h.gg,NONE
h.gh,,NO_SITE
h.gi,,NO_SITE
h.gl,http://h.gl,1.50
h.gm,,NO_SITE
h.gn,,NO_SITE
h.gp,,NO_SITE
h.gq,,NO_SITE
h.gr,,NO_SITE
h.gs,,NO_SITE
h.gt,http://h.gt,NONE
h.gu,,NO_SITE
h.gw,,NO_SITE
h.gy,,NO_SITE
h.hk,,NO_SITE
h.hm,http://h.hm,NONE
h.hn,,NO_SITE
h.hr,,NO_SITE
h.ht,http://h.ht,NONE
h.hu,,NO_SITE
h.id,,NO_SITE
h.ie,,NO_SITE
h.il,,NO_SITE
h.im,https://h.im,NONE
h.in,,NO_SITE
h.io,https://h.io,NO_TEXT
h.iq,,NO_SITE
h.ir,,NO_SITE
h.is,https://h.is,NONE
h.it,,NO_SITE
h.je,,NO_SITE
h.jm,,NO_SITE
h.jo,,NO_SITE
h.jp,,NO_SITE
h.ke,,NO_SITE
h.kg,https://h.kg,NONE
h.kh,,NO_SITE
h.ki,https://h.ki,NONE
h.km,,NO_SITE
h.kn,,NO_SITE
h.kp,,NO_SITE
h.kr,,NO_SITE
h.kw,,NO_SITE
h.ky,,NO_SITE
h.kz,https://h.kz,NONE
h.la,,NO_SITE
h.lb,,NO_SITE
h.lc,,NO_SITE
h.li,,NO_SITE
h.lk,,NO_SITE
h.lr,,NO_SITE
h.ls,,NO_SITE
h.lt,,NO_SITE
h.lu,,NO_SITE
h.lv,,NO_SITE
h.ly,,NO_SITE
h.ma,,NO_SITE
h.mc,,NO_SITE
h.md,,NO_SITE
h.me,https://h.me,NONE
h.mf,,NO_SITE
h.mg,,NO_SITE
h.mh,,NO_SITE
h.mk,http://h.mk,1.5
h.ml,,NO_SITE
h.mm,,NO_SITE
h.mn,,NO_SITE
h.mo,,NO_SITE
h.mp,,NO_SITE
h.mq,,NO_SITE
h.mr,,NO_SITE
h.ms,,NO_SITE
h.mt,http://h.mt,NONE
h.mu,,NO_SITE
h.mv,,NO_SITE
h.mw,http://h.mw,NONE
h.mx,,NO_SITE
h.my,,NO_SITE
h.mz,,NO_SITE
h.na,,NO_SITE
h.nc,,NO_SITE
h.ne,,NO_SITE
h.nf,https://h.nf,NONE
h.ng,,NO_SITE
h.ni,,NO_SITE
h.nl,,NO_SITE
h.no,,NO_SITE
h.np,,NO_SITE
h.nr,,NO_SITE
h.nu,https://h.nu,NO_TEXT
h.nz,http://h.nz,NONE
h.om,,NO_SITE
h.pa,,NO_SITE
h.pe,https://h.pe,NO_TEXT
h.pf,,NO_SITE
h.pg,,NO_SITE
h.ph,http://h.ph,NO_TEXT
h.pk,,NO_SITE
h.pl,http://h.pl,NONE
h.pm,,NO_SITE
h.pn,http://h.pn,NONE
h.pr,,NO_SITE
h.ps,,NO_SITE
h.pt,,NO_SITE
h.pw,https://h.pw,NO_TEXT
h.py,,NO_SITE
h.qa,,NO_SITE
h.re,,NO_SITE
h.ro,https://h.ro,50000
h.rs,,NO_SITE
h.ru,,NO_SITE
h.rw,,NO_SITE
h.sa,,NO_SITE
h.sb,https://h.sb,NO_TEXT
h.sc,http://h.sc,NONE
h.sd,,NO_SITE
h.se,,NO_SITE
h.sg,,NO_SITE
h.sh,https://h.sh,NONE
h.si,,NO_SITE
h.sj,,NO_SITE
h.sk,,NO_SITE
h.sl,,NO_SITE
h.sm,,NO_SITE
h.sn,,NO_SITE
h.so,,NO_SITE
h.sr,,NO_SITE
h.ss,,NO_SITE
h.st,,NO_SITE
h.su,,NO_SITE
h.sv,,NO_SITE
h.sx,,NO_SITE
h.sy,,NO_SITE
h.sz,,NO_SITE
h.tc,https://h.tc,NONE
h.td,http://h.td,NONE
h.tf,,NO_SITE
h.tg,,NO_SITE
h.th,,NO_SITE
h.tj,,NO_SITE
h.tk,,NO_SITE
h.tl,http://h.tl,NONE
h.tm,http://h.tm,NONE
h.tn,,NO_SITE
h.to,https://h.to,NONE
h.tp,,NO_SITE
h.tr,,NO_SITE
h.tt,,NO_SITE
h.tv,https://h.tv,NONE
h.tw,,NO_SITE
h.tz,,NO_SITE
h.ua,,NO_SITE
h.ug,,NO_SITE
h.uk,https://h.uk,NONE
h.um,,NO_SITE
h.us,,NO_SITE
h.uy,,NO_SITE
h.uz,,NO_SITE
h.va,,NO_SITE
h.vc,https://h.vc,NONE
h.ve,,NO_SITE
h.vg,https://h.vg,NONE
h.vi,,NO_SITE
h.vn,,NO_SITE
h.vu,,NO_SITE
h.wf,,NO_SITE
h.ws,http://h.ws,NONE
h.ye,,NO_SITE
h.yt,,NO_SITE
h.za,,NO_SITE
h.zm,,NO_SITE
h.zw,,NO_SITE
i.ac,http://i.ac,NONE
i.ad,,NO_SITE
i.ae,,NO_SITE
i.af,http://i.af,NONE
i.ag,,NO_SITE
i.ai,https://i.ai,NONE
i.al,,NO_SITE
i.am,,NO_SITE
i.an,,NO_SITE
i.ao,,NO_SITE
i.aq,,NO_SITE
i.ar,https://i.ar,NONE
i.as,,NO_SITE
i.at,https://i.at,0.99
i.au,,NO_SITE
i.aw,,NO_SITE
i.ax,,NO_SITE
i.az,,NO_SITE
i.ba,,NO_SITE
i.bb,,NO_SITE
i.bd,,NO_SITE
i.be,,NO_SITE
i.bf,,NO_SITE
i.bg,,NO_SITE
i.bh,,NO_SITE
i.bi,,NO_SITE
i.bj,,NO_SITE
i.bm,,NO_SITE
i.bn,,NO_SITE
i.bo,https://i.bo,NONE
i.br,,NO_SITE
i.bs,,NO_SITE
i.bt,,NO_SITE
i.bv,,NO_SITE
i.bw,http://i.bw,NONE
i.by,,NO_SITE
i.bz,,NO_SITE
i.ca,,NO_SITE
i.cc,http://i.cc,NONE
i.cd,,NO_SITE
i.cf,,NO_SITE
i.cg,http://i.cg,NONE
i.ch,,NO_SITE
i.ci,,NO_SITE
i.ck,,NO_SITE
i.cl,,NO_SITE
i.cm,https://i.cm,NONE
i.cn,,NO_SITE
i.co,,NO_SITE
i.cr,https://i.cr,NONE
i.cu,,NO_SITE
i.cv,,NO_SITE
i.cw,,NO_SITE
i.cx,https://i.cx,NONE
i.cy,,NO_SITE
i.cz,https://i.cz,NONE
i.de,http://i.de,NONE
i.dj,,NO_SITE
i.dk,https://i.dk,NONE
i.dm,,NO_SITE
i.do,,NO_SITE
i.dz,,NO_SITE
i.ec,,NO_SITE
i.ee,https://i.ee,NONE
i.eg,,NO_SITE
i.er,,NO_SITE
i.es,,NO_SITE
i.et,,NO_SITE
i.eu,,NO_SITE
i.fi,,NO_SITE
i.fj,,NO_SITE
i.fk,,NO_SITE
i.fm,,NO_SITE
i.fo,http://i.fo,NONE
i.fr,https://i.fr,NONE
i.ga,,NO_SITE
i.gb,,NO_SITE
i.gd,https://i.gd,NONE
i.ge,,NO_SITE
i.gf,,NO_SITE
i.gg,https://i.gg,NONE
i.gh,,NO_SITE
i.gi,,NO_SITE
i.gl,,NO_SITE
i.gm,,NO_SITE
i.gn,,NO_SITE
i.gp,,NO_SITE
i.gq,,NO_SITE
i.gr,,NO_SITE
i.gs,https://i.gs,NO_TEXT
i.gt,https://i.gt,NONE
i.gu,,NO_SITE
i.gw,,NO_SITE
i.gy,https://i.gy,NONE
i.hk,,NO_SITE
i.hm,http://i.hm,NO_TEXT
i.hn,https://i.hn,50000
i.hr,https://i.hr,30000
i.ht,,NO_SITE
i.hu,,NO_SITE
i.id,,NO_SITE
i.ie,,NO_SITE
i.il,,NO_SITE
i.im,,NO_SITE
i.in,,NO_SITE
i.io,https://i.io,NO_TEXT
i.iq,,NO_SITE
i.ir,,NO_SITE
i.is,https://i.is,NONE
i.it,,NO_SITE
i.je,https://i.je,NONE
i.jm,,NO_SITE
i.jo,,NO_SITE
i.jp,,NO_SITE
i.ke,,NO_SITE
i.kg,http://i.kg,NONE
i.kh,,NO_SITE
i.ki,,NO_SITE
i.km,,NO_SITE
i.kn,,NO_SITE
i.kp,,NO_SITE
i.kr,,NO_SITE
i.kw,,NO_SITE
i.ky,,NO_SITE
i.kz,http://i.kz,NONE
i.la,https://i.la,The price of the domain I.LA is 50000
i.lb,,NO_SITE
i.lc,,NO_SITE
i.li,,NO_SITE
i.lk,,NO_SITE
i.lr,,NO_SITE
i.ls,,NO_SITE
i.lt,,NO_SITE
i.lu,https://i.lu,NONE
i.lv,,NO_SITE
i.ly,,NO_SITE
i.ma,,NO_SITE
i.mc,,NO_SITE
i.md,,NO_SITE
i.me,https://i.me,NONE
i.mf,,NO_SITE
i.mg,,NO_SITE
i.mh,,NO_SITE
i.mk,https://i.mk,NONE
i.ml,,NO_SITE
i.mm,,NO_SITE
i.mn,,NO_SITE
i.mo,,NO_SITE
i.mp,https://i.mp,NONE
i.mq,,NO_SITE
i.mr,,NO_SITE
i.ms,,NO_SITE
i.mt,,NO_SITE
i.mu,,NO_SITE
i.mv,,NO_SITE
i.mw,http://i.mw,NONE
i.mx,,NO_SITE
i.my,https://i.my,NONE
i.mz,,NO_SITE
i.na,,NO_SITE
i.nc,,NO_SITE
i.ne,,NO_SITE
i.nf,https://i.nf,NONE
i.ng,,NO_SITE
i.ni,,NO_SITE
i.nl,,NO_SITE
i.no,,NO_SITE
i.np,,NO_SITE
i.nr,,NO_SITE
i.nu,,NO_SITE
i.nz,,NO_SITE
i.om,,NO_SITE
i.pa,,NO_SITE
i.pe,https://i.pe,NONE
i.pf,,NO_SITE
i.pg,,NO_SITE
i.ph,,NO_SITE
i.pk,,NO_SITE
i.pl,https://i.pl,NONE
i.pm,,NO_SITE
i.pn,https://i.pn,NONE
i.pr,,NO_SITE
i.ps,,NO_SITE
i.pt,,NO_SITE
i.pw,,NO_SITE
i.py,,NO_SITE
i.qa,,NO_SITE
i.re,,NO_SITE
i.ro,http://i.ro,NONE
i.rs,,NO_SITE
i.ru,,NO_SITE
i.rw,https://i.rw,NONE
i.sa,,NO_SITE
i.sb,https://i.sb,NONE
i.sc,,NO_SITE
i.sd,,NO_SITE
i.se,,NO_SITE
i.sg,https://i.sg,NONE
i.sh,,NO_SITE
i.si,,NO_SITE
i.sj,,NO_SITE
i.sk,https://i.sk,NONE
i.sl,,NO_SITE
i.sm,,NO_SITE
i.sn,,NO_SITE
i.so,,NO_SITE
i.sr,,NO_SITE
i.ss,,NO_SITE
i.st,,NO_SITE
i.su,,NO_SITE
i.sv,https://i.sv,NO_TEXT
i.sx,,NO_SITE
i.sy,,NO_SITE
i.sz,,NO_SITE
i.tc,,NO_SITE
i.td,,NO_SITE
i.tf,,NO_SITE
i.tg,,NO_SITE
i.th,,NO_SITE
i.tj,,NO_SITE
i.tk,,NO_SITE
i.tl,https://i.tl,NONE
i.tm,http://i.tm,NONE
i.tn,,NO_SITE
i.to,,NO_SITE
i.tp,,NO_SITE
i.tr,,NO_SITE
i.tt,https://i.tt,NONE
i.tv,,NO_SITE
i.tw,,NO_SITE
i.tz,,NO_SITE
i.ua,https://i.ua,NONE
i.ug,,NO_SITE
i.uk,,NO_SITE
i.um,,NO_SITE
i.us,,NO_SITE
i.uy,,NO_SITE
i.uz,,NO_SITE
i.va,,NO_SITE
i.vc,,NO_SITE
i.ve,,NO_SITE
i.vg,,NO_SITE
i.vi,,NO_SITE
i.vn,,NO_SITE
i.vu,https://i.vu,NONE
i.wf,,NO_SITE
i.ws,http://i.ws,NONE
i.ye,,NO_SITE
i.yt,,NO_SITE
i.za,,NO_SITE
i.zm,,NO_SITE
i.zw,,NO_SITE
j.ac,https://j.ac,NONE
j.ad,,NO_SITE
j.ae,,NO_SITE
j.af,https://j.af,NONE
j.ag,,NO_SITE
j.ai,https://j.ai,3000000
j.al,,NO_SITE
j.am,https://j.am,NONE
j.an,,NO_SITE
j.ao,,NO_SITE
j.aq,,NO_SITE
j.ar,https://j.ar,120000
j.as,,NO_SITE
j.at,https://j.at,NO_TEXT
j.au,,NO_SITE
j.aw,,NO_SITE
j.ax,,NO_SITE
j.az,,NO_SITE
j.ba,,NO_SITE
j.bb,,NO_SITE
j.bd,,NO_SITE
j.be,,NO_SITE
j.bf,,NO_SITE
j.bg,,NO_SITE
j.bh,,NO_SITE
j.bi,,NO_SITE
j.bj,,NO_SITE
j.bm,,NO_SITE
j.bn,,NO_SITE
j.bo,https://j.bo,NONE
j.br,,NO_SITE
j.bs,,NO_SITE
j.bt,,NO_SITE
j.bv,,NO_SITE
j.bw,http://j.bw,NONE
j.by,,NO_SITE
j.bz,,NO_SITE
j.ca,,NO_SITE
j.cc,,NO_SITE
j.cd,,NO_SITE
j.cf,,NO_SITE
j.cg,,NO_SITE
j.ch,,NO_SITE
j.ci,,NO_SITE
j.ck,,NO_SITE
j.cl,https://j.cl,10000
j.cm,,NO_SITE
j.cn,https://j.cn,NONE
j.co,https://j.co,NO_TEXT
j.cr,http://j.cr,NONE
j.cu,,NO_SITE
j.cv,https://j.cv,NONE
j.cw,,NO_SITE
j.cx,,NO_SITE
j.cy,,NO_SITE
j.cz,http://j.cz,NONE
j.de,https://j.de,NONE
j.dj,,NO_SITE
j.dk,https://j.dk,NONE
j.dm,,NO_SITE
j.do,,NO_SITE
j.dz,,NO_SITE
j.ec,,NO_SITE
j.ee,,NO_SITE
j.eg,,NO_SITE
j.er,,NO_SITE
j.es,,NO_SITE
j.et,https://j.et,NONE
j.eu,,NO_SITE
j.fi,,NO_SITE
j.fj,,NO_SITE
j.fk,,NO_SITE
j.fm,,NO_SITE
j.fo,https://j.fo,NONE
j.fr,https://j.fr,NONE
j.ga,,NO_SITE
j.gb,,NO_SITE
j.gd,http://j.gd,NONE
j.ge,,NO_SITE
j.gf,,NO_SITE
j.gg,http://j.gg,NONE
j.gh,,NO_SITE
j.gi,,NO_SITE
j.gl,,NO_SITE
j.gm,,NO_SITE
j.gn,,NO_SITE
j.gp,https://j.gp,NO_TEXT
j.gq,,NO_SITE
j.gr,,NO_SITE
j.gs,https://j.gs,NONE
j.gt,,NO_SITE
j.gu,,NO_SITE
j.gw,,NO_SITE
j.gy,,NO_SITE
j.hk,,NO_SITE
j.hm,http://j.hm,NONE
j.hn,https://j.hn,NONE
j.hr,,NO_SITE
j.ht,http://j.ht,NONE
j.hu,,NO_SITE
j.id,,NO_SITE
j.ie,http://j.ie,NONE
j.il,,NO_SITE
j.im,,NO_SITE
j.in,,NO_SITE
j.io,http://j.io,NONE
j.iq,,NO_SITE
j.ir,,NO_SITE
j.is,https://j.is,NONE
j.it,,NO_SITE
j.je,,NO_SITE
j.jm,,NO_SITE
j.jo,,NO_SITE
j.jp,,NO_SITE
j.ke,https://j.ke,NONE
j.kg,http://j.kg,NONE
j.kh,,NO_SITE
j.ki,,NO_SITE
j.km,,NO_SITE
j.kn,,NO_SITE
j.kp,,NO_SITE
j.kr,,NO_SITE
j.kw,,NO_SITE
j.ky,,NO_SITE
j.kz,https://j.kz,NONE
j.la,,NO_SITE
j.lb,,NO_SITE
j.lc,,NO_SITE
j.li,,NO_SITE
j.lk,,NO_SITE
j.lr,,NO_SITE
j.ls,,NO_SITE
j.lt,,NO_SITE
j.lu,https://j.lu,NONE
j.lv,,NO_SITE
j.ly,,NO_SITE
j.ma,,NO_SITE
j.mc,,NO_SITE
j.md,https://j.md,NO_TEXT
j.me,,NO_SITE
j.mf,,NO_SITE
j.mg,,NO_SITE
j.mh,,NO_SITE
j.mk,http://j.mk,1.50
j.ml,,NO_SITE
j.mm,,NO_SITE
j.mn,,NO_SITE
j.mo,,NO_SITE
j.mp,,NO_SITE
j.mq,,NO_SITE
j.mr,http://j.mr,NONE
j.ms,,NO_SITE
j.mt,,NO_SITE
j.mu,https://j.mu,NONE
j.mv,,NO_SITE
j.mw,http://j.mw,NONE
j.mx,,NO_SITE
j.my,,NO_SITE
j.mz,,NO_SITE
j.na,,NO_SITE
j.nc,,NO_SITE
j.ne,,NO_SITE
j.nf,,NO_SITE
j.ng,,NO_SITE
j.ni,,NO_SITE
j.nl,,NO_SITE
j.no,,NO_SITE
j.np,,NO_SITE
j.nr,,NO_SITE
j.nu,,NO_SITE
j.nz,http://j.nz,2025
j.om,,NO_SITE
j.pa,,NO_SITE
j.pe,,NO_SITE
j.pf,,NO_SITE
j.pg,,NO_SITE
j.ph,,NO_SITE
j.pk,,NO_SITE
j.pl,http://j.pl,NONE
j.pm,,NO_SITE
j.pn,http://j.pn,NONE
j.pr,,NO_SITE
j.ps,,NO_SITE
j.pt,,NO_SITE
j.pw,,NO_SITE
j.py,,NO_SITE
j.qa,,NO_SITE
j.re,,NO_SITE
j.ro,http://j.ro,NONE
j.rs,,NO_SITE
j.ru,,NO_SITE
j.rw,,NO_SITE
j.sa,,NO_SITE
j.sb,,NO_SITE
j.sc,https://j.sc,NONE
j.sd,,NO_SITE
j.se,http://j.se,NONE
j.sg,,NO_SITE
j.sh,http://j.sh,NONE
j.si,,NO_SITE
j.sj,,NO_SITE
j.sk,,NO_SITE
j.sl,,NO_SITE
j.sm,,NO_SITE
j.sn,,NO_SITE
j.so,,NO_SITE
j.sr,,NO_SITE
j.ss,,NO_SITE
j.st,https://j.st,NONE
j.su,,NO_SITE
j.sv,,NO_SITE
j.sx,,NO_SITE
j.sy,,NO_SITE
j.sz,,NO_SITE
j.tc,,NO_SITE
j.td,http://j.td,NONE
j.tf,,NO_SITE
j.tg,,NO_SITE
j.th,,NO_SITE
j.tj,,NO_SITE
j.tk,,NO_SITE
j.tl,https://j.tl,NONE
j.tm,http://j.tm,NONE
j.tn,,NO_SITE
j.to,https://j.to,NONE
j.tp,,NO_SITE
j.tr,,NO_SITE
j.tt,,NO_SITE
j.tv,,NO_SITE
j.tw,,NO_SITE
j.tz,,NO_SITE
j.ua,,NO_SITE
j.ug,,NO_SITE
j.uk,https://j.uk,NO_TEXT
j.um,,NO_SITE
j.us,,NO_SITE
j.uy,,NO_SITE
j.uz,,NO_SITE
j.va,,NO_SITE
j.vc,,NO_SITE
j.ve,,NO_SITE
j.vg,https://j.vg,NO_TEXT
j.vi,,NO_SITE
j.vn,,NO_SITE
j.vu,https://j.vu,NONE
j.wf,,NO_SITE
j.ws,http://j.ws,NONE
j.ye,,NO_SITE
j.yt,,NO_SITE
j.za,,NO_SITE
j.zm,,NO_SITE
j.zw,,NO_SITE
k.ac,http://k.ac,NONE
k.ad,,NO_SITE
k.ae,,NO_SITE
k.af,https://k.af,NONE
k.ag,,NO_SITE
k.ai,https://k.ai,NONE
k.al,,NO_SITE
k.am,,NO_SITE
k.an,,NO_SITE
k.ao,,NO_SITE
k.aq,,NO_SITE
k.ar,https://k.ar,NONE
k.as,,NO_SITE
k.at,https://k.at,NONE
k.au,,NO_SITE
k.aw,,NO_SITE
k.ax,,NO_SITE
k.az,,NO_SITE
k.ba,,NO_SITE
k.bb,,NO_SITE
k.bd,,NO_SITE
k.be,,NO_SITE
k.bf,,NO_SITE
k.bg,,NO_SITE
k.bh,,NO_SITE
k.bi,,NO_SITE
k.bj,,NO_SITE
k.bm,,NO_SITE
k.bn,,NO_SITE
k.bo,https://k.bo,NONE
k.br,,NO_SITE
k.bs,,NO_SITE
k.bt,,NO_SITE
k.bv,,NO_SITE
k.bw,http://k.bw,NONE
k.by,,NO_SITE
k.bz,https://k.bz,NONE
k.ca,,NO_SITE
k.cc,http://k.cc,NONE
k.cd,,NO_SITE
k.cf,,NO_SITE
k.cg,http://k.cg,NONE
k.ch,,NO_SITE
k.ci,,NO_SITE
k.ck,,NO_SITE
k.cl,https://k.cl,NONE
k.cm,,NO_SITE
k.cn,http://k.cn,NONE
k.co,,NO_SITE
k.cr,,NO_SITE
k.cu,,NO_SITE
k.cv,,NO_SITE
k.cw,,NO_SITE
k.cx,,NO_SITE
k.cy,,NO_SITE
k.cz,,NO_SITE
k.de,,NO_SITE
k.dj,,NO_SITE
k.dk,https://k.dk,NONE
k.dm,,NO_SITE
k.do,,NO_SITE
k.dz,,NO_SITE
k.ec,,NO_SITE
k.ee,https://k.ee,NONE
k.eg,,NO_SITE
k.er,,NO_SITE
k.es,,NO_SITE
k.et,,NO_SITE
k.eu,,NO_SITE
k.fi,,NO_SITE
k.fj,,NO_SITE
k.fk,,NO_SITE
k.fm,,NO_SITE
k.fo,https://k.fo,NONE
k.fr,http://k.fr,NONE
k.ga,,NO_SITE
k.gb,,NO_SITE
k.gd,,NO_SITE
k.ge,,NO_SITE
k.gf,,NO_SITE
k.gg,https://k.gg,NONE
k.gh,,NO_SITE
k.gi,,NO_SITE
k.gl,http://k.gl,NONE
k.gm,,NO_SITE
k.gn,,NO_SITE
k.gp,,NO_SITE
k.gq,,NO_SITE
k.gr,,NO_SITE
k.gs,,NO_SITE
k.gt,https://k.gt,NO_TEXT
k.gu,,NO_SITE
k.gw,,NO_SITE
k.gy,https://k.gy,NONE
k.hk,,NO_SITE
k.hm,http://k.hm,NONE
k.hn,https://k.hn,NONE
k.hr,https://k.hr,NONE
k.ht,https://k.ht,NONE
k.hu,,NO_SITE
k.id,,NO_SITE
k.ie,,NO_SITE
k.il,,NO_SITE
k.im,http://k.im,NONE
k.in,,NO_SITE
k.io,https://k.io,NONE
k.iq,,NO_SITE
k.ir,,NO_SITE
k.is,https://k.is,NONE
k.it,,NO_SITE
k.je,,NO_SITE
k.jm,,NO_SITE
k.jo,,NO_SITE
k.jp,,NO_SITE
k.ke,https://k.ke,NONE
k.kg,,NO_SITE
k.kh,,NO_SITE
k.ki,https://k.ki,NONE
k.km,,NO_SITE
k.kn,,NO_SITE
k.kp,,NO_SITE
k.kr,,NO_SITE
k.kw,,NO_SITE
k.ky,,NO_SITE
k.kz,https://k.kz,NONE
k.la,,NO_SITE
k.lb,,NO_SITE
k.lc,,NO_SITE
k.li,,NO_SITE
k.lk,,NO_SITE
k.lr,,NO_SITE
k.ls,,NO_SITE
k.lt,,NO_SITE
k.lu,,NO_SITE
k.lv,,NO_SITE
k.ly,https://k.ly,NONE
k.ma,,NO_SITE
k.mc,,NO_SITE
k.md,,NO_SITE
k.me,https://k.me,NONE
k.mf,,NO_SITE
k.mg,,NO_SITE
k.mh,,NO_SITE
k.mk,,NO_SITE
k.ml,,NO_SITE
k.mm,,NO_SITE
k.mn,,NO_SITE
k.mo,,NO_SITE
k.mp,,NO_SITE
k.mq,,NO_SITE
k.mr,http://k.mr,NONE
k.ms,,NO_SITE
k.mt,,NO_SITE
k.mu,,NO_SITE
k.mv,,NO_SITE
k.mw,http://k.mw,NONE
k.mx,,NO_SITE
k.my,,NO_SITE
k.mz,,NO_SITE
k.na,,NO_SITE
k.nc,,NO_SITE
k.ne,,NO_SITE
k.nf,,NO_SITE
k.ng,,NO_SITE
k.ni,,NO_SITE
k.nl,,NO_SITE
k.no,,NO_SITE
k.np,,NO_SITE
k.nr,,NO_SITE
k.nu,http://k.nu,NONE
k.nz,https://k.nz,NO_TEXT
k.om,,NO_SITE
k.pa,,NO_SITE
k.pe,,NO_SITE
k.pf,,NO_SITE
k.pg,,NO_SITE
k.ph,http://k.ph,NO_TEXT
k.pk,,NO_SITE
k.pl,https://k.pl,249
k.pm,,NO_SITE
k.pn,,NO_SITE
k.pr,,NO_SITE
k.ps,,NO_SITE
k.pt,,NO_SITE
k.pw,,NO_SITE
k.py,,NO_SITE
k.qa,,NO_SITE
k.re,,NO_SITE
k.ro,,NO_SITE
k.rs,,NO_SITE
k.ru,,NO_SITE
k.rw,,NO_SITE
k.sa,,NO_SITE
k.sb,https://k.sb,NONE
k.sc,,NO_SITE
k.sd,,NO_SITE
k.se,,NO_SITE
k.sg,,NO_SITE
k.sh,https://k.sh,NONE
k.si,,NO_SITE
k.sj,,NO_SITE
k.sk,,NO_SITE
k.sl,,NO_SITE
k.sm,,NO_SITE
k.sn,,NO_SITE
k.so,,NO_SITE
k.sr,,NO_SITE
k.ss,,NO_SITE
k.st,https://k.st,150
k.su,,NO_SITE
k.sv,,NO_SITE
k.sx,,NO_SITE
k.sy,,NO_SITE
k.sz,,NO_SITE
k.tc,,NO_SITE
k.td,https://k.td,NONE
k.tf,,NO_SITE
k.tg,,NO_SITE
k.th,,NO_SITE
k.tj,,NO_SITE
k.tk,https://k.tk,NONE
k.tl,http://k.tl,NONE
k.tm,http://k.tm,NONE
k.tn,,NO_SITE
k.to,,NO_SITE
k.tp,,NO_SITE
k.tr,,NO_SITE
k.tt,,NO_SITE
k.tv,https://k.tv,NONE
k.tw,,NO_SITE
k.tz,,NO_SITE
k.ua,,NO_SITE
k.ug,,NO_SITE
k.uk,https://k.uk,0
k.um,,NO_SITE
k.us,,NO_SITE
k.uy,,NO_SITE
k.uz,,NO_SITE
k.va,,NO_SITE
k.vc,,NO_SITE
k.ve,,NO_SITE
k.vg,http://k.vg,NONE
k.vi,,NO_SITE
k.vn,,NO_SITE
k.vu,https://k.vu,NONE
k.wf,,NO_SITE
k.ws,http://k.ws,NONE
k.ye,,NO_SITE
k.yt,,NO_SITE
k.za,,NO_SITE
k.zm,,NO_SITE
k.zw,,NO_SITE
l.ac,http://l.ac,NONE
l.ad,,NO_SITE
l.ae,,NO_SITE
l.af,https://l.af,NONE
l.ag,,NO_SITE
l.ai,,NO_SITE
l.al,,NO_SITE
l.am,https://l.am,NONE
l.an,,NO_SITE
l.ao,,NO_SITE
l.aq,,NO_SITE
l.ar,https://l.ar,NONE
l.as,,NO_SITE
l.at,https://l.at,NO_TEXT
l.au,,NO_SITE
l.aw,,NO_SITE
l.ax,,NO_SITE
l.az,,NO_SITE
l.ba,,NO_SITE
l.bb,,NO_SITE
l.bd,,NO_SITE
l.be,,NO_SITE
l.bf,,NO_SITE
l.bg,,NO_SITE
l.bh,,NO_SITE
l.bi,,NO_SITE
l.bj,,NO_SITE
l.bm,,NO_SITE
l.bn,,NO_SITE
l.bo,https://l.bo,NONE
l.br,,NO_SITE
l.bs,,NO_SITE
l.bt,,NO_SITE
l.bv,,NO_SITE
l.bw,http://l.bw,NONE
l.by,,NO_SITE
l.bz,https://l.bz,NONE
l.ca,,NO_SITE
l.cc,,NO_SITE
l.cd,,NO_SITE
l.cf,,NO_SITE
l.cg,,NO_SITE
l.ch,,NO_SITE
l.ci,,NO_SITE
l.ck,,NO_SITE
l.cl,https://l.cl,NONE
l.cm,https://l.cm,3450
l.cn,,NO_SITE
l.co,https://l.co,NONE
l.cr,,NO_SITE
l.cu,,NO_SITE
l.cv,https://l.cv,NO_TEXT
l.cw,,NO_SITE
l.cx,https://l.cx,NO_TEXT
l.cy,,NO_SITE
l.cz,http://l.cz,NO_TEXT
l.de,https://l.de,NONE
l.dj,,NO_SITE
l.dk,http://l.dk,NONE
l.dm,,NO_SITE
l.do,,NO_SITE
l.dz,,NO_SITE
l.ec,,NO_SITE
l.ee,,NO_SITE
l.eg,,NO_SITE
l.er,,NO_SITE
l.es,,NO_SITE
l.et,,NO_SITE
l.eu,,NO_SITE
l.fi,,NO_SITE
l.fj,,NO_SITE
l.fk,,NO_SITE
l.fm,https://l.fm,NONE
l.fo,https://l.fo,NONE
l.fr,,NO_SITE
l.ga,,NO_SITE
l.gb,,NO_SITE
l.gd,,NO_SITE
l.ge,,NO_SITE
l.gf,,NO_SITE
l.gg,,NO_SITE
l.gh,,NO_SITE
l.gi,,NO_SITE
l.gl,https://l.gl,NONE
l.gm,,NO_SITE
l.gn,,NO_SITE
l.gp,,NO_SITE
l.gq,,NO_SITE
l.gr,,NO_SITE
l.gs,,NO_SITE
l.gt,,NO_SITE
l.gu,,NO_SITE
l.gw,,NO_SITE
l.gy,,NO_SITE
l.hk,,NO_SITE
l.hm,http://l.hm,NO_TEXT
l.hn,,NO_SITE
l.hr,https://l.hr,NONE
l.ht,https://l.ht,NONE
l.hu,,NO_SITE
l.id,,NO_SITE
l.ie,https://l.ie,NONE
l.il,,NO_SITE
l.im,,NO_SITE
l.in,,NO_SITE
l.io,http://l.io,NONE
l.iq,,NO_SITE
l.ir,,NO_SITE
l.is,https://l.is,NONE
l.it,,NO_SITE
l.je,,NO_SITE
l.jm,,NO_SITE
l.jo,,NO_SITE
l.jp,,NO_SITE
l.ke,https://l.ke,NONE
l.kg,,NO_SITE
l.kh,,NO_SITE
l.ki,,NO_SITE
l.km,,NO_SITE
l.kn,,NO_SITE
l.kp,,NO_SITE
l.kr,,NO_SITE
l.kw,,NO_SITE
l.ky,,NO_SITE
l.kz,,NO_SITE
l.la,,NO_SITE
l.lb,,NO_SITE
l.lc,,NO_SITE
l.li,,NO_SITE
l.lk,,NO_SITE
l.lr,,NO_SITE
l.ls,http://l.ls,NONE
l.lt,,NO_SITE
l.lu,https://l.lu,NONE
l.lv,,NO_SITE
l.ly,,NO_SITE
l.ma,,NO_SITE
l.mc,,NO_SITE
l.md,,NO_SITE
l.me,,NO_SITE
l.mf,,NO_SITE
l.mg,,NO_SITE
l.mh,,NO_SITE
l.mk,https://l.mk,NONE
l.ml,,NO_SITE
l.mm,,NO_SITE
l.mn,,NO_SITE
l.mo,,NO_SITE
l.mp,,NO_SITE
l.mq,,NO_SITE
l.mr,http://l.mr,NONE
l.ms,,NO_SITE
l.mt,,NO_SITE
l.mu,,NO_SITE
l.mv,,NO_SITE
l.mw,http://l.mw,NONE
l.mx,,NO_SITE
l.my,https://l.my,NONE
l.mz,,NO_SITE
l.na,,NO_SITE
l.nc,,NO_SITE
l.ne,,NO_SITE
l.nf,,NO_SITE
l.ng,,NO_SITE
l.ni,,NO_SITE
l.nl,,NO_SITE
l.no,,NO_SITE
l.np,,NO_SITE
l.nr,,NO_SITE
l.nu,https://l.nu,NO_TEXT
l.nz,http://l.nz,NONE
l.om,,NO_SITE
l.pa,,NO_SITE
l.pe,https://l.pe,NO_TEXT
l.pf,,NO_SITE
l.pg,,NO_SITE
l.ph,http://l.ph,NO_TEXT
l.pk,,NO_SITE
l.pl,https://l.pl,NONE
l.pm,,NO_SITE
l.pn,http://l.pn,NONE
l.pr,,NO_SITE
l.ps,,NO_SITE
l.pt,,NO_SITE
l.pw,,NO_SITE
l.py,,NO_SITE
l.qa,,NO_SITE
l.re,,NO_SITE
l.ro,https://l.ro,NONE
l.rs,,NO_SITE
l.ru,,NO_SITE
l.rw,https://l.rw,NONE
l.sa,,NO_SITE
l.sb,http://l.sb,NONE
l.sc,,NO_SITE
l.sd,,NO_SITE
l.se,,NO_SITE
l.sg,https://l.sg,NONE
l.sh,http://l.sh,NONE
l.si,,NO_SITE
l.sj,,NO_SITE
l.sk,https://l.sk,NO_TEXT
l.sl,,NO_SITE
l.sm,,NO_SITE
l.sn,,NO_SITE
l.so,,NO_SITE
l.sr,,NO_SITE
l.ss,,NO_SITE
l.st,,NO_SITE
l.su,,NO_SITE
l.sv,https://l.sv,NONE
l.sx,,NO_SITE
l.sy,,NO_SITE
l.sz,,NO_SITE
l.tc,,NO_SITE
l.td,https://l.td,NONE
l.tf,,NO_SITE
l.tg,,NO_SITE
l.th,,NO_SITE
l.tj,,NO_SITE
l.tk,,NO_SITE
l.tl,https://l.tl,NONE
l.tm,http://l.tm,NONE
l.tn,,NO_SITE
l.to,,NO_SITE
l.tp,,NO_SITE
l.tr,,NO_SITE
l.tt,,NO_SITE
l.tv,https://l.tv,NONE
l.tw,,NO_SITE
l.tz,,NO_SITE
l.ua,https://l.ua,35000
l.ug,,NO_SITE
l.uk,http://l.uk,499999
l.um,,NO_SITE
l.us,,NO_SITE
l.uy,https://l.uy,NO_TEXT
l.uz,,NO_SITE
l.va,,NO_SITE
l.vc,,NO_SITE
l.ve,,NO_SITE
l.vg,,NO_SITE
l.vi,,NO_SITE
l.vn,,NO_SITE
l.vu,,NO_SITE
l.wf,,NO_SITE
l.ws,http://l.ws,NONE
l.ye,,NO_SITE
l.yt,,NO_SITE
l.za,,NO_SITE
l.zm,,NO_SITE
l.zw,,NO_SITE
m.ac,https://m.ac,NONE
m.ad,,NO_SITE
m.ae,,NO_SITE
m.af,http://m.af,1.5
m.ag,https://m.ag,NONE
m.ai,https://m.ai,NONE
m.al,,NO_SITE
m.am,https://m.am,NO_TEXT
m.an,,NO_SITE
m.ao,,NO_SITE
m.aq,,NO_SITE
m.ar,,NO_SITE
m.as,,NO_SITE
m.at,,NO_SITE
m.au,,NO_SITE
m.aw,,NO_SITE
m.ax,,NO_SITE
m.az,,NO_SITE
m.ba,,NO_SITE
m.bb,,NO_SITE
m.bd,,NO_SITE
m.be,,NO_SITE
m.bf,,NO_SITE
m.bg,,NO_SITE
m.bh,,NO_SITE
m.bi,,NO_SITE
m.bj,,NO_SITE
m.bm,,NO_SITE
m.bn,,NO_SITE
m.bo,https://m.bo,NONE
m.br,,NO_SITE
m.bs,,NO_SITE
m.bt,,NO_SITE
m.bv,,NO_SITE
m.bw,,NO_SITE
m.by,,NO_SITE
m.bz,https://m.bz,NO_TEXT
m.ca,,NO_SITE
m.cc,,NO_SITE
m.cd,,NO_SITE
m.cf,,NO_SITE
m.cg,https://m.cg,NONE
m.ch,,NO_SITE
m.ci,,NO_SITE
m.ck,,NO_SITE
m.cl,,NO_SITE
m.cm,http://m.cm,NONE
m.cn,,NO_SITE
m.co,,NO_SITE
m.cr,,NO_SITE
m.cu,,NO_SITE
m.cv,https://m.cv,NONE
m.cw,,NO_SITE
m.cx,,NO_SITE
m.cy,,NO_SITE
m.cz,,NO_SITE
m.de,,NO_SITE
m.dj,,NO_SITE
m.dk,https://m.dk,NONE
m.dm,,NO_SITE
m.do,,NO_SITE
m.dz,,NO_SITE
m.ec,,NO_SITE
m.ee,,NO_SITE
m.eg,,NO_SITE
m.er,,NO_SITE
m.es,,NO_SITE
m.et,https://m.et,NONE
m.eu,,NO_SITE
m.fi,,NO_SITE
m.fj,,NO_SITE
m.fk,,NO_SITE
m.fm,https://m.fm,NONE
m.fo,,NO_SITE
m.fr,http://m.fr,NONE
m.ga,,NO_SITE
m.gb,,NO_SITE
m.gd,https://m.gd,8888
m.ge,,NO_SITE
m.gf,,NO_SITE
m.gg,https://m.gg,NONE
m.gh,,NO_SITE
m.gi,,NO_SITE
m.gl,,NO_SITE
m.gm,,NO_SITE
m.gn,,NO_SITE
m.gp,https://m.gp,NO_TEXT
m.gq,,NO_SITE
m.gr,,NO_SITE
m.gs,https://m.gs,NONE
m.gt,http://m.gt,NONE
m.gu,,NO_SITE
m.gw,,NO_SITE
m.gy,,NO_SITE
m.hk,,NO_SITE
m.hm,http://m.hm,NONE
m.hn,http://m.hn,NONE
m.hr,,NO_SITE
m.ht,https://m.ht,NONE
m.hu,,NO_SITE
m.id,,NO_SITE
m.ie,,NO_SITE
m.il,,NO_SITE
m.im,,NO_SITE
m.in,,NO_SITE
m.io,https://m.io,NONE
m.iq,,NO_SITE
m.ir,,NO_SITE
m.is,https://m.is,NONE
m.it,,NO_SITE
m.je,,NO_SITE
m.jm,,NO_SITE
m.jo,,NO_SITE
m.jp,,NO_SITE
m.ke,https://m.ke,NONE
m.kg,http://m.kg,NONE
m.kh,,NO_SITE
m.ki,,NO_SITE
m.km,,NO_SITE
m.kn,,NO_SITE
m.kp,,NO_SITE
m.kr,,NO_SITE
m.kw,,NO_SITE
m.ky,https://m.ky,NO_TEXT
m.kz,,NO_SITE
m.la,,NO_SITE
m.lb,,NO_SITE
m.lc,,NO_SITE
m.li,,NO_SITE
m.lk,,NO_SITE
m.lr,,NO_SITE
m.ls,,NO_SITE
m.lt,,NO_SITE
m.lu,,NO_SITE
m.lv,,NO_SITE
m.ly,https://m.ly,NONE
m.ma,,NO_SITE
m.mc,,NO_SITE
m.md,,NO_SITE
m.me,https://m.me,NONE
m.mf,,NO_SITE
m.mg,,NO_SITE
m.mh,,NO_SITE
m.mk,http://m.mk,NONE
m.ml,https://m.ml,938
m.mm,,NO_SITE
m.mn,,NO_SITE
m.mo,,NO_SITE
m.mp,https://m.mp,NONE
m.mq,,NO_SITE
m.mr,http://m.mr,NO_TEXT
m.ms,,NO_SITE
m.mt,,NO_SITE
m.mu,,NO_SITE
m.mv,,NO_SITE
m.mw,https://m.mw,NONE
m.mx,,NO_SITE
m.my,https://m.my,NONE
m.mz,,NO_SITE
m.na,,NO_SITE
m.nc,,NO_SITE
m.ne,,NO_SITE
m.nf,https://m.nf,NONE
m.ng,,NO_SITE
m.ni,,NO_SITE
m.nl,,NO_SITE
m.no,,NO_SITE
m.np,,NO_SITE
m.nr,,NO_SITE
m.nu,https://m.nu,NONE
m.nz,,NO_SITE
m.om,,NO_SITE
m.pa,,NO_SITE
m.pe,,NO_SITE
m.pf,,NO_SITE
m.pg,,NO_SITE
m.ph,http://m.ph,NO_TEXT
m.pk,,NO_SITE
m.pl,http://m.pl,NONE
m.pm,,NO_SITE
m.pn,http://m.pn,NONE
m.pr,https://m.pr,NONE
m.ps,,NO_SITE
m.pt,,NO_SITE
m.pw,,NO_SITE
m.py,,NO_SITE
m.qa,,NO_SITE
m.re,,NO_SITE
m.ro,https://m.ro,NONE
m.rs,,NO_SITE
m.ru,,NO_SITE
m.rw,,NO_SITE
m.sa,,NO_SITE
m.sb,https://m.sb,NONE
m.sc,https://m.sc,NO_TEXT
m.sd,,NO_SITE
m.se,,NO_SITE
m.sg,http://m.sg,NONE
m.sh,https://m.sh,NONE
m.si,,NO_SITE
m.sj,,NO_SITE
m.sk,,NO_SITE
m.sl,https://m.sl,NONE
m.sm,,NO_SITE
m.sn,,NO_SITE
m.so,,NO_SITE
m.sr,,NO_SITE
m.ss,,NO_SITE
m.st,http://m.st,NONE
m.su,,NO_SITE
m.sv,,NO_SITE
m.sx,,NO_SITE
m.sy,,NO_SITE
m.sz,,NO_SITE
m.tc,,NO_SITE
m.td,http://m.td,NONE
m.tf,,NO_SITE
m.tg,,NO_SITE
m.th,,NO_SITE
m.tj,,NO_SITE
m.tk,,NO_SITE
m.tl,https://m.tl,NONE
m.tm,http://m.tm,NONE
m.tn,,NO_SITE
m.to,http://m.to,NONE
m.tp,,NO_SITE
m.tr,,NO_SITE
m.tt,https://m.tt,NONE
m.tv,,NO_SITE
m.tw,,NO_SITE
m.tz,,NO_SITE
m.ua,https://m.ua,NONE
m.ug,,NO_SITE
m.uk,,NO_SITE
m.um,,NO_SITE
m.us,,NO_SITE
m.uy,https://m.uy,NONE
m.uz,,NO_SITE
m.va,,NO_SITE
m.vc,,NO_SITE
m.ve,,NO_SITE
m.vg,,NO_SITE
m.vi,,NO_SITE
m.vn,,NO_SITE
m.vu,,NO_SITE
m.wf,,NO_SITE
m.ws,http://m.ws,NONE
m.ye,,NO_SITE
m.yt,,NO_SITE
m.za,,NO_SITE
m.zm,,NO_SITE
m.zw,,NO_SITE
n.ac,http://n.ac,NONE
n.ad,,NO_SITE
n.ae,,NO_SITE
n.af,https://n.af,NONE
n.ag,,NO_SITE
n.ai,http://n.ai,NONE
n.al,,NO_SITE
n.am,https://n.am,NONE
n.an,,NO_SITE
n.ao,,NO_SITE
n.aq,,NO_SITE
n.ar,http://n.ar,NONE
n.as,,NO_SITE
n.at,https://n.at,NONE
n.au,,NO_SITE
n.aw,,NO_SITE
n.ax,,NO_SITE
n.az,,NO_SITE
n.ba,,NO_SITE
n.bb,,NO_SITE
n.bd,,NO_SITE
n.be,,NO_SITE
n.bf,,NO_SITE
n.bg,,NO_SITE
n.bh,,NO_SITE
n.bi,,NO_SITE
n.bj,,NO_SITE
n.bm,,NO_SITE
n.bn,,NO_SITE
n.bo,https://n.bo,NONE
n.br,,NO_SITE
n.bs,,NO_SITE
n.bt,,NO_SITE
n.bv,,NO_SITE
n.bw,http://n.bw,NONE
n.by,,NO_SITE
n.bz,http://n.bz,NO_TEXT
n.ca,,NO_SITE
n.cc,,NO_SITE
n.cd,,NO_SITE
n.cf,,NO_SITE
n.cg,https://n.cg,NO_TEXT
n.ch,,NO_SITE
n.ci,,NO_SITE
n.ck,,NO_SITE
n.cl,http://n.cl,NONE
n.cm,https://n.cm,NO_TEXT
n.cn,https://n.cn,NONE
n.co,https://n.co,NONE
n.cr,http://n.cr,NONE
n.cu,,NO_SITE
n.cv,https://n.cv,NONE
n.cw,,NO_SITE
n.cx,http://n.cx,NONE
n.cy,,NO_SITE
n.cz,https://n.cz,NONE
n.de,http://n.de,NONE
n.dj,,NO_SITE
n.dk,https://n.dk,NONE
n.dm,,NO_SITE
n.do,,NO_SITE
n.dz,,NO_SITE
n.ec,,NO_SITE
n.ee,https://n.ee,NONE
n.eg,,NO_SITE
n.er,,NO_SITE
n.es,,NO_SITE
n.et,,NO_SITE
n.eu,,NO_SITE
n.fi,,NO_SITE
n.fj,,NO_SITE
n.fk,,NO_SITE
n.fm,http://n.fm,NONE
n.fo,,NO_SITE
n.fr,,NO_SITE
n.ga,,NO_SITE
n.gb,,NO_SITE
n.gd,https://n.gd,NONE
n.ge,,NO_SITE
n.gf,,NO_SITE
n.gg,,NO_SITE
n.gh,,NO_SITE
n.gi,,NO_SITE
n.gl,http://n.gl,NONE
n.gm,,NO_SITE
n.gn,,NO_SITE
n.gp,,NO_SITE
n.gq,,NO_SITE
n.gr,,NO_SITE
n.gs,,NO_SITE
n.gt,https://n.gt,NO_TEXT
n.gu,,NO_SITE
n.gw,,NO_SITE
n.gy,,NO_SITE
n.hk,,NO_SITE
n.hm,http://n.hm,NONE
n.hn,https://n.hn,NONE
n.hr,,NO_SITE
n.ht,https://n.ht,NONE
n.hu,,NO_SITE
n.id,,NO_SITE
n.ie,,NO_SITE
n.il,,NO_SITE
n.im,,NO_SITE
n.in,,NO_SITE
n.io,,NO_SITE
n.iq,,NO_SITE
n.ir,,NO_SITE
n.is,,NO_SITE
n.it,,NO_SITE
n.je,,NO_SITE
n.jm,,NO_SITE
n.jo,,NO_SITE
n.jp,,NO_SITE
n.ke,,NO_SITE
n.kg,http://n.kg,NONE
n.kh,,NO_SITE
n.ki,,NO_SITE
n.km,,NO_SITE
n.kn,,NO_SITE
n.kp,,NO_SITE
n.kr,,NO_SITE
n.kw,,NO_SITE
n.ky,,NO_SITE
n.kz,,NO_SITE
n.la,,NO_SITE
n.lb,,NO_SITE
n.lc,,NO_SITE
n.li,,NO_SITE
n.lk,,NO_SITE
n.lr,,NO_SITE
n.ls,https://n.ls,NONE
n.lt,,NO_SITE
n.lu,,NO_SITE
n.lv,,NO_SITE
n.ly,,NO_SITE
n.ma,,NO_SITE
n.mc,,NO_SITE
n.md,,NO_SITE
n.me,https://n.me,NONE
n.mf,,NO_SITE
n.mg,,NO_SITE
n.mh,,NO_SITE
n.mk,http://n.mk,NONE
n.ml,,NO_SITE
n.mm,,NO_SITE
n.mn,,NO_SITE
n.mo,,NO_SITE
n.mp,,NO_SITE
n.mq,,NO_SITE
n.mr,https://n.mr,NONE
n.ms,,NO_SITE
n.mt,,NO_SITE
n.mu,,NO_SITE
n.mv,,NO_SITE
n.mw,http://n.mw,NONE
n.mx,,NO_SITE
n.my,https://n.my,NONE
n.mz,,NO_SITE
n.na,,NO_SITE
n.nc,,NO_SITE
n.ne,,NO_SITE
n.nf,https://n.nf,NONE
n.ng,,NO_SITE
n.ni,,NO_SITE
n.nl,,NO_SITE
n.no,,NO_SITE
n.np,,NO_SITE
n.nr,,NO_SITE
n.nu,https://n.nu,89
n.nz,,NO_SITE
n.om,,NO_SITE
n.pa,,NO_SITE
n.pe,,NO_SITE
n.pf,,NO_SITE
n.pg,,NO_SITE
n.ph,http://n.ph,NO_TEXT
n.pk,,NO_SITE
n.pl,,NO_SITE
n.pm,,NO_SITE
n.pn,http://n.pn,NONE
n.pr,,NO_SITE
n.ps,,NO_SITE
n.pt,,NO_SITE
n.pw,,NO_SITE
n.py,,NO_SITE
n.qa,,NO_SITE
n.re,,NO_SITE
n.ro,https://n.ro,NONE
n.rs,,NO_SITE
n.ru,,NO_SITE
n.rw,https://n.rw,NONE
n.sa,,NO_SITE
n.sb,https://n.sb,NO_TEXT
n.sc,,NO_SITE
n.sd,,NO_SITE
n.se,,NO_SITE
n.sg,,NO_SITE
n.sh,https://n.sh,NONE
n.si,,NO_SITE
n.sj,,NO_SITE
n.sk,https://n.sk,690000
n.sl,https://n.sl,2.99
n.sm,,NO_SITE
n.sn,,NO_SITE
n.so,,NO_SITE
n.sr,,NO_SITE
n.ss,,NO_SITE
n.st,https://n.st,NONE
n.su,,NO_SITE
n.sv,,NO_SITE
n.sx,,NO_SITE
n.sy,,NO_SITE
n.sz,,NO_SITE
n.tc,,NO_SITE
n.td,https://n.td,NONE
n.tf,,NO_SITE
n.tg,,NO_SITE
n.th,,NO_SITE
n.tj,,NO_SITE
n.tk,,NO_SITE
n.tl,https://n.tl,NO_TEXT
n.tm,http://n.tm,NONE
n.tn,,NO_SITE
n.to,,NO_SITE
n.tp,,NO_SITE
n.tr,,NO_SITE
n.tt,,NO_SITE
n.tv,https://n.tv,NONE
n.tw,,NO_SITE
n.tz,,NO_SITE
n.ua,,NO_SITE
n.ug,,NO_SITE
n.uk,https://n.uk,NONE
n.um,,NO_SITE
n.us,,NO_SITE
n.uy,,NO_SITE
n.uz,,NO_SITE
n.va,,NO_SITE
n.vc,,NO_SITE
n.ve,,NO_SITE
n.vg,https://n.vg,NONE
n.vi,,NO_SITE
n.vn,,NO_SITE
n.vu,https://n.vu,NONE
n.wf,,NO_SITE
n.ws,http://n.ws,NONE
n.ye,,NO_SITE
n.yt,,NO_SITE
n.za,,NO_SITE
n.zm,,NO_SITE
n.zw,,NO_SITE
o.ac,http://o.ac,NONE
o.ad,,NO_SITE
o.ae,,NO_SITE
o.af,,NO_SITE
o.ag,,NO_SITE
o.ai,http://o.ai,NONE
o.al,,NO_SITE
o.am,,NO_SITE
o.an,,NO_SITE
o.ao,,NO_SITE
o.aq,,NO_SITE
o.ar,,NO_SITE
o.as,,NO_SITE
o.at,http://o.at,NONE
o.au,,NO_SITE
o.aw,,NO_SITE
o.ax,,NO_SITE
o.az,,NO_SITE
o.ba,,NO_SITE
o.bb,,NO_SITE
o.bd,,NO_SITE
o.be,,NO_SITE
o.bf,,NO_SITE
o.bg,,NO_SITE
o.bh,,NO_SITE
o.bi,,NO_SITE
o.bj,,NO_SITE
o.bm,,NO_SITE
o.bn,,NO_SITE
o.bo,https://o.bo,NONE
o.br,,NO_SITE
o.bs,,NO_SITE
o.bt,,NO_SITE
o.bv,,NO_SITE
o.bw,http://o.bw,5
o.by,,NO_SITE
o.bz,,NO_SITE
o.ca,,NO_SITE
o.cc,http://o.cc,NONE
o.cd,,NO_SITE
o.cf,,NO_SITE
o.cg,https://o.cg,NONE
o.ch,,NO_SITE
o.ci,,NO_SITE
o.ck,,NO_SITE
o.cl,,NO_SITE
o.cm,,NO_SITE
o.cn,,NO_SITE
o.co,https://o.co,NONE
o.cr,,NO_SITE
o.cu,,NO_SITE
o.cv,https://o.cv,NONE
o.cw,,NO_SITE
o.cx,,NO_SITE
o.cy,,NO_SITE
o.cz,,NO_SITE
o.de,,NO_SITE
o.dj,,NO_SITE
o.dk,http://o.dk,NONE
o.dm,,NO_SITE
o.do,,NO_SITE
o.dz,,NO_SITE
o.ec,,NO_SITE
o.ee,https://o.ee,NONE
o.eg,,NO_SITE
o.er,,NO_SITE
o.es,,NO_SITE
o.et,https://o.et,NONE
o.eu,,NO_SITE
o.fi,,NO_SITE
o.fj,,NO_SITE
o.fk,,NO_SITE
o.fm,https://o.fm,NONE
o.fo,,NO_SITE
o.fr,,NO_SITE
o.ga,,NO_SITE
o.gb,,NO_SITE
o.gd,https://o.gd,NONE
o.ge,,NO_SITE
o.gf,,NO_SITE
o.gg,https://o.gg,NONE
o.gh,,NO_SITE
o.gi,,NO_SITE
o.gl,,NO_SITE
o.gm,,NO_SITE
o.gn,,NO_SITE
o.gp,,NO_SITE
o.gq,,NO_SITE
o.gr,,NO_SITE
o.gs,https://o.gs,NO_TEXT
o.gt,,NO_SITE
o.gu,,NO_SITE
o.gw,,NO_SITE
o.gy,https://o.gy,75000
o.hk,,NO_SITE
o.hm,https://o.hm,NONE
o.hn,http://o.hn,NO_TEXT
o.hr,,NO_SITE
o.ht,https://o.ht,NONE
o.hu,,NO_SITE
o.id,,NO_SITE
o.ie,,NO_SITE
o.il,,NO_SITE
o.im,,NO_SITE
o.in,,NO_SITE
o.io,,NO_SITE
o.iq,,NO_SITE
o.ir,,NO_SITE
o.is,https://o.is,NONE
o.it,,NO_SITE
o.je,,NO_SITE
o.jm,,NO_SITE
o.jo,,NO_SITE
o.jp,,NO_SITE
o.ke,https://o.ke,NONE
o.kg,https://o.kg,NONE
o.kh,,NO_SITE
o.ki,http://o.ki,NONE
o.km,,NO_SITE
o.kn,,NO_SITE
o.kp,,NO_SITE
o.kr,,NO_SITE
o.kw,,NO_SITE
o.ky,,NO_SITE
o.kz,http://o.kz,NONE
o.la,,NO_SITE
o.lb,,NO_SITE
o.lc,,NO_SITE
o.li,,NO_SITE
o.lk,,NO_SITE
o.lr,,NO_SITE
o.ls,https://o.ls,NONE
o.lt,,NO_SITE
o.lu,https://o.lu,NONE
o.lv,,NO_SITE
o.ly,,NO_SITE
o.ma,,NO_SITE
o.mc,,NO_SITE
o.md,,NO_SITE
o.me,https://o.me,NONE
o.mf,,NO_SITE
o.mg,,NO_SITE
o.mh,,NO_SITE
o.mk,http://o.mk,NONE
o.ml,,NO_SITE
o.mm,,NO_SITE
o.mn,,NO_SITE
o.mo,,NO_SITE
o.mp,,NO_SITE
o.mq,,NO_SITE
o.mr,,NO_SITE
o.ms,,NO_SITE
o.mt,,NO_SITE
o.mu,,NO_SITE
o.mv,,NO_SITE
o.mw,http://o.mw,NONE
o.mx,,NO_SITE
o.my,https://o.my,NONE
o.mz,,NO_SITE
o.na,,NO_SITE
o.nc,,NO_SITE
o.ne,https://o.ne,NONE
o.nf,,NO_SITE
o.ng,,NO_SITE
o.ni,,NO_SITE
o.nl,,NO_SITE
o.no,,NO_SITE
o.np,,NO_SITE
o.nr,,NO_SITE
o.nu,http://o.nu,NONE
o.nz,,NO_SITE
o.om,,NO_SITE
o.pa,,NO_SITE
o.pe,,NO_SITE
o.pf,,NO_SITE
o.pg,,NO_SITE
o.ph,http://o.ph,NO_TEXT
o.pk,,NO_SITE
o.pl,https://o.pl,NONE
o.pm,,NO_SITE
o.pn,https://o.pn,NONE
o.pr,,NO_SITE
o.ps,,NO_SITE
o.pt,,NO_SITE
o.pw,,NO_SITE
o.py,,NO_SITE
o.qa,,NO_SITE
o.re,,NO_SITE
o.ro,http://o.ro,NONE
o.rs,,NO_SITE
o.ru,,NO_SITE
o.rw,,NO_SITE
o.sa,,NO_SITE
o.sb,https://o.sb,NONE
o.sc,,NO_SITE
o.sd,,NO_SITE
o.se,,NO_SITE
o.sg,,NO_SITE
o.sh,https://o.sh,NONE
o.si,,NO_SITE
o.sj,,NO_SITE
o.sk,https://o.sk,NONE
o.sl,,NO_SITE
o.sm,,NO_SITE
o.sn,,NO_SITE
o.so,,NO_SITE
o.sr,,NO_SITE
o.ss,,NO_SITE
o.st,,NO_SITE
o.su,,NO_SITE
o.sv,,NO_SITE
o.sx,,NO_SITE
o.sy,,NO_SITE
o.sz,,NO_SITE
o.tc,,NO_SITE
o.td,,NO_SITE
o.tf,,NO_SITE
o.tg,,NO_SITE
o.th,,NO_SITE
o.tj,,NO_SITE
o.tk,,NO_SITE
o.tl,https://o.tl,NONE
o.tm,http://o.tm,NONE
o.tn,,NO_SITE
o.to,,NO_SITE
o.tp,,NO_SITE
o.tr,,NO_SITE
o.tt,https://o.tt,NONE
o.tv,https://o.tv,NONE
o.tw,,NO_SITE
o.tz,,NO_SITE
o.ua,https://o.ua,45000
o.ug,,NO_SITE
o.uk,,NO_SITE
o.um,,NO_SITE
o.us,,NO_SITE
o.uy,,NO_SITE
o.uz,,NO_SITE
o.va,,NO_SITE
o.vc,,NO_SITE
o.ve,,NO_SITE
o.vg,https://o.vg,NONE
o.vi,,NO_SITE
o.vn,,NO_SITE
o.vu,,NO_SITE
o.wf,,NO_SITE
o.ws,http://o.ws,NONE
o.ye,,NO_SITE
o.yt,,NO_SITE
o.za,,NO_SITE
o.zm,,NO_SITE
o.zw,,NO_SITE
p.ac,,NO_SITE
p.ad,,NO_SITE
p.ae,,NO_SITE
p.af,https://p.af,NO_TEXT
p.ag,,NO_SITE
p.ai,https://p.ai,NONE
p.al,,NO_SITE
p.am,,NO_SITE
p.an,,NO_SITE
p.ao,,NO_SITE
p.aq,,NO_SITE
p.ar,https://p.ar,NO_TEXT
p.as,,NO_SITE
p.at,,NO_SITE
p.au,,NO_SITE
p.aw,,NO_SITE
p.ax,,NO_SITE
p.az,,NO_SITE
p.ba,,NO_SITE
p.bb,,NO_SITE
p.bd,,NO_SITE
p.be,,NO_SITE
p.bf,,NO_SITE
p.bg,,NO_SITE
p.bh,,NO_SITE
p.bi,,NO_SITE
p.bj,,NO_SITE
p.bm,,NO_SITE
p.bn,,NO_SITE
p.bo,https://p.bo,NONE
p.br,,NO_SITE
p.bs,,NO_SITE
p.bt,,NO_SITE
p.bv,,NO_SITE
p.bw,http://p.bw,NONE
p.by,,NO_SITE
p.bz,https://p.bz,NO_TEXT
p.ca,,NO_SITE
p.cc,,NO_SITE
p.cd,,NO_SITE
p.cf,,NO_SITE
p.cg,http://p.cg,NONE
p.ch,,NO_SITE
p.ci,,NO_SITE
p.ck,,NO_SITE
p.cl,https://p.cl,NO_TEXT
p.cm,,NO_SITE
p.cn,https://p.cn,NONE
p.co,https://p.co,NONE
p.cr,,NO_SITE
p.cu,,NO_SITE
p.cv,https://p.cv,NONE
p.cw,,NO_SITE
p.cx,,NO_SITE
p.cy,,NO_SITE
p.cz,http://p.cz,NONE
p.de,https://p.de,NONE
p.dj,,NO_SITE
p.dk,https://p.dk,NONE
p.dm,https://p.dm,NONE
p.do,,NO_SITE
p.dz,,NO_SITE
p.ec,,NO_SITE
p.ee,,NO_SITE
p.eg,,NO_SITE
p.er,,NO_SITE
p.es,,NO_SITE
p.et,,NO_SITE
p.eu,,NO_SITE
p.fi,,NO_SITE
p.fj,,NO_SITE
p.fk,,NO_SITE
p.fm,http://p.fm,NONE
p.fo,,NO_SITE
p.fr,,NO_SITE
p.ga,,NO_SITE
p.gb,,NO_SITE
p.gd,,NO_SITE
p.ge,,NO_SITE
p.gf,,NO_SITE
p.gg,,NO_SITE
p.gh,,NO_SITE
p.gi,,NO_SITE
p.gl,https://p.gl,NONE
p.gm,,NO_SITE
p.gn,,NO_SITE
p.gp,,NO_SITE
p.gq,,NO_SITE
p.gr,,NO_SITE
p.gs,http://p.gs,NONE
p.gt,http://p.gt,NONE
p.gu,,NO_SITE
p.gw,,NO_SITE
p.gy,https://p.gy,NO_TEXT
p.hk,,NO_SITE
p.hm,http://p.hm,NONE
p.hn,,NO_SITE
p.hr,http://p.hr,NONE
p.ht,,NO_SITE
p.hu,,NO_SITE
p.id,,NO_SITE
p.ie,https://p.ie,NONE
p.il,,NO_SITE
p.im,,NO_SITE
p.in,,NO_SITE
p.io,https://p.io,NO_TEXT
p.iq,,NO_SITE
p.ir,,NO_SITE
p.is,,NO_SITE
p.it,,NO_SITE
p.je,,NO_SITE
p.jm,,NO_SITE
p.jo,,NO_SITE
p.jp,,NO_SITE
p.ke,http://p.ke,NONE
p.kg,http://p.kg,NONE
p.kh,,NO_SITE
p.ki,,NO_SITE
p.km,,NO_SITE
p.kn,,NO_SITE
p.kp,,NO_SITE
p.kr,,NO_SITE
p.kw,,NO_SITE
p.ky,,NO_SITE
p.kz,https://p.kz,NONE
p.la,,NO_SITE
p.lb,,NO_SITE
p.lc,,NO_SITE
p.li,,NO_SITE
p.lk,,NO_SITE
p.lr,,NO_SITE
p.ls,,NO_SITE
p.lt,,NO_SITE
p.lu,https://p.lu,NONE
p.lv,,NO_SITE
p.ly,,NO_SITE
p.ma,,NO_SITE
p.mc,,NO_SITE
p.md,,NO_SITE
p.me,,NO_SITE
p.mf,,NO_SITE
p.mg,,NO_SITE
p.mh,,NO_SITE
p.mk,https://p.mk,NONE
p.ml,,NO_SITE
p.mm,,NO_SITE
p.mn,,NO_SITE
p.mo,,NO_SITE
p.mp,,NO_SITE
p.mq,,NO_SITE
p.mr,https://p.mr,NONE
p.ms,http://p.ms,NONE
p.mt,,NO_SITE
p.mu,,NO_SITE
p.mv,,NO_SITE
p.mw,http://p.mw,NONE
p.mx,,NO_SITE
p.my,https://p.my,NONE
p.mz,,NO_SITE
p.na,,NO_SITE
p.nc,,NO_SITE
p.ne,,NO_SITE
p.nf,http://p.nf,NONE
p.ng,,NO_SITE
p.ni,,NO_SITE
p.nl,,NO_SITE
p.no,,NO_SITE
p.np,,NO_SITE
p.nr,,NO_SITE
p.nu,https://p.nu,NO_TEXT
p.nz,,NO_SITE
p.om,,NO_SITE
p.pa,,NO_SITE
p.pe,https://p.pe,NO_TEXT
p.pf,,NO_SITE
p.pg,,NO_SITE
p.ph,http://p.ph,NO_TEXT
p.pk,,NO_SITE
p.pl,https://p.pl,NONE
p.pm,,NO_SITE
p.pn,,NO_SITE
p.pr,,NO_SITE
p.ps,,NO_SITE
p.pt,,NO_SITE
p.pw,http://p.pw,NONE
p.py,,NO_SITE
p.qa,,NO_SITE
p.re,,NO_SITE
p.ro,,NO_SITE
p.rs,,NO_SITE
p.ru,,NO_SITE
p.rw,https://p.rw,NONE
p.sa,,NO_SITE
p.sb,https://p.sb,NONE
p.sc,https://p.sc,NONE
p.sd,,NO_SITE
p.se,,NO_SITE
p.sg,,NO_SITE
p.sh,http://p.sh,NONE
p.si,,NO_SITE
p.sj,,NO_SITE
p.sk,,NO_SITE
p.sl,,NO_SITE
p.sm,,NO_SITE
p.sn,,NO_SITE
p.so,,NO_SITE
p.sr,,NO_SITE
p.ss,,NO_SITE
p.st,,NO_SITE
p.su,,NO_SITE
p.sv,,NO_SITE
p.sx,,NO_SITE
p.sy,,NO_SITE
p.sz,,NO_SITE
p.tc,,NO_SITE
p.td,,NO_SITE
p.tf,,NO_SITE
p.tg,,NO_SITE
p.th,,NO_SITE
p.tj,,NO_SITE
p.tk,,NO_SITE
p.tl,,NO_SITE
p.tm,http://p.tm,NONE
p.tn,,NO_SITE
p.to,https://p.to,NONE
p.tp,,NO_SITE
p.tr,,NO_SITE
p.tt,https://p.tt,NONE
p.tv,http://p.tv,NONE
p.tw,,NO_SITE
p.tz,,NO_SITE
p.ua,https://p.ua,NONE
p.ug,,NO_SITE
p.uk,https://p.uk,NONE
p.um,,NO_SITE
p.us,,NO_SITE
p.uy,,NO_SITE
p.uz,,NO_SITE
p.va,,NO_SITE
p.vc,,NO_SITE
p.ve,,NO_SITE
p.vg,https://p.vg,NONE
p.vi,,NO_SITE
p.vn,,NO_SITE
p.vu,http://p.vu,NONE
p.wf,,NO_SITE
p.ws,http://p.ws,NONE
p.ye,,NO_SITE
p.yt,,NO_SITE
p.za,,NO_SITE
p.zm,,NO_SITE
p.zw,,NO_SITE
q.ac,http://q.ac,NONE
q.ad,,NO_SITE
q.ae,,NO_SITE
q.af,https://q.af,NO_TEXT
q.ag,https://q.ag,NONE
q.ai,https://q.ai,NONE
q.al,,NO_SITE
q.am,http://q.am,NONE
q.an,,NO_SITE
q.ao,,NO_SITE
q.aq,,NO_SITE
q.ar,,NO_SITE
q.as,,NO_SITE
q.at,http://q.at,NONE
q.au,,NO_SITE
q.aw,,NO_SITE
q.ax,,NO_SITE
q.az,,NO_SITE
q.ba,,NO_SITE
q.bb,,NO_SITE
q.bd,,NO_SITE
q.be,,NO_SITE
q.bf,,NO_SITE
q.bg,,NO_SITE
q.bh,,NO_SITE
q.bi,,NO_SITE
q.bj,,NO_SITE
q.bm,,NO_SITE
q.bn,,NO_SITE
q.bo,https://q.bo,NONE
q.br,,NO_SITE
q.bs,,NO_SITE
q.bt,,NO_SITE
q.bv,,NO_SITE
q.bw,http://q.bw,NONE
q.by,,NO_SITE
q.bz,,NO_SITE
q.ca,,NO_SITE
q.cc,,NO_SITE
q.cd,,NO_SITE
q.cf,,NO_SITE
q.cg,,NO_SITE
q.ch,,NO_SITE
q.ci,,NO_SITE
q.ck,,NO_SITE
q.cl,,NO_SITE
q.cm,http://q.cm,12
q.cn,,NO_SITE
q.co,,NO_SITE
q.cr,https://q.cr,NONE
q.cu,,NO_SITE
q.cv,,NO_SITE
q.cw,,NO_SITE
q.cx,,NO_SITE
q.cy,,NO_SITE
q.cz,https://q.cz,NONE
q.de,https://q.de,NONE
q.dj,,NO_SITE
q.dk,http://q.dk,NONE
q.dm,,NO_SITE
q.do,,NO_SITE
q.dz,,NO_SITE
q.ec,,NO_SITE
q.ee,,NO_SITE
q.eg,,NO_SITE
q.er,,NO_SITE
q.es,,NO_SITE
q.et,,NO_SITE
q.eu,,NO_SITE
q.fi,,NO_SITE
q.fj,,NO_SITE
q.fk,,NO_SITE
q.fm,http://q.fm,NONE
q.fo,,NO_SITE
q.fr,,NO_SITE
q.ga,,NO_SITE
q.gb,,NO_SITE
q.gd,http://q.gd,NONE
q.ge,,NO_SITE
q.gf,,NO_SITE
q.gg,,NO_SITE
q.gh,,NO_SITE
q.gi,,NO_SITE
q.gl,,NO_SITE
q.gm,,NO_SITE
q.gn,,NO_SITE
q.gp,,NO_SITE
q.gq,,NO_SITE
q.gr,,NO_SITE
q.gs,https://q.gs,NONE
q.gt,https://q.gt,NONE
q.gu,,NO_SITE
q.gw,,NO_SITE
q.gy,,NO_SITE
q.hk,,NO_SITE
q.hm,http://q.hm,NONE
q.hn,,NO_SITE
q.hr,,NO_SITE
q.ht,https://q.ht,NONE
q.hu,,NO_SITE
q.id,http://q.id,NONE
q.ie,,NO_SITE
q.il,,NO_SITE
q.im,,NO_SITE
q.in,,NO_SITE
q.io,https://q.io,NO_TEXT
q.iq,,NO_SITE
q.ir,,NO_SITE
q.is,https://q.is,NONE
q.it,,NO_SITE
q.je,,NO_SITE
q.jm,,NO_SITE
q.jo,,NO_SITE
q.jp,,NO_SITE
q.ke,http://q.ke,NONE
q.kg,,NO_SITE
q.kh,,NO_SITE
q.ki,,NO_SITE
q.km,,NO_SITE
q.kn,,NO_SITE
q.kp,,NO_SITE
q.kr,,NO_SITE
q.kw,,NO_SITE
q.ky,,NO_SITE
q.kz,,NO_SITE
q.la,,NO_SITE
q.lb,,NO_SITE
q.lc,,NO_SITE
q.li,,NO_SITE
q.lk,,NO_SITE
q.lr,,NO_SITE
q.ls,,NO_SITE
q.lt,,NO_SITE
q.lu,,NO_SITE
q.lv,,NO_SITE
q.ly,https://q.ly,NONE
q.ma,,NO_SITE
q.mc,,NO_SITE
q.md,,NO_SITE
q.me,https://q.me,NONE
q.mf,,NO_SITE
q.mg,,NO_SITE
q.mh,,NO_SITE
q.mk,,NO_SITE
q.ml,,NO_SITE
q.mm,,NO_SITE
q.mn,,NO_SITE
q.mo,,NO_SITE
q.mp,,NO_SITE
q.mq,,NO_SITE
q.mr,,NO_SITE
q.ms,,NO_SITE
q.mt,,NO_SITE
q.mu,,NO_SITE
q.mv,,NO_SITE
q.mw,http://q.mw,NONE
q.mx,,NO_SITE
q.my,,NO_SITE
q.mz,,NO_SITE
q.na,,NO_SITE
q.nc,,NO_SITE
q.ne,,NO_SITE
q.nf,http://q.nf,NONE
q.ng,,NO_SITE
q.ni,,NO_SITE
q.nl,,NO_SITE
q.no,,NO_SITE
q.np,,NO_SITE
q.nr,,NO_SITE
q.nu,,NO_SITE
q.nz,,NO_SITE
q.om,,NO_SITE
q.pa,,NO_SITE
q.pe,,NO_SITE
q.pf,,NO_SITE
q.pg,,NO_SITE
q.ph,http://q.ph,NO_TEXT
q.pk,,NO_SITE
q.pl,,NO_SITE
q.pm,,NO_SITE
q.pn,http://q.pn,NONE
q.pr,,NO_SITE
q.ps,,NO_SITE
q.pt,,NO_SITE
q.pw,,NO_SITE
q.py,,NO_SITE
q.qa,,NO_SITE
q.re,,NO_SITE
q.ro,,NO_SITE
q.rs,,NO_SITE
q.ru,,NO_SITE
q.rw,,NO_SITE
q.sa,,NO_SITE
q.sb,,NO_SITE
q.sc,,NO_SITE
q.sd,,NO_SITE
q.se,,NO_SITE
q.sg,,NO_SITE
q.sh,http://q.sh,NONE
q.si,,NO_SITE
q.sj,,NO_SITE
q.sk,https://q.sk,NONE
q.sl,,NO_SITE
q.sm,,NO_SITE
q.sn,,NO_SITE
q.so,,NO_SITE
q.sr,,NO_SITE
q.ss,,NO_SITE
q.st,http://q.st,NONE
q.su,,NO_SITE
q.sv,,NO_SITE
q.sx,,NO_SITE
q.sy,,NO_SITE
q.sz,,NO_SITE
q.tc,,NO_SITE
q.td,https://q.td,NONE
q.tf,,NO_SITE
q.tg,,NO_SITE
q.th,,NO_SITE
q.tj,,NO_SITE
q.tk,,NO_SITE
q.tl,,NO_SITE
q.tm,http://q.tm,NONE
q.tn,,NO_SITE
q.to,https://q.to,NONE
q.tp,,NO_SITE
q.tr,,NO_SITE
q.tt,,NO_SITE
q.tv,https://q.tv,NONE
q.tw,,NO_SITE
q.tz,,NO_SITE
q.ua,https://q.ua,15000
q.ug,,NO_SITE
q.uk,,NO_SITE
q.um,,NO_SITE
q.us,,NO_SITE
q.uy,https://q.uy,NO_TEXT
q.uz,,NO_SITE
q.va,,NO_SITE
q.vc,,NO_SITE
q.ve,,NO_SITE
q.vg,https://q.vg,NO_TEXT
q.vi,,NO_SITE
q.vn,,NO_SITE
q.vu,http://q.vu,1.5
q.wf,,NO_SITE
q.ws,http://q.ws,NONE
q.ye,,NO_SITE
q.yt,,NO_SITE
q.za,,NO_SITE
q.zm,,NO_SITE
q.zw,,NO_SITE
r.ac,https://r.ac,NONE
r.ad,,NO_SITE
r.ae,,NO_SITE
r.af,,NO_SITE
r.ag,,NO_SITE
r.ai,https://r.ai,NONE
r.al,,NO_SITE
r.am,,NO_SITE
r.an,,NO_SITE
r.ao,,NO_SITE
r.aq,,NO_SITE
r.ar,,NO_SITE
r.as,,NO_SITE
r.at,https://r.at,NONE
r.au,,NO_SITE
r.aw,,NO_SITE
r.ax,,NO_SITE
r.az,,NO_SITE
r.ba,,NO_SITE
r.bb,,NO_SITE
r.bd,,NO_SITE
r.be,,NO_SITE
r.bf,,NO_SITE
r.bg,,NO_SITE
r.bh,,NO_SITE
r.bi,,NO_SITE
r.bj,,NO_SITE
r.bm,,NO_SITE
r.bn,,NO_SITE
r.bo,https://r.bo,NONE
r.br,,NO_SITE
r.bs,,NO_SITE
r.bt,,NO_SITE
r.bv,,NO_SITE
r.bw,https://r.bw,NONE
r.by,,NO_SITE
r.bz,http://r.bz,NO_TEXT
r.ca,,NO_SITE
r.cc,http://r.cc,NONE
r.cd,,NO_SITE
r.cf,,NO_SITE
r.cg,,NO_SITE
r.ch,,NO_SITE
r.ci,,NO_SITE
r.ck,,NO_SITE
r.cl,http://r.cl,NONE
r.cm,https://r.cm,NO_TEXT
r.cn,http://r.cn,NONE
r.co,https://r.co,NONE
r.cr,https://r.cr,NONE
r.cu,,NO_SITE
r.cv,,NO_SITE
r.cw,,NO_SITE
r.cx,http://r.cx,NONE
r.cy,,NO_SITE
r.cz,,NO_SITE
r.de,http://r.de,NONE
r.dj,,NO_SITE
r.dk,http://r.dk,NONE
r.dm,,NO_SITE
r.do,,NO_SITE
r.dz,,NO_SITE
r.ec,,NO_SITE
r.ee,https://r.ee,NONE
r.eg,,NO_SITE
r.er,,NO_SITE
r.es,,NO_SITE
r.et,http://r.et,NONE
r.eu,,NO_SITE
r.fi,,NO_SITE
r.fj,,NO_SITE
r.fk,,NO_SITE
r.fm,https://r.fm,NO_TEXT
r.fo,https://r.fo,NONE
r.fr,,NO_SITE
r.ga,,NO_SITE
r.gb,,NO_SITE
r.gd,https://r.gd,NONE
r.ge,,NO_SITE
r.gf,,NO_SITE
r.gg,,NO_SITE
r.gh,,NO_SITE
r.gi,,NO_SITE
r.gl,,NO_SITE
r.gm,,NO_SITE
r.gn,,NO_SITE
r.gp,,NO_SITE
r.gq,,NO_SITE
r.gr,,NO_SITE
r.gs,https://r.gs,NONE
r.gt,,NO_SITE
r.gu,,NO_SITE
r.gw,,NO_SITE
r.gy,https://r.gy,35000
r.hk,,NO_SITE
r.hm,http://r.hm,NO_TEXT
r.hn,,NO_SITE
r.hr,https://r.hr,25000
r.ht,https://r.ht,NONE
r.hu,,NO_SITE
r.id,,NO_SITE
r.ie,,NO_SITE
r.il,,NO_SITE
r.im,https://r.im,NONE
r.in,,NO_SITE
r.io,,NO_SITE
r.iq,,NO_SITE
r.ir,,NO_SITE
r.is,,NO_SITE
r.it,,NO_SITE
r.je,https://r.je,NONE
r.jm,,NO_SITE
r.jo,,NO_SITE
r.jp,,NO_SITE
r.ke,https://r.ke,NONE
r.kg,,NO_SITE
r.kh,,NO_SITE
r.ki,,NO_SITE
r.km,,NO_SITE
r.kn,,NO_SITE
r.kp,,NO_SITE
r.kr,,NO_SITE
r.kw,,NO_SITE
r.ky,,NO_SITE
r.kz,,NO_SITE
r.la,,NO_SITE
r.lb,,NO_SITE
r.lc,,NO_SITE
r.li,,NO_SITE
r.lk,,NO_SITE
r.lr,,NO_SITE
r.ls,,NO_SITE
r.lt,,NO_SITE
r.lu,,NO_SITE
r.lv,,NO_SITE
r.ly,,NO_SITE
r.ma,,NO_SITE
r.mc,,NO_SITE
r.md,https://r.md,NONE
r.me,,NO_SITE
r.mf,,NO_SITE
r.mg,,NO_SITE
r.mh,,NO_SITE
r.mk,http://r.mk,NONE
r.ml,,NO_SITE
r.mm,,NO_SITE
r.mn,,NO_SITE
r.mo,,NO_SITE
r.mp,,NO_SITE
r.mq,,NO_SITE
r.mr,,NO_SITE
r.ms,,NO_SITE
r.mt,,NO_SITE
r.mu,,NO_SITE
r.mv,,NO_SITE
r.mw,http://r.mw,NONE
r.mx,,NO_SITE
r.my,,NO_SITE
r.mz,,NO_SITE
r.na,,NO_SITE
r.nc,,NO_SITE
r.ne,,NO_SITE
r.nf,https://r.nf,NONE
r.ng,,NO_SITE
r.ni,,NO_SITE
r.nl,,NO_SITE
r.no,,NO_SITE
r.np,,NO_SITE
r.nr,,NO_SITE
r.nu,,NO_SITE
r.nz,https://r.nz,NONE
r.om,,NO_SITE
r.pa,,NO_SITE
r.pe,https://r.pe,NO_TEXT
r.pf,,NO_SITE
r.pg,,NO_SITE
r.ph,http://r.ph,NO_TEXT
r.pk,,NO_SITE
r.pl,https://r.pl,NONE
r.pm,,NO_SITE
r.pn,http://r.pn,NONE
r.pr,,NO_SITE
r.ps,,NO_SITE
r.pt,,NO_SITE
r.pw,,NO_SITE
r.py,,NO_SITE
r.qa,,NO_SITE
r.re,,NO_SITE
r.ro,https://r.ro,NONE
r.rs,,NO_SITE
r.ru,,NO_SITE
r.rw,https://r.rw,NONE
r.sa,,NO_SITE
r.sb,https://r.sb,NONE
r.sc,,NO_SITE
r.sd,,NO_SITE
r.se,,NO_SITE
r.sg,,NO_SITE
r.sh,http://r.sh,NONE
r.si,,NO_SITE
r.sj,,NO_SITE
r.sk,,NO_SITE
r.sl,,NO_SITE
r.sm,,NO_SITE
r.sn,http://r.sn,NONE
r.so,,NO_SITE
r.sr,,NO_SITE
r.ss,,NO_SITE
r.st,https://r.st,NONE
r.su,,NO_SITE
r.sv,https://r.sv,NONE
r.sx,,NO_SITE
r.sy,,NO_SITE
r.sz,,NO_SITE
r.tc,,NO_SITE
r.td,http://r.td,NONE
r.tf,,NO_SITE
r.tg,,NO_SITE
r.th,,NO_SITE
r.tj,,NO_SITE
r.tk,,NO_SITE
r.tl,,NO_SITE
r.tm,http://r.tm,NONE
r.tn,,NO_SITE
r.to,https://r.to,150000
r.tp,,NO_SITE
r.tr,,NO_SITE
r.tt,,NO_SITE
r.tv,https://r.tv,NONE
r.tw,,NO_SITE
r.tz,,NO_SITE
r.ua,,NO_SITE
r.ug,,NO_SITE
r.uk,https://r.uk,NONE
r.um,,NO_SITE
r.us,,NO_SITE
r.uy,,NO_SITE
r.uz,,NO_SITE
r.va,,NO_SITE
r.vc,https://r.vc,NONE
r.ve,,NO_SITE
r.vg,https://r.vg,NO_TEXT
r.vi,,NO_SITE
r.vn,,NO_SITE
r.vu,,NO_SITE
r.wf,,NO_SITE
r.ws,http://r.ws,NONE
r.ye,,NO_SITE
r.yt,,NO_SITE
r.za,,NO_SITE
r.zm,,NO_SITE
r.zw,,NO_SITE
s.ac,http://s.ac,NONE
s.ad,,NO_SITE
s.ae,,NO_SITE
s.af,http://s.af,NONE
s.ag,,NO_SITE
s.ai,https://s.ai,NONE
s.al,,NO_SITE
s.am,https://s.am,NO_TEXT
s.an,,NO_SITE
s.ao,,NO_SITE
s.aq,,NO_SITE
s.ar,https://s.ar,NONE
s.as,,NO_SITE
s.at,,NO_SITE
s.au,,NO_SITE
s.aw,,NO_SITE
s.ax,,NO_SITE
s.az,,NO_SITE
s.ba,,NO_SITE
s.bb,,NO_SITE
s.bd,,NO_SITE
s.be,,NO_SITE
s.bf,,NO_SITE
s.bg,,NO_SITE
s.bh,,NO_SITE
s.bi,,NO_SITE
s.bj,,NO_SITE
s.bm,,NO_SITE
s.bn,,NO_SITE
s.bo,https://s.bo,NONE
s.br,,NO_SITE
s.bs,,NO_SITE
s.bt,,NO_SITE
s.bv,,NO_SITE
s.bw,http://s.bw,NONE
s.by,,NO_SITE
s.bz,,NO_SITE
s.ca,,NO_SITE
s.cc,,NO_SITE
s.cd,,NO_SITE
s.cf,,NO_SITE
s.cg,http://s.cg,NONE
s.ch,,NO_SITE
s.ci,,NO_SITE
s.ck,,NO_SITE
s.cl,https://s.cl,NONE
s.cm,https://s.cm,NO_TEXT
s.cn,,NO_SITE
s.co,https://s.co,NONE
s.cr,https://s.cr,NONE
s.cu,,NO_SITE
s.cv,,NO_SITE
s.cw,,NO_SITE
s.cx,,NO_SITE
s.cy,,NO_SITE
s.cz,,NO_SITE
s.de,https://s.de,NONE
s.dj,,NO_SITE
s.dk,https://s.dk,NONE
s.dm,https://s.dm,0.015
s.do,,NO_SITE
s.dz,,NO_SITE
s.ec,,NO_SITE
s.ee,https://s.ee,NONE
s.eg,,NO_SITE
s.er,,NO_SITE
s.es,,NO_SITE
s.et,https://s.et,NONE
s.eu,,NO_SITE
s.fi,,NO_SITE
s.fj,,NO_SITE
s.fk,,NO_SITE
s.fm,https://s.fm,NONE
s.fo,https://s.fo,NONE
s.fr,,NO_SITE
s.ga,,NO_SITE
s.gb,,NO_SITE
s.gd,,NO_SITE
s.ge,,NO_SITE
s.gf,,NO_SITE
s.gg,https://s.gg,NONE
s.gh,,NO_SITE
s.gi,,NO_SITE
s.gl,,NO_SITE
s.gm,,NO_SITE
s.gn,,NO_SITE
s.gp,,NO_SITE
s.gq,,NO_SITE
s.gr,,NO_SITE
s.gs,https://s.gs,NONE
s.gt,https://s.gt,NONE
s.gu,,NO_SITE
s.gw,,NO_SITE
s.gy,,NO_SITE
s.hk,,NO_SITE
s.hm,http://s.hm,NONE
s.hn,http://s.hn,NONE
s.hr,,NO_SITE
s.ht,https://s.ht,NONE
s.hu,,NO_SITE
s.id,https://s.id,NONE
s.ie,https://s.ie,NONE
s.il,,NO_SITE
s.im,https://s.im,NONE
s.in,,NO_SITE
s.io,,NO_SITE
s.iq,,NO_SITE
s.ir,,NO_SITE
s.is,https://s.is,NONE
s.it,,NO_SITE
s.je,,NO_SITE
s.jm,,NO_SITE
s.jo,,NO_SITE
s.jp,,NO_SITE
s.ke,http://s.ke,NONE
s.kg,http://s.kg,NONE
s.kh,,NO_SITE
s.ki,,NO_SITE
s.km,,NO_SITE
s.kn,,NO_SITE
s.kp,,NO_SITE
s.kr,,NO_SITE
s.kw,,NO_SITE
s.ky,,NO_SITE
s.kz,http://s.kz,NONE
s.la,,NO_SITE
s.lb,,NO_SITE
s.lc,,NO_SITE
s.li,,NO_SITE
s.lk,,NO_SITE
s.lr,,NO_SITE
s.ls,,NO_SITE
s.lt,,NO_SITE
s.lu,,NO_SITE
s.lv,,NO_SITE
s.ly,https://s.ly,NONE
s.ma,,NO_SITE
s.mc,,NO_SITE
s.md,,NO_SITE
s.me,https://s.me,NONE
s.mf,,NO_SITE
s.mg,,NO_SITE
s.mh,,NO_SITE
s.mk,,NO_SITE
s.ml,,NO_SITE
s.mm,,NO_SITE
s.mn,,NO_SITE
s.mo,,NO_SITE
s.mp,,NO_SITE
s.mq,,NO_SITE
s.mr,,NO_SITE
s.ms,,NO_SITE
s.mt,,NO_SITE
s.mu,,NO_SITE
s.mv,,NO_SITE
s.mw,http://s.mw,NONE
s.mx,,NO_SITE
s.my,https://s.my,198000
s.mz,,NO_SITE
s.na,,NO_SITE
s.nc,,NO_SITE
s.ne,,NO_SITE
s.nf,,NO_SITE
s.ng,,NO_SITE
s.ni,,NO_SITE
s.nl,,NO_SITE
s.no,,NO_SITE
s.np,,NO_SITE
s.nr,,NO_SITE
s.nu,https://s.nu,NONE
s.nz,,NO_SITE
s.om,,NO_SITE
s.pa,,NO_SITE
s.pe,https://s.pe,NO_TEXT
s.pf,,NO_SITE
s.pg,,NO_SITE
s.ph,http://s.ph,NO_TEXT
s.pk,,NO_SITE
s.pl,https://s.pl,NONE
s.pm,,NO_SITE
s.pn,http://s.pn,NONE
s.pr,,NO_SITE
s.ps,,NO_SITE
s.pt,,NO_SITE
s.pw,,NO_SITE
s.py,,NO_SITE
s.qa,,NO_SITE
s.re,,NO_SITE
s.ro,http://s.ro,NO_TEXT
s.rs,,NO_SITE
s.ru,,NO_SITE
s.rw,https://s.rw,NONE
s.sa,,NO_SITE
s.sb,https://s.sb,NONE
s.sc,https://s.sc,NO_TEXT
s.sd,,NO_SITE
s.se,,NO_SITE
s.sg,http://s.sg,NONE
s.sh,https://s.sh,NONE
s.si,,NO_SITE
s.sj,,NO_SITE
s.sk,https://s.sk,NONE
s.sl,,NO_SITE
s.sm,,NO_SITE
s.sn,,NO_SITE
s.so,,NO_SITE
s.sr,,NO_SITE
s.ss,,NO_SITE
s.st,,NO_SITE
s.su,,NO_SITE
s.sv,,NO_SITE
s.sx,,NO_SITE
s.sy,,NO_SITE
s.sz,,NO_SITE
s.tc,,NO_SITE
s.td,https://s.td,NONE
s.tf,,NO_SITE
s.tg,,NO_SITE
s.th,,NO_SITE
s.tj,,NO_SITE
s.tk,https://s.tk,NONE
s.tl,,NO_SITE
s.tm,http://s.tm,NONE
s.tn,,NO_SITE
s.to,https://s.to,NONE
s.tp,,NO_SITE
s.tr,,NO_SITE
s.tt,,NO_SITE
s.tv,https://s.tv,NONE
s.tw,,NO_SITE
s.tz,,NO_SITE
s.ua,,NO_SITE
s.ug,,NO_SITE
s.uk,https://s.uk,NONE
s.um,,NO_SITE
s.us,,NO_SITE
s.uy,,NO_SITE
s.uz,,NO_SITE
s.va,,NO_SITE
s.vc,,NO_SITE
s.ve,,NO_SITE
s.vg,https://s.vg,NONE
s.vi,,NO_SITE
s.vn,,NO_SITE
s.vu,https://s.vu,NONE
s.wf,,NO_SITE
s.ws,http://s.ws,NONE
s.ye,,NO_SITE
s.yt,,NO_SITE
s.za,,NO_SITE
s.zm,,NO_SITE
s.zw,,NO_SITE
t.ac,http://t.ac,NONE
t.ad,,NO_SITE
t.ae,,NO_SITE
t.af,,NO_SITE
t.ag,,NO_SITE
t.ai,https://t.ai,NO_TEXT
t.al,,NO_SITE
t.am,,NO_SITE
t.an,,NO_SITE
t.ao,,NO_SITE
t.aq,,NO_SITE
t.ar,https://t.ar,NONE
t.as,,NO_SITE
t.at,https://t.at,NO_TEXT
t.au,,NO_SITE
t.aw,,NO_SITE
t.ax,,NO_SITE
t.az,,NO_SITE
t.ba,,NO_SITE
t.bb,,NO_SITE
t.bd,,NO_SITE
t.be,,NO_SITE
t.bf,,NO_SITE
t.bg,,NO_SITE
t.bh,,NO_SITE
t.bi,,NO_SITE
t.bj,,NO_SITE
t.bm,,NO_SITE
t.bn,,NO_SITE
t.bo,https://t.bo,NONE
t.br,,NO_SITE
t.bs,,NO_SITE
t.bt,,NO_SITE
t.bv,,NO_SITE
t.bw,http://t.bw,NONE
t.by,,NO_SITE
t.bz,https://t.bz,NONE
t.ca,,NO_SITE
t.cc,https://t.cc,NO_TEXT
t.cd,,NO_SITE
t.cf,,NO_SITE
t.cg,http://t.cg,NONE
t.ch,,NO_SITE
t.ci,,NO_SITE
t.ck,,NO_SITE
t.cl,,NO_SITE
t.cm,http://t.cm,NONE
t.cn,https://t.cn,NONE
t.co,https://t.co,NONE
t.cr,https://t.cr,NONE
t.cu,,NO_SITE
t.cv,http://t.cv,NONE
t.cw,,NO_SITE
t.cx,https://t.cx,NONE
t.cy,,NO_SITE
t.cz,http://t.cz,NONE
t.de,https://t.de,0
t.dj,,NO_SITE
t.dk,http://t.dk,NONE
t.dm,https://t.dm,NONE
t.do,,NO_SITE
t.dz,,NO_SITE
t.ec,,NO_SITE
t.ee,https://t.ee,NONE
t.eg,,NO_SITE
t.er,,NO_SITE
t.es,,NO_SITE
t.et,,NO_SITE
t.eu,,NO_SITE
t.fi,,NO_SITE
t.fj,,NO_SITE
t.fk,,NO_SITE
t.fm,http://t.fm,NONE
t.fo,http://t.fo,NONE
t.fr,,NO_SITE
t.ga,,NO_SITE
t.gb,,NO_SITE
t.gd,https://t.gd,50000
t.ge,,NO_SITE
t.gf,,NO_SITE
t.gg,,NO_SITE
t.gh,,NO_SITE
t.gi,,NO_SITE
t.gl,https://t.gl,NONE
t.gm,,NO_SITE
t.gn,,NO_SITE
t.gp,,NO_SITE
t.gq,,NO_SITE
t.gr,,NO_SITE
t.gs,http://t.gs,NONE
t.gt,,NO_SITE
t.gu,,NO_SITE
t.gw,,NO_SITE
t.gy,,NO_SITE
t.hk,,NO_SITE
t.hm,,NO_SITE
t.hn,,NO_SITE
t.hr,http://t.hr,NONE
t.ht,,NO_SITE
t.hu,,NO_SITE
t.id,,NO_SITE
t.ie,,NO_SITE
t.il,,NO_SITE
t.im,https://t.im,NONE
t.in,,NO_SITE
t.io,https://t.io,NONE
t.iq,,NO_SITE
t.ir,,NO_SITE
t.is,http://t.is,NONE
t.it,,NO_SITE
t.je,http://t.je,NONE
t.jm,,NO_SITE
t.jo,,NO_SITE
t.jp,,NO_SITE
t.ke,,NO_SITE
t.kg,,NO_SITE
t.kh,,NO_SITE
t.ki,https://t.ki,NONE
t.km,,NO_SITE
t.kn,,NO_SITE
t.kp,,NO_SITE
t.kr,,NO_SITE
t.kw,,NO_SITE
t.ky,,NO_SITE
t.kz,,NO_SITE
t.la,,NO_SITE
t.lb,,NO_SITE
t.lc,,NO_SITE
t.li,,NO_SITE
t.lk,,NO_SITE
t.lr,,NO_SITE
t.ls,https://t.ls,NONE
t.lt,,NO_SITE
t.lu,,NO_SITE
t.lv,,NO_SITE
t.ly,,NO_SITE
t.ma,,NO_SITE
t.mc,,NO_SITE
t.md,,NO_SITE
t.me,https://t.me,NONE
t.mf,,NO_SITE
t.mg,,NO_SITE
t.mh,,NO_SITE
t.mk,http://t.mk,NONE
t.ml,,NO_SITE
t.mm,,NO_SITE
t.mn,,NO_SITE
t.mo,,NO_SITE
t.mp,https://t.mp,NONE
t.mq,,NO_SITE
t.mr,https://t.mr,NONE
t.ms,,NO_SITE
t.mt,,NO_SITE
t.mu,,NO_SITE
t.mv,,NO_SITE
t.mw,http://t.mw,NONE
t.mx,,NO_SITE
t.my,https://t.my,NONE
t.mz,,NO_SITE
t.na,,NO_SITE
t.nc,,NO_SITE
t.ne,,NO_SITE
t.nf,http://t.nf,NONE
t.ng,,NO_SITE
t.ni,,NO_SITE
t.nl,,NO_SITE
t.no,,NO_SITE
t.np,,NO_SITE
t.nr,,NO_SITE
t.nu,,NO_SITE
t.nz,,NO_SITE
t.om,,NO_SITE
t.pa,,NO_SITE
t.pe,https://t.pe,NONE
t.pf,,NO_SITE
t.pg,,NO_SITE
t.ph,http://t.ph,NO_TEXT
t.pk,,NO_SITE
t.pl,https://t.pl,NONE
t.pm,,NO_SITE
t.pn,http://t.pn,NONE
t.pr,,NO_SITE
t.ps,,NO_SITE
t.pt,,NO_SITE
t.pw,http://t.pw,NONE
t.py,,NO_SITE
t.qa,,NO_SITE
t.re,,NO_SITE
t.ro,,NO_SITE
t.rs,,NO_SITE
t.ru,,NO_SITE
t.rw,,NO_SITE
t.sa,,NO_SITE
t.sb,,NO_SITE
t.sc,,NO_SITE
t.sd,,NO_SITE
t.se,,NO_SITE
t.sg,,NO_SITE
t.sh,http://t.sh,NONE
t.si,,NO_SITE
t.sj,,NO_SITE
t.sk,,NO_SITE
t.sl,,NO_SITE
t.sm,,NO_SITE
t.sn,,NO_SITE
t.so,,NO_SITE
t.sr,,NO_SITE
t.ss,,NO_SITE
t.st,http://t.st,NONE
t.su,,NO_SITE
t.sv,https://t.sv,NONE
t.sx,,NO_SITE
t.sy,,NO_SITE
t.sz,,NO_SITE
t.tc,,NO_SITE
t.td,,NO_SITE
t.tf,,NO_SITE
t.tg,,NO_SITE
t.th,,NO_SITE
t.tj,https://t.tj,NO_TEXT
t.tk,,NO_SITE
t.tl,https://t.tl,NONE
t.tm,http://t.tm,NONE
t.tn,,NO_SITE
t.to,,NO_SITE
t.tp,,NO_SITE
t.tr,,NO_SITE
t.tt,http://t.tt,NONE
t.tv,https://t.tv,NONE
t.tw,,NO_SITE
t.tz,,NO_SITE
t.ua,https://t.ua,NONE
t.ug,,NO_SITE
t.uk,https://t.uk,NONE
t.um,,NO_SITE
t.us,,NO_SITE
t.uy,,NO_SITE
t.uz,,NO_SITE
t.va,,NO_SITE
t.vc,,NO_SITE
t.ve,,NO_SITE
t.vg,https://t.vg,NONE
t.vi,,NO_SITE
t.vn,,NO_SITE
t.vu,http://t.vu,NONE
t.wf,,NO_SITE
t.ws,http://t.ws,NONE
t.ye,,NO_SITE
t.yt,,NO_SITE
t.za,,NO_SITE
t.zm,,NO_SITE
t.zw,,NO_SITE
u.ac,http://u.ac,NONE
u.ad,,NO_SITE
u.ae,https://u.ae,NONE
u.af,https://u.af,NONE
u.ag,,NO_SITE
u.ai,https://u.ai,60000000
u.al,,NO_SITE
u.am,https://u.am,NONE
u.an,,NO_SITE
u.ao,,NO_SITE
u.aq,,NO_SITE
u.ar,https://u.ar,NONE
u.as,,NO_SITE
u.at,http://u.at,NONE
u.au,,NO_SITE
u.aw,,NO_SITE
u.ax,,NO_SITE
u.az,,NO_SITE
u.ba,,NO_SITE
u.bb,,NO_SITE
u.bd,,NO_SITE
u.be,,NO_SITE
u.bf,,NO_SITE
u.bg,,NO_SITE
u.bh,,NO_SITE
u.bi,,NO_SITE
u.bj,,NO_SITE
u.bm,,NO_SITE
u.bn,,NO_SITE
u.bo,https://u.bo,NONE
u.br,,NO_SITE
u.bs,,NO_SITE
u.bt,,NO_SITE
u.bv,,NO_SITE
u.bw,http://u.bw,NONE
u.by,,NO_SITE
u.bz,,NO_SITE
u.ca,,NO_SITE
u.cc,,NO_SITE
u.cd,,NO_SITE
u.cf,,NO_SITE
u.cg,,NO_SITE
u.ch,,NO_SITE
u.ci,,NO_SITE
u.ck,,NO_SITE
u.cl,,NO_SITE
u.cm,https://u.cm,NO_TEXT
u.cn,http://u.cn,NONE
u.co,http://u.co,29537055048040068440050011001300425005201000
u.cr,https://u.cr,NONE
u.cu,,NO_SITE
u.cv,https://u.cv,NONE
u.cw,,NO_SITE
u.cx,,NO_SITE
u.cy,,NO_SITE
u.cz,,NO_SITE
u.de,,NO_SITE
u.dj,,NO_SITE
u.dk,,NO_SITE
u.dm,,NO_SITE
u.do,,NO_SITE
u.dz,,NO_SITE
u.ec,,NO_SITE
u.ee,,NO_SITE
u.eg,,NO_SITE
u.er,,NO_SITE
u.es,,NO_SITE
u.et,,NO_SITE
u.eu,,NO_SITE
u.fi,,NO_SITE
u.fj,,NO_SITE
u.fk,,NO_SITE
u.fm,,NO_SITE
u.fo,,NO_SITE
u.fr,https://u.fr,NONE
u.ga,,NO_SITE
u.gb,,NO_SITE
u.gd,,NO_SITE
u.ge,,NO_SITE
u.gf,,NO_SITE
u.gg,https://u.gg,NONE
u.gh,,NO_SITE
u.gi,,NO_SITE
u.gl,,NO_SITE
u.gm,,NO_SITE
u.gn,,NO_SITE
u.gp,,NO_SITE
u.gq,,NO_SITE
u.gr,,NO_SITE
u.gs,https://u.gs,9999
u.gt,https://u.gt,NONE
u.gu,,NO_SITE
u.gw,,NO_SITE
u.gy,,NO_SITE
u.hk,,NO_SITE
u.hm,,NO_SITE
u.hn,,NO_SITE
u.hr,https://u.hr,45000
u.ht,http://u.ht,NONE
u.hu,,NO_SITE
u.id,,NO_SITE
u.ie,http://u.ie,NONE
u.il,,NO_SITE
u.im,,NO_SITE
u.in,,NO_SITE
u.io,https://u.io,NO_TEXT
u.iq,,NO_SITE
u.ir,,NO_SITE
u.is,https://u.is,NONE
u.it,,NO_SITE
u.je,,NO_SITE
u.jm,,NO_SITE
u.jo,,NO_SITE
u.jp,,NO_SITE
u.ke,https://u.ke,NONE
u.kg,http://u.kg,NONE
u.kh,,NO_SITE
u.ki,https://u.ki,NONE
u.km,,NO_SITE
u.kn,,NO_SITE
u.kp,,NO_SITE
u.kr,,NO_SITE
u.kw,,NO_SITE
u.ky,,NO_SITE
u.kz,,NO_SITE
u.la,,NO_SITE
u.lb,,NO_SITE
u.lc,,NO_SITE
u.li,,NO_SITE
u.lk,,NO_SITE
u.lr,,NO_SITE
u.ls,,NO_SITE
u.lt,,NO_SITE
u.lu,,NO_SITE
u.lv,,NO_SITE
u.ly,https://u.ly,NONE
u.ma,,NO_SITE
u.mc,,NO_SITE
u.md,,NO_SITE
u.me,,NO_SITE
u.mf,,NO_SITE
u.mg,,NO_SITE
u.mh,,NO_SITE
u.mk,http://u.mk,NONE
u.ml,,NO_SITE
u.mm,,NO_SITE
u.mn,,NO_SITE
u.mo,,NO_SITE
u.mp,,NO_SITE
u.mq,,NO_SITE
u.mr,,NO_SITE
u.ms,,NO_SITE
u.mt,https://u.mt,NONE
u.mu,,NO_SITE
u.mv,,NO_SITE
u.mw,http://u.mw,NONE
u.mx,,NO_SITE
u.my,,NO_SITE
u.mz,,NO_SITE
u.na,,NO_SITE
u.nc,,NO_SITE
u.ne,,NO_SITE
u.nf,,NO_SITE
u.ng,,NO_SITE
u.ni,,NO_SITE
u.nl,,NO_SITE
u.no,,NO_SITE
u.np,,NO_SITE
u.nr,,NO_SITE
u.nu,,NO_SITE
u.nz,http://u.nz,NONE
u.om,,NO_SITE
u.pa,,NO_SITE
u.pe,https://u.pe,NONE
u.pf,,NO_SITE
u.pg,,NO_SITE
u.ph,http://u.ph,NO_TEXT
u.pk,,NO_SITE
u.pl,,NO_SITE
u.pm,,NO_SITE
u.pn,http://u.pn,57500
u.pr,,NO_SITE
u.ps,,NO_SITE
u.pt,,NO_SITE
u.pw,,NO_SITE
u.py,,NO_SITE
u.qa,,NO_SITE
u.re,,NO_SITE
u.ro,https://u.ro,NONE
u.rs,,NO_SITE
u.ru,,NO_SITE
u.rw,,NO_SITE
u.sa,,NO_SITE
u.sb,https://u.sb,NONE
u.sc,,NO_SITE
u.sd,,NO_SITE
u.se,,NO_SITE
u.sg,,NO_SITE
u.sh,,NO_SITE
u.si,,NO_SITE
u.sj,,NO_SITE
u.sk,,NO_SITE
u.sl,,NO_SITE
u.sm,,NO_SITE
u.sn,,NO_SITE
u.so,,NO_SITE
u.sr,,NO_SITE
u.ss,,NO_SITE
u.st,https://u.st,NONE
u.su,,NO_SITE
u.sv,,NO_SITE
u.sx,,NO_SITE
u.sy,,NO_SITE
u.sz,,NO_SITE
u.tc,https://u.tc,NONE
u.td,https://u.td,NONE
u.tf,,NO_SITE
u.tg,,NO_SITE
u.th,,NO_SITE
u.tj,,NO_SITE
u.tk,,NO_SITE
u.tl,,NO_SITE
u.tm,http://u.tm,NONE
u.tn,,NO_SITE
u.to,https://u.to,NONE
u.tp,,NO_SITE
u.tr,,NO_SITE
u.tt,https://u.tt,NONE
u.tv,,NO_SITE
u.tw,,NO_SITE
u.tz,,NO_SITE
u.ua,https://u.ua,NONE
u.ug,,NO_SITE
u.uk,https://u.uk,500000
u.um,,NO_SITE
u.us,,NO_SITE
u.uy,,NO_SITE
u.uz,,NO_SITE
u.va,,NO_SITE
u.vc,,NO_SITE
u.ve,,NO_SITE
u.vg,https://u.vg,NONE
u.vi,,NO_SITE
u.vn,,NO_SITE
u.vu,https://u.vu,NONE
u.wf,,NO_SITE
u.ws,http://u.ws,NONE
u.ye,,NO_SITE
u.yt,,NO_SITE
u.za,,NO_SITE
u.zm,,NO_SITE
u.zw,,NO_SITE
v.ac,http://v.ac,NONE
v.ad,,NO_SITE
v.ae,,NO_SITE
v.af,https://v.af,NONE
v.ag,,NO_SITE
v.ai,,NO_SITE
v.al,,NO_SITE
v.am,http://v.am,NONE
v.an,,NO_SITE
v.ao,,NO_SITE
v.aq,,NO_SITE
v.ar,https://v.ar,NONE
v.as,,NO_SITE
v.at,https://v.at,100000
v.au,,NO_SITE
v.aw,,NO_SITE
v.ax,,NO_SITE
v.az,,NO_SITE
v.ba,,NO_SITE
v.bb,,NO_SITE
v.bd,,NO_SITE
v.be,,NO_SITE
v.bf,,NO_SITE
v.bg,,NO_SITE
v.bh,,NO_SITE
v.bi,,NO_SITE
v.bj,,NO_SITE
v.bm,,NO_SITE
v.bn,,NO_SITE
v.bo,https://v.bo,NONE
v.br,,NO_SITE
v.bs,,NO_SITE
v.bt,,NO_SITE
v.bv,,NO_SITE
v.bw,http://v.bw,NONE
v.by,,NO_SITE
v.bz,https://v.bz,NONE
v.ca,,NO_SITE
v.cc,https://v.cc,NONE
v.cd,,NO_SITE
v.cf,,NO_SITE
v.cg,,NO_SITE
v.ch,,NO_SITE
v.ci,,NO_SITE
v.ck,,NO_SITE
v.cl,http://v.cl,NONE
v.cm,https://v.cm,NO_TEXT
v.cn,http://v.cn,NONE
v.co,https://v.co,NONE
v.cr,,NO_SITE
v.cu,,NO_SITE
v.cv,,NO_SITE
v.cw,,NO_SITE
v.cx,https://v.cx,NONE
v.cy,,NO_SITE
v.cz,http://v.cz,NONE
v.de,https://v.de,NONE
v.dj,,NO_SITE
v.dk,https://v.dk,NONE
v.dm,,NO_SITE
v.do,,NO_SITE
v.dz,,NO_SITE
v.ec,,NO_SITE
v.ee,https://v.ee,NONE
v.eg,,NO_SITE
v.er,,NO_SITE
v.es,,NO_SITE
v.et,,NO_SITE
v.eu,,NO_SITE
v.fi,,NO_SITE
v.fj,,NO_SITE
v.fk,,NO_SITE
v.fm,https://v.fm,NO_TEXT
v.fo,https://v.fo,NONE
v.fr,,NO_SITE
v.ga,,NO_SITE
v.gb,,NO_SITE
v.gd,https://v.gd,NONE
v.ge,,NO_SITE
v.gf,,NO_SITE
v.gg,,NO_SITE
v.gh,,NO_SITE
v.gi,,NO_SITE
v.gl,https://v.gl,NONE
v.gm,,NO_SITE
v.gn,,NO_SITE
v.gp,,NO_SITE
v.gq,,NO_SITE
v.gr,,NO_SITE
v.gs,https://v.gs,NO_TEXT
v.gt,https://v.gt,NONE
v.gu,,NO_SITE
v.gw,,NO_SITE
v.gy,,NO_SITE
v.hk,,NO_SITE
v.hm,https://v.hm,NONE
v.hn,https://v.hn,16888
v.hr,,NO_SITE
v.ht,,NO_SITE
v.hu,,NO_SITE
v.id,,NO_SITE
v.ie,http://v.ie,NONE
v.il,,NO_SITE
v.im,,NO_SITE
v.in,,NO_SITE
v.io,https://v.io,NONE
v.iq,,NO_SITE
v.ir,,NO_SITE
v.is,,NO_SITE
v.it,,NO_SITE
v.je,,NO_SITE
v.jm,,NO_SITE
v.jo,,NO_SITE
v.jp,,NO_SITE
v.ke,,NO_SITE
v.kg,http://v.kg,NONE
v.kh,,NO_SITE
v.ki,,NO_SITE
v.km,,NO_SITE
v.kn,,NO_SITE
v.kp,,NO_SITE
v.kr,,NO_SITE
v.kw,,NO_SITE
v.ky,,NO_SITE
v.kz,,NO_SITE
v.la,,NO_SITE
v.lb,,NO_SITE
v.lc,,NO_SITE
v.li,,NO_SITE
v.lk,,NO_SITE
v.lr,,NO_SITE
v.ls,http://v.ls,NO_TEXT
v.lt,,NO_SITE
v.lu,,NO_SITE
v.lv,,NO_SITE
v.ly,,NO_SITE
v.ma,,NO_SITE
v.mc,,NO_SITE
v.md,,NO_SITE
v.me,http://v.me,NONE
v.mf,,NO_SITE
v.mg,,NO_SITE
v.mh,,NO_SITE
v.mk,https://v.mk,NONE
v.ml,https://v.ml,NO_TEXT
v.mm,,NO_SITE
v.mn,,NO_SITE
v.mo,,NO_SITE
v.mp,,NO_SITE
v.mq,,NO_SITE
v.mr,https://v.mr,NONE
v.ms,,NO_SITE
v.mt,,NO_SITE
v.mu,,NO_SITE
v.mv,,NO_SITE
v.mw,http://v.mw,NONE
v.mx,,NO_SITE
v.my,,NO_SITE
v.mz,,NO_SITE
v.na,,NO_SITE
v.nc,,NO_SITE
v.ne,,NO_SITE
v.nf,,NO_SITE
v.ng,,NO_SITE
v.ni,,NO_SITE
v.nl,,NO_SITE
v.no,,NO_SITE
v.np,,NO_SITE
v.nr,,NO_SITE
v.nu,https://v.nu,NONE
v.nz,https://v.nz,NONE
v.om,,NO_SITE
v.pa,,NO_SITE
v.pe,https://v.pe,NO_TEXT
v.pf,,NO_SITE
v.pg,,NO_SITE
v.ph,http://v.ph,NO_TEXT
v.pk,,NO_SITE
v.pl,,NO_SITE
v.pm,,NO_SITE
v.pn,https://v.pn,NONE
v.pr,,NO_SITE
v.ps,https://v.ps,NONE
v.pt,,NO_SITE
v.pw,,NO_SITE
v.py,,NO_SITE
v.qa,,NO_SITE
v.re,,NO_SITE
v.ro,https://v.ro,1190
v.rs,,NO_SITE
v.ru,,NO_SITE
v.rw,,NO_SITE
v.sa,,NO_SITE
v.sb,,NO_SITE
v.sc,,NO_SITE
v.sd,,NO_SITE
v.se,https://v.se,NO_TEXT
v.sg,,NO_SITE
v.sh,https://v.sh,NO_TEXT
v.si,,NO_SITE
v.sj,,NO_SITE
v.sk,,NO_SITE
v.sl,,NO_SITE
v.sm,,NO_SITE
v.sn,,NO_SITE
v.so,,NO_SITE
v.sr,,NO_SITE
v.ss,,NO_SITE
v.st,https://v.st,NONE
v.su,,NO_SITE
v.sv,http://v.sv,NONE
v.sx,,NO_SITE
v.sy,,NO_SITE
v.sz,,NO_SITE
v.tc,,NO_SITE
v.td,http://v.td,1.5
v.tf,,NO_SITE
v.tg,,NO_SITE
v.th,,NO_SITE
v.tj,,NO_SITE
v.tk,,NO_SITE
v.tl,,NO_SITE
v.tm,http://v.tm,NONE
v.tn,,NO_SITE
v.to,,NO_SITE
v.tp,,NO_SITE
v.tr,,NO_SITE
v.tt,https://v.tt,NONE
v.tv,https://v.tv,NO_TEXT
v.tw,,NO_SITE
v.tz,,NO_SITE
v.ua,https://v.ua,NONE
v.ug,,NO_SITE
v.uk,,NO_SITE
v.um,,NO_SITE
v.us,,NO_SITE
v.uy,,NO_SITE
v.uz,,NO_SITE
v.va,,NO_SITE
v.vc,,NO_SITE
v.ve,,NO_SITE
v.vg,https://v.vg,NONE
v.vi,,NO_SITE
v.vn,,NO_SITE
v.vu,,NO_SITE
v.wf,,NO_SITE
v.ws,http://v.ws,NONE
v.ye,,NO_SITE
v.yt,,NO_SITE
v.za,,NO_SITE
v.zm,,NO_SITE
v.zw,,NO_SITE
w.ac,http://w.ac,NONE
w.ad,,NO_SITE
w.ae,,NO_SITE
w.af,,NO_SITE
w.ag,http://w.ag,NONE
w.ai,https://w.ai,NONE
w.al,,NO_SITE
w.am,,NO_SITE
w.an,,NO_SITE
w.ao,,NO_SITE
w.aq,,NO_SITE
w.ar,https://w.ar,NONE
w.as,,NO_SITE
w.at,https://w.at,NONE
w.au,,NO_SITE
w.aw,,NO_SITE
w.ax,,NO_SITE
w.az,,NO_SITE
w.ba,,NO_SITE
w.bb,,NO_SITE
w.bd,,NO_SITE
w.be,,NO_SITE
w.bf,,NO_SITE
w.bg,,NO_SITE
w.bh,,NO_SITE
w.bi,,NO_SITE
w.bj,,NO_SITE
w.bm,,NO_SITE
w.bn,,NO_SITE
w.bo,https://w.bo,NONE
w.br,,NO_SITE
w.bs,,NO_SITE
w.bt,,NO_SITE
w.bv,,NO_SITE
w.bw,https://w.bw,NONE
w.by,,NO_SITE
w.bz,,NO_SITE
w.ca,,NO_SITE
w.cc,,NO_SITE
w.cd,,NO_SITE
w.cf,,NO_SITE
w.cg,http://w.cg,NONE
w.ch,,NO_SITE
w.ci,,NO_SITE
w.ck,,NO_SITE
w.cl,http://w.cl,NONE
w.cm,http://w.cm,NONE
w.cn,,NO_SITE
w.co,https://w.co,NONE
w.cr,https://w.cr,NONE
w.cu,,NO_SITE
w.cv,https://w.cv,NONE
w.cw,,NO_SITE
w.cx,https://w.cx,NONE
w.cy,,NO_SITE
w.cz,,NO_SITE
w.de,https://w.de,NONE
w.dj,,NO_SITE
w.dk,,NO_SITE
w.dm,,NO_SITE
w.do,,NO_SITE
w.dz,,NO_SITE
w.ec,,NO_SITE
w.ee,,NO_SITE
w.eg,,NO_SITE
w.er,,NO_SITE
w.es,,NO_SITE
w.et,,NO_SITE
w.eu,,NO_SITE
w.fi,,NO_SITE
w.fj,,NO_SITE
w.fk,,NO_SITE
w.fm,,NO_SITE
w.fo,https://w.fo,NONE
w.fr,,NO_SITE
w.ga,,NO_SITE
w.gb,,NO_SITE
w.gd,http://w.gd,NONE
w.ge,,NO_SITE
w.gf,,NO_SITE
w.gg,http://w.gg,NONE
w.gh,,NO_SITE
w.gi,,NO_SITE
w.gl,https://w.gl,NONE
w.gm,,NO_SITE
w.gn,,NO_SITE
w.gp,https://w.gp,NO_TEXT
w.gq,,NO_SITE
w.gr,,NO_SITE
w.gs,https://w.gs,NO_TEXT
w.gt,http://w.gt,NONE
w.gu,,NO_SITE
w.gw,,NO_SITE
w.gy,,NO_SITE
w.hk,,NO_SITE
w.hm,https://w.hm,NONE
w.hn,,NO_SITE
w.hr,https://w.hr,12000
w.ht,https://w.ht,12.95
w.hu,,NO_SITE
w.id,,NO_SITE
w.ie,http://w.ie,NONE
w.il,,NO_SITE
w.im,,NO_SITE
w.in,,NO_SITE
w.io,https://w.io,NO_TEXT
w.iq,,NO_SITE
w.ir,,NO_SITE
w.is,https://w.is,NONE
w.it,,NO_SITE
w.je,http://w.je,NONE
w.jm,,NO_SITE
w.jo,,NO_SITE
w.jp,,NO_SITE
w.ke,https://w.ke,NONE
w.kg,,NO_SITE
w.kh,,NO_SITE
w.ki,https://w.ki,1111
w.km,,NO_SITE
w.kn,,NO_SITE
w.kp,,NO_SITE
w.kr,,NO_SITE
w.kw,,NO_SITE
w.ky,,NO_SITE
w.kz,http://w.kz,NONE
w.la,,NO_SITE
w.lb,,NO_SITE
w.lc,,NO_SITE
w.li,,NO_SITE
w.lk,,NO_SITE
w.lr,,NO_SITE
w.ls,,NO_SITE
w.lt,,NO_SITE
w.lu,,NO_SITE
w.lv,,NO_SITE
w.ly,,NO_SITE
w.ma,,NO_SITE
w.mc,,NO_SITE
w.md,,NO_SITE
w.me,https://w.me,NONE
w.mf,,NO_SITE
w.mg,,NO_SITE
w.mh,,NO_SITE
w.mk,http://w.mk,NONE
w.ml,,NO_SITE
w.mm,,NO_SITE
w.mn,,NO_SITE
w.mo,,NO_SITE
w.mp,,NO_SITE
w.mq,,NO_SITE
w.mr,http://w.mr,NONE
w.ms,,NO_SITE
w.mt,,NO_SITE
w.mu,,NO_SITE
w.mv,,NO_SITE
w.mw,http://w.mw,NONE
w.mx,,NO_SITE
w.my,,NO_SITE
w.mz,,NO_SITE
w.na,,NO_SITE
w.nc,,NO_SITE
w.ne,,NO_SITE
w.nf,,NO_SITE
w.ng,,NO_SITE
w.ni,,NO_SITE
w.nl,,NO_SITE
w.no,,NO_SITE
w.np,,NO_SITE
w.nr,,NO_SITE
w.nu,https://w.nu,NONE
w.nz,,NO_SITE
w.om,,NO_SITE
w.pa,,NO_SITE
w.pe,https://w.pe,15000
w.pf,,NO_SITE
w.pg,,NO_SITE
w.ph,http://w.ph,NO_TEXT
w.pk,,NO_SITE
w.pl,,NO_SITE
w.pm,,NO_SITE
w.pn,http://w.pn,NONE
w.pr,,NO_SITE
w.ps,,NO_SITE
w.pt,,NO_SITE
w.pw,,NO_SITE
w.py,,NO_SITE
w.qa,,NO_SITE
w.re,,NO_SITE
w.ro,,NO_SITE
w.rs,,NO_SITE
w.ru,,NO_SITE
w.rw,,NO_SITE
w.sa,,NO_SITE
w.sb,https://w.sb,NONE
w.sc,https://w.sc,NO_TEXT
w.sd,,NO_SITE
w.se,,NO_SITE
w.sg,,NO_SITE
w.sh,https://w.sh,NONE
w.si,,NO_SITE
w.sj,,NO_SITE
w.sk,,NO_SITE
w.sl,,NO_SITE
w.sm,,NO_SITE
w.sn,,NO_SITE
w.so,,NO_SITE
w.sr,,NO_SITE
w.ss,,NO_SITE
w.st,https://w.st,NONE
w.su,,NO_SITE
w.sv,http://w.sv,NONE
w.sx,,NO_SITE
w.sy,,NO_SITE
w.sz,,NO_SITE
w.tc,,NO_SITE
w.td,https://w.td,NONE
w.tf,,NO_SITE
w.tg,,NO_SITE
w.th,,NO_SITE
w.tj,,NO_SITE
w.tk,,NO_SITE
w.tl,http://w.tl,NONE
w.tm,http://w.tm,NONE
w.tn,,NO_SITE
w.to,,NO_SITE
w.tp,,NO_SITE
w.tr,,NO_SITE
w.tt,https://w.tt,NONE
w.tv,https://w.tv,NO_TEXT
w.tw,,NO_SITE
w.tz,,NO_SITE
w.ua,,NO_SITE
w.ug,,NO_SITE
w.uk,https://w.uk,NONE
w.um,,NO_SITE
w.us,,NO_SITE
w.uy,,NO_SITE
w.uz,,NO_SITE
w.va,,NO_SITE
w.vc,,NO_SITE
w.ve,,NO_SITE
w.vg,https://w.vg,NO_TEXT
w.vi,,NO_SITE
w.vn,,NO_SITE
w.vu,http://w.vu,NONE
w.wf,,NO_SITE
w.ws,http://w.ws,NONE
w.ye,,NO_SITE
w.yt,,NO_SITE
w.za,,NO_SITE
w.zm,,NO_SITE
w.zw,,NO_SITE
x.ac,https://x.ac,50000
x.ad,,NO_SITE
x.ae,,NO_SITE
x.af,,NO_SITE
x.ag,http://x.ag,NONE
x.ai,https://x.ai,NONE
x.al,,NO_SITE
x.am,,NO_SITE
x.an,,NO_SITE
x.ao,,NO_SITE
x.aq,,NO_SITE
x.ar,https://x.ar,NONE
x.as,,NO_SITE
x.at,http://x.at,NONE
x.au,,NO_SITE
x.aw,,NO_SITE
x.ax,,NO_SITE
x.az,,NO_SITE
x.ba,,NO_SITE
x.bb,,NO_SITE
x.bd,,NO_SITE
x.be,,NO_SITE
x.bf,,NO_SITE
x.bg,,NO_SITE
x.bh,,NO_SITE
x.bi,https://x.bi,NONE
x.bj,,NO_SITE
x.bm,,NO_SITE
x.bn,,NO_SITE
x.bo,https://x.bo,NONE
x.br,,NO_SITE
x.bs,,NO_SITE
x.bt,,NO_SITE
x.bv,,NO_SITE
x.bw,http://x.bw,NONE
x.by,,NO_SITE
x.bz,,NO_SITE
x.ca,,NO_SITE
x.cc,https://x.cc,NONE
x.cd,,NO_SITE
x.cf,,NO_SITE
x.cg,http://x.cg,NONE
x.ch,,NO_SITE
x.ci,,NO_SITE
x.ck,,NO_SITE
x.cl,https://x.cl,NONE
x.cm,http://x.cm,NONE
x.cn,,NO_SITE
x.co,https://x.co,NONE
x.cr,https://x.cr,NO_TEXT
x.cu,,NO_SITE
x.cv,,NO_SITE
x.cw,,NO_SITE
x.cx,,NO_SITE
x.cy,,NO_SITE
x.cz,,NO_SITE
x.de,https://x.de,NONE
x.dj,,NO_SITE
x.dk,https://x.dk,NONE
x.dm,,NO_SITE
x.do,,NO_SITE
x.dz,,NO_SITE
x.ec,,NO_SITE
x.ee,,NO_SITE
x.eg,,NO_SITE
x.er,,NO_SITE
x.es,,NO_SITE
x.et,,NO_SITE
x.eu,,NO_SITE
x.fi,,NO_SITE
x.fj,,NO_SITE
x.fk,,NO_SITE
x.fm,http://x.fm,NONE
x.fo,https://x.fo,NONE
x.fr,,NO_SITE
x.ga,,NO_SITE
x.gb,,NO_SITE
x.gd,https://x.gd,NONE
x.ge,,NO_SITE
x.gf,,NO_SITE
x.gg,,NO_SITE
x.gh,,NO_SITE
x.gi,,NO_SITE
x.gl,https://x.gl,NONE
x.gm,,NO_SITE
x.gn,,NO_SITE
x.gp,,NO_SITE
x.gq,,NO_SITE
x.gr,,NO_SITE
x.gs,https://x.gs,NO_TEXT
x.gt,https://x.gt,NONE
x.gu,,NO_SITE
x.gw,,NO_SITE
x.gy,,NO_SITE
x.hk,,NO_SITE
x.hm,,NO_SITE
x.hn,,NO_SITE
x.hr,https://x.hr,NONE
x.ht,,NO_SITE
x.hu,,NO_SITE
x.id,,NO_SITE
x.ie,https://x.ie,NONE
x.il,,NO_SITE
x.im,,NO_SITE
x.in,,NO_SITE
x.io,https://x.io,NONE
x.iq,,NO_SITE
x.ir,,NO_SITE
x.is,,NO_SITE
x.it,,NO_SITE
x.je,http://x.je,NONE
x.jm,,NO_SITE
x.jo,,NO_SITE
x.jp,,NO_SITE
x.ke,https://x.ke,NO_TEXT
x.kg,https://x.kg,NONE
x.kh,,NO_SITE
x.ki,https://x.ki,NONE
x.km,,NO_SITE
x.kn,,NO_SITE
x.kp,,NO_SITE
x.kr,,NO_SITE
x.kw,,NO_SITE
x.ky,,NO_SITE
x.kz,https://x.kz,NONE
x.la,https://x.la,NONE
x.lb,,NO_SITE
x.lc,,NO_SITE
x.li,,NO_SITE
x.lk,,NO_SITE
x.lr,,NO_SITE
x.ls,,NO_SITE
x.lt,,NO_SITE
x.lu,,NO_SITE
x.lv,,NO_SITE
x.ly,,NO_SITE
x.ma,,NO_SITE
x.mc,,NO_SITE
x.md,,NO_SITE
x.me,https://x.me,NONE
x.mf,,NO_SITE
x.mg,,NO_SITE
x.mh,,NO_SITE
x.mk,http://x.mk,NONE
x.ml,https://x.ml,NO_TEXT
x.mm,,NO_SITE
x.mn,,NO_SITE
x.mo,,NO_SITE
x.mp,,NO_SITE
x.mq,,NO_SITE
x.mr,,NO_SITE
x.ms,,NO_SITE
x.mt,,NO_SITE
x.mu,,NO_SITE
x.mv,,NO_SITE
x.mw,http://x.mw,NONE
x.mx,,NO_SITE
x.my,https://x.my,NONE
x.mz,,NO_SITE
x.na,,NO_SITE
x.nc,,NO_SITE
x.ne,,NO_SITE
x.nf,,NO_SITE
x.ng,,NO_SITE
x.ni,,NO_SITE
x.nl,,NO_SITE
x.no,,NO_SITE
x.np,,NO_SITE
x.nr,,NO_SITE
x.nu,,NO_SITE
x.nz,http://x.nz,NONE
x.om,,NO_SITE
x.pa,,NO_SITE
x.pe,http://x.pe,NONE
x.pf,,NO_SITE
x.pg,,NO_SITE
x.ph,http://x.ph,NO_TEXT
x.pk,,NO_SITE
x.pl,,NO_SITE
x.pm,,NO_SITE
x.pn,http://x.pn,NONE
x.pr,https://x.pr,NONE
x.ps,,NO_SITE
x.pt,,NO_SITE
x.pw,,NO_SITE
x.py,,NO_SITE
x.qa,,NO_SITE
x.re,,NO_SITE
x.ro,http://x.ro,NONE
x.rs,,NO_SITE
x.ru,,NO_SITE
x.rw,https://x.rw,NONE
x.sa,,NO_SITE
x.sb,https://x.sb,NONE
x.sc,https://x.sc,NONE
x.sd,,NO_SITE
x.se,,NO_SITE
x.sg,https://x.sg,NONE
x.sh,,NO_SITE
x.si,,NO_SITE
x.sj,,NO_SITE
x.sk,https://x.sk,NO_TEXT
x.sl,,NO_SITE
x.sm,,NO_SITE
x.sn,,NO_SITE
x.so,,NO_SITE
x.sr,,NO_SITE
x.ss,,NO_SITE
x.st,https://x.st,NONE
x.su,,NO_SITE
x.sv,https://x.sv,NONE
x.sx,,NO_SITE
x.sy,,NO_SITE
x.sz,,NO_SITE
x.tc,https://x.tc,NONE
x.td,http://x.td,NO_TEXT
x.tf,,NO_SITE
x.tg,,NO_SITE
x.th,,NO_SITE
x.tj,https://x.tj,NO_TEXT
x.tk,,NO_SITE
x.tl,http://x.tl,NONE
x.tm,http://x.tm,NONE
x.tn,,NO_SITE
x.to,https://x.to,NO_TEXT
x.tp,,NO_SITE
x.tr,,NO_SITE
x.tt,,NO_SITE
x.tv,https://x.tv,NONE
x.tw,,NO_SITE
x.tz,,NO_SITE
x.ua,,NO_SITE
x.ug,,NO_SITE
x.uk,http://x.uk,NONE
x.um,,NO_SITE
x.us,,NO_SITE
x.uy,https://x.uy,NONE
x.uz,,NO_SITE
x.va,,NO_SITE
x.vc,,NO_SITE
x.ve,,NO_SITE
x.vg,https://x.vg,NONE
x.vi,,NO_SITE
x.vn,,NO_SITE
x.vu,,NO_SITE
x.wf,,NO_SITE
x.ws,http://x.ws,NONE
x.ye,,NO_SITE
x.yt,,NO_SITE
x.za,,NO_SITE
x.zm,,NO_SITE
x.zw,,NO_SITE
y.ac,http://y.ac,NONE
y.ad,,NO_SITE
y.ae,,NO_SITE
y.af,,NO_SITE
y.ag,,NO_SITE
y.ai,http://y.ai,NONE
y.al,,NO_SITE
y.am,http://y.am,NONE
y.an,,NO_SITE
y.ao,,NO_SITE
y.aq,,NO_SITE
y.ar,https://y.ar,NONE
y.as,,NO_SITE
y.at,https://y.at,NONE
y.au,,NO_SITE
y.aw,,NO_SITE
y.ax,,NO_SITE
y.az,,NO_SITE
y.ba,,NO_SITE
y.bb,,NO_SITE
y.bd,,NO_SITE
y.be,,NO_SITE
y.bf,,NO_SITE
y.bg,,NO_SITE
y.bh,,NO_SITE
y.bi,,NO_SITE
y.bj,,NO_SITE
y.bm,,NO_SITE
y.bn,,NO_SITE
y.bo,https://y.bo,NONE
y.br,,NO_SITE
y.bs,,NO_SITE
y.bt,,NO_SITE
y.bv,,NO_SITE
y.bw,,NO_SITE
y.by,,NO_SITE
y.bz,http://y.bz,NO_TEXT
y.ca,,NO_SITE
y.cc,http://y.cc,NO_TEXT
y.cd,,NO_SITE
y.cf,,NO_SITE
y.cg,http://y.cg,NONE
y.ch,,NO_SITE
y.ci,,NO_SITE
y.ck,,NO_SITE
y.cl,,NO_SITE
y.cm,http://y.cm,NONE
y.cn,,NO_SITE
y.co,https://y.co,NONE
y.cr,,NO_SITE
y.cu,,NO_SITE
y.cv,https://y.cv,NONE
y.cw,,NO_SITE
y.cx,,NO_SITE
y.cy,,NO_SITE
y.cz,,NO_SITE
y.de,https://y.de,NONE
y.dj,,NO_SITE
y.dk,,NO_SITE
y.dm,,NO_SITE
y.do,,NO_SITE
y.dz,,NO_SITE
y.ec,,NO_SITE
y.ee,,NO_SITE
y.eg,,NO_SITE
y.er,,NO_SITE
y.es,,NO_SITE
y.et,,NO_SITE
y.eu,,NO_SITE
y.fi,,NO_SITE
y.fj,,NO_SITE
y.fk,,NO_SITE
y.fm,https://y.fm,NO_TEXT
y.fo,,NO_SITE
y.fr,https://y.fr,2583
y.ga,,NO_SITE
y.gb,,NO_SITE
y.gd,,NO_SITE
y.ge,,NO_SITE
y.gf,,NO_SITE
y.gg,http://y.gg,NONE
y.gh,,NO_SITE
y.gi,,NO_SITE
y.gl,,NO_SITE
y.gm,,NO_SITE
y.gn,,NO_SITE
y.gp,,NO_SITE
y.gq,,NO_SITE
y.gr,,NO_SITE
y.gs,https://y.gs,NO_TEXT
y.gt,http://y.gt,NONE
y.gu,,NO_SITE
y.gw,,NO_SITE
y.gy,https://y.gy,NO_TEXT
y.hk,,NO_SITE
y.hm,http://y.hm,NONE
y.hn,,NO_SITE
y.hr,,NO_SITE
y.ht,,NO_SITE
y.hu,,NO_SITE
y.id,,NO_SITE
y.ie,,NO_SITE
y.il,,NO_SITE
y.im,,NO_SITE
y.in,,NO_SITE
y.io,http://y.io,NONE
y.iq,,NO_SITE
y.ir,,NO_SITE
y.is,,NO_SITE
y.it,,NO_SITE
y.je,,NO_SITE
y.jm,,NO_SITE
y.jo,,NO_SITE
y.jp,,NO_SITE
y.ke,,NO_SITE
y.kg,http://y.kg,NONE
y.kh,,NO_SITE
y.ki,,NO_SITE
y.km,,NO_SITE
y.kn,,NO_SITE
y.kp,,NO_SITE
y.kr,,NO_SITE
y.kw,,NO_SITE
y.ky,,NO_SITE
y.kz,,NO_SITE
y.la,,NO_SITE
y.lb,,NO_SITE
y.lc,,NO_SITE
y.li,,NO_SITE
y.lk,,NO_SITE
y.lr,,NO_SITE
y.ls,,NO_SITE
y.lt,,NO_SITE
y.lu,,NO_SITE
y.lv,,NO_SITE
y.ly,,NO_SITE
y.ma,,NO_SITE
y.mc,,NO_SITE
y.md,,NO_SITE
y.me,https://y.me,NONE
y.mf,,NO_SITE
y.mg,,NO_SITE
y.mh,,NO_SITE
y.mk,https://y.mk,10000
y.ml,,NO_SITE
y.mm,,NO_SITE
y.mn,,NO_SITE
y.mo,,NO_SITE
y.mp,,NO_SITE
y.mq,,NO_SITE
y.mr,http://y.mr,NONE
y.ms,,NO_SITE
y.mt,,NO_SITE
y.mu,,NO_SITE
y.mv,,NO_SITE
y.mw,http://y.mw,NONE
y.mx,,NO_SITE
y.my,,NO_SITE
y.mz,,NO_SITE
y.na,,NO_SITE
y.nc,,NO_SITE
y.ne,,NO_SITE
y.nf,https://y.nf,NONE
y.ng,,NO_SITE
y.ni,,NO_SITE
y.nl,,NO_SITE
y.no,,NO_SITE
y.np,,NO_SITE
y.nr,,NO_SITE
y.nu,http://y.nu,NONE
y.nz,,NO_SITE
y.om,,NO_SITE
y.pa,,NO_SITE
y.pe,https://y.pe,12000
y.pf,,NO_SITE
y.pg,,NO_SITE
y.ph,http://y.ph,NO_TEXT
y.pk,,NO_SITE
y.pl,,NO_SITE
y.pm,,NO_SITE
y.pn,,NO_SITE
y.pr,,NO_SITE
y.ps,,NO_SITE
y.pt,,NO_SITE
y.pw,,NO_SITE
y.py,,NO_SITE
y.qa,,NO_SITE
y.re,,NO_SITE
y.ro,http://y.ro,NONE
y.rs,,NO_SITE
y.ru,,NO_SITE
y.rw,,NO_SITE
y.sa,,NO_SITE
y.sb,https://y.sb,NONE
y.sc,,NO_SITE
y.sd,,NO_SITE
y.se,,NO_SITE
y.sg,https://y.sg,NONE
y.sh,http://y.sh,NONE
y.si,,NO_SITE
y.sj,,NO_SITE
y.sk,,NO_SITE
y.sl,,NO_SITE
y.sm,,NO_SITE
y.sn,,NO_SITE
y.so,,NO_SITE
y.sr,,NO_SITE
y.ss,,NO_SITE
y.st,,NO_SITE
y.su,,NO_SITE
y.sv,,NO_SITE
y.sx,,NO_SITE
y.sy,,NO_SITE
y.sz,,NO_SITE
y.tc,,NO_SITE
y.td,,NO_SITE
y.tf,,NO_SITE
y.tg,,NO_SITE
y.th,,NO_SITE
y.tj,,NO_SITE
y.tk,,NO_SITE
y.tl,,NO_SITE
y.tm,http://y.tm,NONE
y.tn,,NO_SITE
y.to,,NO_SITE
y.tp,,NO_SITE
y.tr,,NO_SITE
y.tt,,NO_SITE
y.tv,https://y.tv,NONE
y.tw,,NO_SITE
y.tz,,NO_SITE
y.ua,,NO_SITE
y.ug,,NO_SITE
y.uk,http://y.uk,NONE
y.um,,NO_SITE
y.us,,NO_SITE
y.uy,https://y.uy,NO_TEXT
y.uz,,NO_SITE
y.va,,NO_SITE
y.vc,,NO_SITE
y.ve,,NO_SITE
y.vg,,NO_SITE
y.vi,,NO_SITE
y.vn,,NO_SITE
y.vu,https://y.vu,NONE
y.wf,,NO_SITE
y.ws,http://y.ws,NONE
y.ye,,NO_SITE
y.yt,,NO_SITE
y.za,,NO_SITE
y.zm,,NO_SITE
y.zw,,NO_SITE
z.ac,http://z.ac,NONE
z.ad,,NO_SITE
z.ae,,NO_SITE
z.af,,NO_SITE
z.ag,,NO_SITE
z.ai,https://z.ai,NONE
z.al,,NO_SITE
z.am,https://z.am,NONE
z.an,,NO_SITE
z.ao,,NO_SITE
z.aq,,NO_SITE
z.ar,https://z.ar,NONE
z.as,,NO_SITE
z.at,https://z.at,NONE
z.au,,NO_SITE
z.aw,,NO_SITE
z.ax,,NO_SITE
z.az,,NO_SITE
z.ba,,NO_SITE
z.bb,,NO_SITE
z.bd,,NO_SITE
z.be,,NO_SITE
z.bf,,NO_SITE
z.bg,,NO_SITE
z.bh,,NO_SITE
z.bi,,NO_SITE
z.bj,,NO_SITE
z.bm,,NO_SITE
z.bn,,NO_SITE
z.bo,https://z.bo,NONE
z.br,,NO_SITE
z.bs,,NO_SITE
z.bt,,NO_SITE
z.bv,,NO_SITE
z.bw,http://z.bw,NONE
z.by,,NO_SITE
z.bz,,NO_SITE
z.ca,,NO_SITE
z.cc,http://z.cc,NONE
z.cd,,NO_SITE
z.cf,,NO_SITE
z.cg,https://z.cg,NONE
z.ch,,NO_SITE
z.ci,,NO_SITE
z.ck,,NO_SITE
z.cl,,NO_SITE
z.cm,,NO_SITE
z.cn,https://z.cn,NONE
z.co,,NO_SITE
z.cr,,NO_SITE
z.cu,,NO_SITE
z.cv,https://z.cv,NONE
z.cw,,NO_SITE
z.cx,https://z.cx,NONE
z.cy,,NO_SITE
z.cz,http://z.cz,NONE
z.de,,NO_SITE
z.dj,,NO_SITE
z.dk,https://z.dk,NONE
z.dm,,NO_SITE
z.do,,NO_SITE
z.dz,,NO_SITE
z.ec,,NO_SITE
z.ee,https://z.ee,NONE
z.eg,,NO_SITE
z.er,,NO_SITE
z.es,,NO_SITE
z.et,,NO_SITE
z.eu,,NO_SITE
z.fi,,NO_SITE
z.fj,,NO_SITE
z.fk,,NO_SITE
z.fm,,NO_SITE
z.fo,,NO_SITE
z.fr,,NO_SITE
z.ga,,NO_SITE
z.gb,,NO_SITE
z.gd,https://z.gd,NONE
z.ge,,NO_SITE
z.gf,,NO_SITE
z.gg,http://z.gg,NONE
z.gh,,NO_SITE
z.gi,,NO_SITE
z.gl,https://z.gl,300000
z.gm,,NO_SITE
z.gn,,NO_SITE
z.gp,https://z.gp,NONE
z.gq,,NO_SITE
z.gr,,NO_SITE
z.gs,http://z.gs,NONE
z.gt,,NO_SITE
z.gu,,NO_SITE
z.gw,,NO_SITE
z.gy,,NO_SITE
z.hk,,NO_SITE
z.hm,http://z.hm,NONE
z.hn,http://z.hn,NONE
z.hr,https://z.hr,NO_TEXT
z.ht,,NO_SITE
z.hu,,NO_SITE
z.id,,NO_SITE
z.ie,http://z.ie,NONE
z.il,,NO_SITE
z.im,,NO_SITE
z.in,,NO_SITE
z.io,https://z.io,NO_TEXT
z.iq,,NO_SITE
z.ir,,NO_SITE
z.is,https://z.is,NONE
z.it,,NO_SITE
z.je,,NO_SITE
z.jm,,NO_SITE
z.jo,,NO_SITE
z.jp,,NO_SITE
z.ke,http://z.ke,NONE
z.kg,http://z.kg,NONE
z.kh,,NO_SITE
z.ki,,NO_SITE
z.km,,NO_SITE
z.kn,,NO_SITE
z.kp,,NO_SITE
z.kr,,NO_SITE
z.kw,,NO_SITE
z.ky,,NO_SITE
z.kz,https://z.kz,NONE
z.la,,NO_SITE
z.lb,,NO_SITE
z.lc,,NO_SITE
z.li,,NO_SITE
z.lk,,NO_SITE
z.lr,,NO_SITE
z.ls,,NO_SITE
z.lt,,NO_SITE
z.lu,,NO_SITE
z.lv,,NO_SITE
z.ly,,NO_SITE
z.ma,,NO_SITE
z.mc,,NO_SITE
z.md,,NO_SITE
z.me,,NO_SITE
z.mf,,NO_SITE
z.mg,,NO_SITE
z.mh,,NO_SITE
z.mk,,NO_SITE
z.ml,,NO_SITE
z.mm,,NO_SITE
z.mn,,NO_SITE
z.mo,,NO_SITE
z.mp,,NO_SITE
z.mq,,NO_SITE
z.mr,,NO_SITE
z.ms,,NO_SITE
z.mt,,NO_SITE
z.mu,,NO_SITE
z.mv,,NO_SITE
z.mw,http://z.mw,21000
z.mx,,NO_SITE
z.my,,NO_SITE
z.mz,,NO_SITE
z.na,,NO_SITE
z.nc,,NO_SITE
z.ne,,NO_SITE
z.nf,,NO_SITE
z.ng,,NO_SITE
z.ni,,NO_SITE
z.nl,,NO_SITE
z.no,,NO_SITE
z.np,,NO_SITE
z.nr,,NO_SITE
z.nu,,NO_SITE
z.nz,,NO_SITE
z.om,,NO_SITE
z.pa,,NO_SITE
z.pe,https://z.pe,NO_TEXT
z.pf,,NO_SITE
z.pg,,NO_SITE
z.ph,http://z.ph,NO_TEXT
z.pk,,NO_SITE
z.pl,,NO_SITE
z.pm,,NO_SITE
z.pn,https://z.pn,NONE
z.pr,https://z.pr,NONE
z.ps,,NO_SITE
z.pt,,NO_SITE
z.pw,http://z.pw,NONE
z.py,,NO_SITE
z.qa,,NO_SITE
z.re,,NO_SITE
z.ro,http://z.ro,NONE
z.rs,,NO_SITE
z.ru,,NO_SITE
z.rw,,NO_SITE
z.sa,,NO_SITE
z.sb,http://z.sb,NONE
z.sc,,NO_SITE
z.sd,,NO_SITE
z.se,,NO_SITE
z.sg,https://z.sg,NONE
z.sh,https://z.sh,NONE
z.si,,NO_SITE
z.sj,,NO_SITE
z.sk,,NO_SITE
z.sl,,NO_SITE
z.sm,,NO_SITE
z.sn,,NO_SITE
z.so,,NO_SITE
z.sr,,NO_SITE
z.ss,,NO_SITE
z.st,http://z.st,NONE
z.su,,NO_SITE
z.sv,https://z.sv,NONE
z.sx,,NO_SITE
z.sy,,NO_SITE
z.sz,,NO_SITE
z.tc,,NO_SITE
z.td,https://z.td,NONE
z.tf,,NO_SITE
z.tg,,NO_SITE
z.th,,NO_SITE
z.tj,,NO_SITE
z.tk,,NO_SITE
z.tl,http://z.tl,NONE
z.tm,http://z.tm,NONE
z.tn,,NO_SITE
z.to,http://z.to,NONE
z.tp,,NO_SITE
z.tr,,NO_SITE
z.tt,,NO_SITE
z.tv,https://z.tv,NONE
z.tw,,NO_SITE
z.tz,,NO_SITE
z.ua,,NO_SITE
z.ug,,NO_SITE
z.uk,,NO_SITE
z.um,,NO_SITE
z.us,,NO_SITE
z.uy,https://z.uy,NONE
z.uz,,NO_SITE
z.va,,NO_SITE
z.vc,,NO_SITE
z.ve,,NO_SITE
z.vg,http://z.vg,NONE
z.vi,,NO_SITE
z.vn,,NO_SITE
z.vu,http://z.vu,1.50
z.wf,,NO_SITE
z.ws,http://z.ws,NONE
z.ye,,NO_SITE
z.yt,,NO_SITE
z.za,,NO_SITE
z.zm,,NO_SITE
z.zw,,NO_SITE
0.ac,,NO_SITE
0.ad,,NO_SITE
0.ae,,NO_SITE
0.af,https://0.af,NO_TEXT
0.ag,https://0.ag,NONE
0.ai,https://0.ai,NONE
0.al,,NO_SITE
0.am,,NO_SITE
0.an,,NO_SITE
0.ao,,NO_SITE
0.aq,,NO_SITE
0.ar,https://0.ar,6000
0.as,,NO_SITE
0.at,,NO_SITE
0.au,,NO_SITE
0.aw,,NO_SITE
0.ax,,NO_SITE
0.az,,NO_SITE
0.ba,,NO_SITE
0.bb,,NO_SITE
0.bd,,NO_SITE
0.be,,NO_SITE
0.bf,,NO_SITE
0.bg,,NO_SITE
0.bh,,NO_SITE
0.bi,,NO_SITE
0.bj,,NO_SITE
0.bm,,NO_SITE
0.bn,,NO_SITE
0.bo,https://0.bo,NONE
0.br,,NO_SITE
0.bs,,NO_SITE
0.bt,,NO_SITE
0.bv,,NO_SITE
0.bw,,NO_SITE
0.by,,NO_SITE
0.bz,,NO_SITE
0.ca,,NO_SITE
0.cc,,NO_SITE
0.cd,,NO_SITE
0.cf,,NO_SITE
0.cg,http://0.cg,NONE
0.ch,,NO_SITE
0.ci,,NO_SITE
0.ck,,NO_SITE
0.cl,,NO_SITE
0.cm,,NO_SITE
0.cn,,NO_SITE
0.co,,NO_SITE
0.cr,https://0.cr,NONE
0.cu,,NO_SITE
0.cv,,NO_SITE
0.cw,,NO_SITE
0.cx,https://0.cx,NO_TEXT
0.cy,,NO_SITE
0.cz,https://0.cz,NONE
0.de,http://0.de,NO_TEXT
0.dj,,NO_SITE
0.dk,,NO_SITE
0.dm,,NO_SITE
0.do,,NO_SITE
0.dz,,NO_SITE
0.ec,,NO_SITE
0.ee,https://0.ee,NONE
0.eg,,NO_SITE
0.er,,NO_SITE
0.es,,NO_SITE
0.et,,NO_SITE
0.eu,,NO_SITE
0.fi,,NO_SITE
0.fj,,NO_SITE
0.fk,,NO_SITE
0.fm,,NO_SITE
0.fo,,NO_SITE
0.fr,http://0.fr,NONE
0.ga,,NO_SITE
0.gb,,NO_SITE
0.gd,,NO_SITE
0.ge,,NO_SITE
0.gf,,NO_SITE
0.gg,,NO_SITE
0.gh,,NO_SITE
0.gi,,NO_SITE
0.gl,,NO_SITE
0.gm,,NO_SITE
0.gn,,NO_SITE
0.gp,https://0.gp,NONE
0.gq,,NO_SITE
0.gr,,NO_SITE
0.gs,http://0.gs,NONE
0.gt,https://0.gt,NONE
0.gu,,NO_SITE
0.gw,,NO_SITE
0.gy,https://0.gy,NONE
0.hk,,NO_SITE
0.hm,http://0.hm,NONE
0.hn,,NO_SITE
0.hr,,NO_SITE
0.ht,http://0.ht,NONE
0.hu,,NO_SITE
0.id,,NO_SITE
0.ie,https://0.ie,NONE
0.il,,NO_SITE
0.im,,NO_SITE
0.in,,NO_SITE
0.io,,NO_SITE
0.iq,,NO_SITE
0.ir,,NO_SITE
0.is,,NO_SITE
0.it,,NO_SITE
0.je,https://0.je,NONE
0.jm,,NO_SITE
0.jo,,NO_SITE
0.jp,,NO_SITE
0.ke,https://0.ke,NONE
0.kg,http://0.kg,NONE
0.kh,,NO_SITE
0.ki,,NO_SITE
0.km,,NO_SITE
0.kn,,NO_SITE
0.kp,,NO_SITE
0.kr,,NO_SITE
0.kw,,NO_SITE
0.ky,,NO_SITE
0.kz,,NO_SITE
0.la,,NO_SITE
0.lb,,NO_SITE
0.lc,,NO_SITE
0.li,,NO_SITE
0.lk,,NO_SITE
0.lr,,NO_SITE
0.ls,,NO_SITE
0.lt,,NO_SITE
0.lu,http://0.lu,NONE
0.lv,,NO_SITE
0.ly,https://0.ly,NONE
0.ma,,NO_SITE
0.mc,,NO_SITE
0.md,,NO_SITE
0.me,,NO_SITE
0.mf,,NO_SITE
0.mg,,NO_SITE
0.mh,,NO_SITE
0.mk,https://0.mk,NONE
0.ml,http://0.ml,NONE
0.mm,,NO_SITE
0.mn,,NO_SITE
0.mo,,NO_SITE
0.mp,,NO_SITE
0.mq,,NO_SITE
0.mr,https://0.mr,21999
0.ms,,NO_SITE
0.mt,,NO_SITE
0.mu,,NO_SITE
0.mv,,NO_SITE
0.mw,,NO_SITE
0.mx,,NO_SITE
0.my,,NO_SITE
0.mz,,NO_SITE
0.na,,NO_SITE
0.nc,,NO_SITE
0.ne,,NO_SITE
0.nf,http://0.nf,3200
0.ng,,NO_SITE
0.ni,,NO_SITE
0.nl,,NO_SITE
0.no,,NO_SITE
0.np,,NO_SITE
0.nr,,NO_SITE
0.nu,,NO_SITE
0.nz,https://0.nz,NONE
0.om,,NO_SITE
0.pa,,NO_SITE
0.pe,,NO_SITE
0.pf,,NO_SITE
0.pg,,NO_SITE
0.ph,http://0.ph,NO_TEXT
0.pk,,NO_SITE
0.pl,http://0.pl,NONE
0.pm,,NO_SITE
0.pn,,NO_SITE
0.pr,,NO_SITE
0.ps,,NO_SITE
0.pt,,NO_SITE
0.pw,,NO_SITE
0.py,,NO_SITE
0.qa,,NO_SITE
0.re,,NO_SITE
0.ro,https://0.ro,NONE
0.rs,,NO_SITE
0.ru,,NO_SITE
0.rw,https://0.rw,NONE
0.sa,,NO_SITE
0.sb,https://0.sb,NONE
0.sc,,NO_SITE
0.sd,http://0.sd,NONE
0.se,https://0.se,NONE
0.sg,,NO_SITE
0.sh,http://0.sh,NONE
0.si,,NO_SITE
0.sj,,NO_SITE
0.sk,http://0.sk,NONE
0.sl,,NO_SITE
0.sm,,NO_SITE
0.sn,,NO_SITE
0.so,,NO_SITE
0.sr,,NO_SITE
0.ss,,NO_SITE
0.st,https://0.st,NONE
0.su,,NO_SITE
0.sv,https://0.sv,NONE
0.sx,,NO_SITE
0.sy,,NO_SITE
0.sz,,NO_SITE
0.tc,,NO_SITE
0.td,https://0.td,NONE
0.tf,,NO_SITE
0.tg,,NO_SITE
0.th,,NO_SITE
0.tj,,NO_SITE
0.tk,,NO_SITE
0.tl,https://0.tl,NO_TEXT
0.tm,,NO_SITE
0.tn,,NO_SITE
0.to,https://0.to,NONE
0.tp,,NO_SITE
0.tr,,NO_SITE
0.tt,,NO_SITE
0.tv,,NO_SITE
0.tw,,NO_SITE
0.tz,,NO_SITE
0.ua,,NO_SITE
0.ug,,NO_SITE
0.uk,https://0.uk,NONE
0.um,,NO_SITE
0.us,,NO_SITE
0.uy,,NO_SITE
0.uz,,NO_SITE
0.va,,NO_SITE
0.vc,,NO_SITE
0.ve,,NO_SITE
0.vg,https://0.vg,NONE
0.vi,,NO_SITE
0.vn,,NO_SITE
0.vu,https://0.vu,NONE
0.wf,,NO_SITE
0.ws,http://0.ws,NONE
0.ye,,NO_SITE
0.yt,,NO_SITE
0.za,,NO_SITE
0.zm,,NO_SITE
0.zw,,NO_SITE
1.ac,http://1.ac,NONE
1.ad,,NO_SITE
1.ae,,NO_SITE
1.af,https://1.af,NONE
1.ag,,NO_SITE
1.ai,https://1.ai,NONE
1.al,,NO_SITE
1.am,http://1.am,NONE
1.an,,NO_SITE
1.ao,,NO_SITE
1.aq,,NO_SITE
1.ar,,NO_SITE
1.as,,NO_SITE
1.at,,NO_SITE
1.au,,NO_SITE
1.aw,,NO_SITE
1.ax,,NO_SITE
1.az,,NO_SITE
1.ba,,NO_SITE
1.bb,,NO_SITE
1.bd,,NO_SITE
1.be,,NO_SITE
1.bf,,NO_SITE
1.bg,,NO_SITE
1.bh,https://1.bh,NONE
1.bi,,NO_SITE
1.bj,,NO_SITE
1.bm,,NO_SITE
1.bn,,NO_SITE
1.bo,https://1.bo,NONE
1.br,,NO_SITE
1.bs,,NO_SITE
1.bt,,NO_SITE
1.bv,,NO_SITE
1.bw,,NO_SITE
1.by,,NO_SITE
1.bz,,NO_SITE
1.ca,,NO_SITE
1.cc,,NO_SITE
1.cd,,NO_SITE
1.cf,,NO_SITE
1.cg,http://1.cg,NONE
1.ch,,NO_SITE
1.ci,,NO_SITE
1.ck,,NO_SITE
1.cl,,NO_SITE
1.cm,https://1.cm,NO_TEXT
1.cn,http://1.cn,NONE
1.co,https://1.co,NO_TEXT
1.cr,https://1.cr,NO_TEXT
1.cu,,NO_SITE
1.cv,,NO_SITE
1.cw,,NO_SITE
1.cx,https://1.cx,NONE
1.cy,,NO_SITE
1.cz,http://1.cz,NONE
1.de,,NO_SITE
1.dj,,NO_SITE
1.dk,https://1.dk,NONE
1.dm,,NO_SITE
1.do,,NO_SITE
1.dz,,NO_SITE
1.ec,,NO_SITE
1.ee,https://1.ee,NONE
1.eg,,NO_SITE
1.er,,NO_SITE
1.es,,NO_SITE
1.et,,NO_SITE
1.eu,,NO_SITE
1.fi,,NO_SITE
1.fj,,NO_SITE
1.fk,,NO_SITE
1.fm,https://1.fm,NONE
1.fo,http://1.fo,NONE
1.fr,https://1.fr,NONE
1.ga,,NO_SITE
1.gb,,NO_SITE
1.gd,http://1.gd,NONE
1.ge,,NO_SITE
1.gf,,NO_SITE
1.gg,,NO_SITE
1.gh,,NO_SITE
1.gi,,NO_SITE
1.gl,,NO_SITE
1.gm,,NO_SITE
1.gn,,NO_SITE
1.gp,https://1.gp,NO_TEXT
1.gq,,NO_SITE
1.gr,,NO_SITE
1.gs,,NO_SITE
1.gt,https://1.gt,NONE
1.gu,,NO_SITE
1.gw,,NO_SITE
1.gy,https://1.gy,NONE
1.hk,,NO_SITE
1.hm,http://1.hm,NONE
1.hn,,NO_SITE
1.hr,,NO_SITE
1.ht,http://1.ht,NONE
1.hu,,NO_SITE
1.id,,NO_SITE
1.ie,,NO_SITE
1.il,,NO_SITE
1.im,https://1.im,NONE
1.in,,NO_SITE
1.io,https://1.io,NONE
1.iq,,NO_SITE
1.ir,,NO_SITE
1.is,https://1.is,899888
1.it,,NO_SITE
1.je,http://1.je,NONE
1.jm,,NO_SITE
1.jo,,NO_SITE
1.jp,,NO_SITE
1.ke,https://1.ke,NO_TEXT
1.kg,http://1.kg,NONE
1.kh,,NO_SITE
1.ki,https://1.ki,NONE
1.km,,NO_SITE
1.kn,,NO_SITE
1.kp,,NO_SITE
1.kr,,NO_SITE
1.kw,,NO_SITE
1.ky,,NO_SITE
1.kz,https://1.kz,NONE
1.la,http://1.la,NONE
1.lb,,NO_SITE
1.lc,,NO_SITE
1.li,,NO_SITE
1.lk,,NO_SITE
1.lr,,NO_SITE
1.ls,https://1.ls,NONE
1.lt,,NO_SITE
1.lu,,NO_SITE
1.lv,,NO_SITE
1.ly,https://1.ly,NONE
1.ma,,NO_SITE
1.mc,,NO_SITE
1.md,,NO_SITE
1.me,https://1.me,NONE
1.mf,,NO_SITE
1.mg,,NO_SITE
1.mh,,NO_SITE
1.mk,,NO_SITE
1.ml,,NO_SITE
1.mm,,NO_SITE
1.mn,,NO_SITE
1.mo,,NO_SITE
1.mp,,NO_SITE
1.mq,,NO_SITE
1.mr,https://1.mr,NO_TEXT
1.ms,,NO_SITE
1.mt,,NO_SITE
1.mu,,NO_SITE
1.mv,,NO_SITE
1.mw,http://1.mw,13490
1.mx,,NO_SITE
1.my,,NO_SITE
1.mz,,NO_SITE
1.na,,NO_SITE
1.nc,,NO_SITE
1.ne,,NO_SITE
1.nf,https://1.nf,NONE
1.ng,,NO_SITE
1.ni,,NO_SITE
1.nl,,NO_SITE
1.no,,NO_SITE
1.np,,NO_SITE
1.nr,,NO_SITE
1.nu,,NO_SITE
1.nz,http://1.nz,300000
1.om,,NO_SITE
1.pa,,NO_SITE
1.pe,https://1.pe,NO_TEXT
1.pf,,NO_SITE
1.pg,,NO_SITE
1.ph,http://1.ph,NO_TEXT
1.pk,,NO_SITE
1.pl,https://1.pl,NONE
1.pm,,NO_SITE
1.pn,,NO_SITE
1.pr,,NO_SITE
1.ps,,NO_SITE
1.pt,,NO_SITE
1.pw,,NO_SITE
1.py,,NO_SITE
1.qa,,NO_SITE
1.re,,NO_SITE
1.ro,https://1.ro,NONE
1.rs,,NO_SITE
1.ru,,NO_SITE
1.rw,https://1.rw,NONE
1.sa,,NO_SITE
1.sb,http://1.sb,NONE
1.sc,https://1.sc,NONE
1.sd,,NO_SITE
1.se,https://1.se,NONE
1.sg,,NO_SITE
1.sh,http://1.sh,NONE
1.si,,NO_SITE
1.sj,,NO_SITE
1.sk,,NO_SITE
1.sl,,NO_SITE
1.sm,,NO_SITE
1.sn,,NO_SITE
1.so,,NO_SITE
1.sr,,NO_SITE
1.ss,,NO_SITE
1.st,http://1.st,NONE
1.su,,NO_SITE
1.sv,,NO_SITE
1.sx,,NO_SITE
1.sy,,NO_SITE
1.sz,,NO_SITE
1.tc,https://1.tc,NONE
1.td,,NO_SITE
1.tf,,NO_SITE
1.tg,,NO_SITE
1.th,,NO_SITE
1.tj,,NO_SITE
1.tk,,NO_SITE
1.tl,,NO_SITE
1.tm,http://1.tm,NONE
1.tn,,NO_SITE
1.to,http://1.to,NONE
1.tp,,NO_SITE
1.tr,,NO_SITE
1.tt,https://1.tt,NONE
1.tv,https://1.tv,NONE
1.tw,,NO_SITE
1.tz,,NO_SITE
1.ua,http://1.ua,NONE
1.ug,,NO_SITE
1.uk,http://1.uk,499999
1.um,,NO_SITE
1.us,,NO_SITE
1.uy,,NO_SITE
1.uz,,NO_SITE
1.va,,NO_SITE
1.vc,,NO_SITE
1.ve,,NO_SITE
1.vg,https://1.vg,NONE
1.vi,,NO_SITE
1.vn,,NO_SITE
1.vu,https://1.vu,NONE
1.wf,,NO_SITE
1.ws,http://1.ws,NONE
1.ye,,NO_SITE
1.yt,,NO_SITE
1.za,,NO_SITE
1.zm,,NO_SITE
1.zw,,NO_SITE
2.ac,http://2.ac,NONE
2.ad,,NO_SITE
2.ae,,NO_SITE
2.af,,NO_SITE
2.ag,http://2.ag,NONE
2.ai,https://2.ai,NONE
2.al,,NO_SITE
2.am,,NO_SITE
2.an,,NO_SITE
2.ao,,NO_SITE
2.aq,,NO_SITE
2.ar,https://2.ar,NONE
2.as,,NO_SITE
2.at,http://2.at,NONE
2.au,,NO_SITE
2.aw,,NO_SITE
2.ax,,NO_SITE
2.az,,NO_SITE
2.ba,,NO_SITE
2.bb,,NO_SITE
2.bd,,NO_SITE
2.be,,NO_SITE
2.bf,,NO_SITE
2.bg,,NO_SITE
2.bh,,NO_SITE
2.bi,,NO_SITE
2.bj,,NO_SITE
2.bm,,NO_SITE
2.bn,,NO_SITE
2.bo,https://2.bo,NONE
2.br,,NO_SITE
2.bs,,NO_SITE
2.bt,,NO_SITE
2.bv,,NO_SITE
2.bw,,NO_SITE
2.by,,NO_SITE
2.bz,,NO_SITE
2.ca,,NO_SITE
2.cc,,NO_SITE
2.cd,,NO_SITE
2.cf,,NO_SITE
2.cg,http://2.cg,NONE
2.ch,,NO_SITE
2.ci,,NO_SITE
2.ck,,NO_SITE
2.cl,,NO_SITE
2.cm,https://2.cm,NO_TEXT
2.cn,http://2.cn,NONE
2.co,https://2.co,NONE
2.cr,,NO_SITE
2.cu,,NO_SITE
2.cv,https://2.cv,NONE
2.cw,,NO_SITE
2.cx,,NO_SITE
2.cy,,NO_SITE
2.cz,,NO_SITE
2.de,https://2.de,0
2.dj,,NO_SITE
2.dk,http://2.dk,NONE
2.dm,,NO_SITE
2.do,,NO_SITE
2.dz,,NO_SITE
2.ec,,NO_SITE
2.ee,https://2.ee,NONE
2.eg,,NO_SITE
2.er,,NO_SITE
2.es,,NO_SITE
2.et,http://2.et,NONE
2.eu,,NO_SITE
2.fi,,NO_SITE
2.fj,,NO_SITE
2.fk,,NO_SITE
2.fm,,NO_SITE
2.fo,http://2.fo,NONE
2.fr,,NO_SITE
2.ga,,NO_SITE
2.gb,,NO_SITE
2.gd,,NO_SITE
2.ge,,NO_SITE
2.gf,,NO_SITE
2.gg,https://2.gg,NONE
2.gh,,NO_SITE
2.gi,,NO_SITE
2.gl,,NO_SITE
2.gm,,NO_SITE
2.gn,,NO_SITE
2.gp,https://2.gp,NONE
2.gq,,NO_SITE
2.gr,,NO_SITE
2.gs,https://2.gs,NO_TEXT
2.gt,,NO_SITE
2.gu,,NO_SITE
2.gw,,NO_SITE
2.gy,,NO_SITE
2.hk,,NO_SITE
2.hm,http://2.hm,NONE
2.hn,https://2.hn,NONE
2.hr,,NO_SITE
2.ht,https://2.ht,NONE
2.hu,,NO_SITE
2.id,,NO_SITE
2.ie,http://2.ie,NONE
2.il,,NO_SITE
2.im,,NO_SITE
2.in,,NO_SITE
2.io,http://2.io,NONE
2.iq,,NO_SITE
2.ir,,NO_SITE
2.is,https://2.is,NONE
2.it,,NO_SITE
2.je,https://2.je,NONE
2.jm,,NO_SITE
2.jo,,NO_SITE
2.jp,,NO_SITE
2.ke,,NO_SITE
2.kg,http://2.kg,NONE
2.kh,,NO_SITE
2.ki,,NO_SITE
2.km,,NO_SITE
2.kn,,NO_SITE
2.kp,,NO_SITE
2.kr,,NO_SITE
2.kw,,NO_SITE
2.ky,,NO_SITE
2.kz,https://2.kz,NONE
2.la,https://2.la,NO_TEXT
2.lb,,NO_SITE
2.lc,,NO_SITE
2.li,,NO_SITE
2.lk,,NO_SITE
2.lr,,NO_SITE
2.ls,,NO_SITE
2.lt,,NO_SITE
2.lu,,NO_SITE
2.lv,,NO_SITE
2.ly,https://2.ly,NONE
2.ma,,NO_SITE
2.mc,,NO_SITE
2.md,,NO_SITE
2.me,,NO_SITE
2.mf,,NO_SITE
2.mg,,NO_SITE
2.mh,,NO_SITE
2.mk,,NO_SITE
2.ml,,NO_SITE
2.mm,,NO_SITE
2.mn,,NO_SITE
2.mo,,NO_SITE
2.mp,,NO_SITE
2.mq,,NO_SITE
2.mr,http://2.mr,NONE
2.ms,,NO_SITE
2.mt,,NO_SITE
2.mu,,NO_SITE
2.mv,,NO_SITE
2.mw,http://2.mw,NONE
2.mx,,NO_SITE
2.my,,NO_SITE
2.mz,,NO_SITE
2.na,,NO_SITE
2.nc,,NO_SITE
2.ne,,NO_SITE
2.nf,,NO_SITE
2.ng,,NO_SITE
2.ni,,NO_SITE
2.nl,,NO_SITE
2.no,,NO_SITE
2.np,,NO_SITE
2.nr,,NO_SITE
2.nu,,NO_SITE
2.nz,http://2.nz,NONE
2.om,,NO_SITE
2.pa,,NO_SITE
2.pe,https://2.pe,NONE
2.pf,,NO_SITE
2.pg,,NO_SITE
2.ph,http://2.ph,NO_TEXT
2.pk,,NO_SITE
2.pl,http://2.pl,NONE
2.pm,,NO_SITE
2.pn,http://2.pn,NONE
2.pr,,NO_SITE
2.ps,,NO_SITE
2.pt,,NO_SITE
2.pw,,NO_SITE
2.py,,NO_SITE
2.qa,,NO_SITE
2.re,,NO_SITE
2.ro,https://2.ro,NONE
2.rs,,NO_SITE
2.ru,,NO_SITE
2.rw,https://2.rw,NONE
2.sa,,NO_SITE
2.sb,,NO_SITE
2.sc,,NO_SITE
2.sd,,NO_SITE
2.se,,NO_SITE
2.sg,,NO_SITE
2.sh,http://2.sh,NONE
2.si,,NO_SITE
2.sj,,NO_SITE
2.sk,,NO_SITE
2.sl,,NO_SITE
2.sm,,NO_SITE
2.sn,,NO_SITE
2.so,,NO_SITE
2.sr,,NO_SITE
2.ss,,NO_SITE
2.st,,NO_SITE
2.su,,NO_SITE
2.sv,https://2.sv,NONE
2.sx,,NO_SITE
2.sy,,NO_SITE
2.sz,,NO_SITE
2.tc,,NO_SITE
2.td,,NO_SITE
2.tf,,NO_SITE
2.tg,,NO_SITE
2.th,,NO_SITE
2.tj,,NO_SITE
2.tk,,NO_SITE
2.tl,https://2.tl,10000
2.tm,http://2.tm,NONE
2.tn,,NO_SITE
2.to,,NO_SITE
2.tp,,NO_SITE
2.tr,,NO_SITE
2.tt,http://2.tt,NO_TEXT
2.tv,,NO_SITE
2.tw,,NO_SITE
2.tz,,NO_SITE
2.ua,http://2.ua,NONE
2.ug,,NO_SITE
2.uk,,NO_SITE
2.um,,NO_SITE
2.us,,NO_SITE
2.uy,,NO_SITE
2.uz,,NO_SITE
2.va,,NO_SITE
2.vc,,NO_SITE
2.ve,,NO_SITE
2.vg,http://2.vg,13490
2.vi,,NO_SITE
2.vn,,NO_SITE
2.vu,,NO_SITE
2.wf,,NO_SITE
2.ws,http://2.ws,NONE
2.ye,,NO_SITE
2.yt,,NO_SITE
2.za,,NO_SITE
2.zm,,NO_SITE
2.zw,,NO_SITE
3.ac,http://3.ac,NONE
3.ad,,NO_SITE
3.ae,,NO_SITE
3.af,,NO_SITE
3.ag,http://3.ag,NONE
3.ai,https://3.ai,NONE
3.al,,NO_SITE
3.am,http://3.am,NONE
3.an,,NO_SITE
3.ao,,NO_SITE
3.aq,,NO_SITE
3.ar,http://3.ar,NONE
3.as,,NO_SITE
3.at,http://3.at,NONE
3.au,,NO_SITE
3.aw,,NO_SITE
3.ax,,NO_SITE
3.az,,NO_SITE
3.ba,,NO_SITE
3.bb,,NO_SITE
3.bd,,NO_SITE
3.be,,NO_SITE
3.bf,,NO_SITE
3.bg,,NO_SITE
3.bh,,NO_SITE
3.bi,,NO_SITE
3.bj,,NO_SITE
3.bm,,NO_SITE
3.bn,,NO_SITE
3.bo,https://3.bo,NONE
3.br,,NO_SITE
3.bs,,NO_SITE
3.bt,,NO_SITE
3.bv,,NO_SITE
3.bw,,NO_SITE
3.by,,NO_SITE
3.bz,,NO_SITE
3.ca,,NO_SITE
3.cc,,NO_SITE
3.cd,,NO_SITE
3.cf,,NO_SITE
3.cg,http://3.cg,NONE
3.ch,,NO_SITE
3.ci,,NO_SITE
3.ck,,NO_SITE
3.cl,http://3.cl,NONE
3.cm,https://3.cm,NONE
3.cn,https://3.cn,NONE
3.co,https://3.co,NONE
3.cr,http://3.cr,NONE
3.cu,,NO_SITE
3.cv,,NO_SITE
3.cw,,NO_SITE
3.cx,,NO_SITE
3.cy,,NO_SITE
3.cz,https://3.cz,NONE
3.de,https://3.de,NO_TEXT
3.dj,,NO_SITE
3.dk,https://3.dk,3
3.dm,,NO_SITE
3.do,,NO_SITE
3.dz,,NO_SITE
3.ec,,NO_SITE
3.ee,https://3.ee,NONE
3.eg,,NO_SITE
3.er,,NO_SITE
3.es,,NO_SITE
3.et,http://3.et,NONE
3.eu,,NO_SITE
3.fi,,NO_SITE
3.fj,,NO_SITE
3.fk,,NO_SITE
3.fm,,NO_SITE
3.fo,https://3.fo,NONE
3.fr,,NO_SITE
3.ga,,NO_SITE
3.gb,,NO_SITE
3.gd,http://3.gd,NONE
3.ge,,NO_SITE
3.gf,,NO_SITE
3.gg,https://3.gg,NONE
3.gh,,NO_SITE
3.gi,,NO_SITE
3.gl,http://3.gl,1.50
3.gm,,NO_SITE
3.gn,,NO_SITE
3.gp,https://3.gp,NO_TEXT
3.gq,,NO_SITE
3.gr,,NO_SITE
3.gs,,NO_SITE
3.gt,https://3.gt,NONE
3.gu,,NO_SITE
3.gw,,NO_SITE
3.gy,,NO_SITE
3.hk,,NO_SITE
3.hm,http://3.hm,NONE
3.hn,http://3.hn,NONE
3.hr,,NO_SITE
3.ht,,NO_SITE
3.hu,,NO_SITE
3.id,,NO_SITE
3.ie,https://3.ie,0
3.il,,NO_SITE
3.im,,NO_SITE
3.in,,NO_SITE
3.io,http://3.io,NONE
3.iq,,NO_SITE
3.ir,,NO_SITE
3.is,https://3.is,NONE
3.it,,NO_SITE
3.je,https://3.je,NONE
3.jm,,NO_SITE
3.jo,,NO_SITE
3.jp,,NO_SITE
3.ke,,NO_SITE
3.kg,http://3.kg,57500
3.kh,,NO_SITE
3.ki,,NO_SITE
3.km,,NO_SITE
3.kn,,NO_SITE
3.kp,,NO_SITE
3.kr,,NO_SITE
3.kw,,NO_SITE
3.ky,,NO_SITE
3.kz,https://3.kz,NONE
3.la,,NO_SITE
3.lb,,NO_SITE
3.lc,,NO_SITE
3.li,,NO_SITE
3.lk,,NO_SITE
3.lr,,NO_SITE
3.ls,http://3.ls,NONE
3.lt,,NO_SITE
3.lu,,NO_SITE
3.lv,,NO_SITE
3.ly,https://3.ly,NONE
3.ma,,NO_SITE
3.mc,,NO_SITE
3.md,,NO_SITE
3.me,https://3.me,NONE
3.mf,,NO_SITE
3.mg,,NO_SITE
3.mh,,NO_SITE
3.mk,http://3.mk,NONE
3.ml,,NO_SITE
3.mm,,NO_SITE
3.mn,,NO_SITE
3.mo,,NO_SITE
3.mp,,NO_SITE
3.mq,,NO_SITE
3.mr,http://3.mr,NONE
3.ms,,NO_SITE
3.mt,,NO_SITE
3.mu,,NO_SITE
3.mv,,NO_SITE
3.mw,http://3.mw,NONE
3.mx,,NO_SITE
3.my,,NO_SITE
3.mz,,NO_SITE
3.na,,NO_SITE
3.nc,,NO_SITE
3.ne,,NO_SITE
3.nf,,NO_SITE
3.ng,,NO_SITE
3.ni,,NO_SITE
3.nl,,NO_SITE
3.no,,NO_SITE
3.np,,NO_SITE
3.nr,,NO_SITE
3.nu,,NO_SITE
3.nz,http://3.nz,300000
3.om,,NO_SITE
3.pa,,NO_SITE
3.pe,https://3.pe,NO_TEXT
3.pf,,NO_SITE
3.pg,,NO_SITE
3.ph,http://3.ph,NO_TEXT
3.pk,,NO_SITE
3.pl,http://3.pl,NONE
3.pm,,NO_SITE
3.pn,http://3.pn,NONE
3.pr,,NO_SITE
3.ps,,NO_SITE
3.pt,,NO_SITE
3.pw,,NO_SITE
3.py,,NO_SITE
3.qa,,NO_SITE
3.re,,NO_SITE
3.ro,https://3.ro,NONE
3.rs,,NO_SITE
3.ru,,NO_SITE
3.rw,https://3.rw,NONE
3.sa,,NO_SITE
3.sb,,NO_SITE
3.sc,,NO_SITE
3.sd,,NO_SITE
3.se,https://3.se,449
3.sg,,NO_SITE
3.sh,http://3.sh,NONE
3.si,,NO_SITE
3.sj,,NO_SITE
3.sk,,NO_SITE
3.sl,,NO_SITE
3.sm,,NO_SITE
3.sn,,NO_SITE
3.so,,NO_SITE
3.sr,,NO_SITE
3.ss,,NO_SITE
3.st,https://3.st,NONE
3.su,,NO_SITE
3.sv,,NO_SITE
3.sx,,NO_SITE
3.sy,,NO_SITE
3.sz,,NO_SITE
3.tc,,NO_SITE
3.td,,NO_SITE
3.tf,,NO_SITE
3.tg,,NO_SITE
3.th,,NO_SITE
3.tj,,NO_SITE
3.tk,,NO_SITE
3.tl,,NO_SITE
3.tm,http://3.tm,NONE
3.tn,,NO_SITE
3.to,https://3.to,NONE
3.tp,,NO_SITE
3.tr,,NO_SITE
3.tt,,NO_SITE
3.tv,https://3.tv,NO_TEXT
3.tw,,NO_SITE
3.tz,,NO_SITE
3.ua,,NO_SITE
3.ug,,NO_SITE
3.uk,https://3.uk,NONE
3.um,,NO_SITE
3.us,,NO_SITE
3.uy,,NO_SITE
3.uz,,NO_SITE
3.va,,NO_SITE
3.vc,,NO_SITE
3.ve,,NO_SITE
3.vg,http://3.vg,NONE
3.vi,,NO_SITE
3.vn,,NO_SITE
3.vu,https://3.vu,NONE
3.wf,,NO_SITE
3.ws,http://3.ws,NONE
3.ye,,NO_SITE
3.yt,,NO_SITE
3.za,,NO_SITE
3.zm,,NO_SITE
3.zw,,NO_SITE
4.ac,http://4.ac,NONE
4.ad,,NO_SITE
4.ae,,NO_SITE
4.af,,NO_SITE
4.ag,,NO_SITE
4.ai,https://4.ai,NONE
4.al,,NO_SITE
4.am,,NO_SITE
4.an,,NO_SITE
4.ao,,NO_SITE
4.aq,,NO_SITE
4.ar,https://4.ar,NONE
4.as,,NO_SITE
4.at,https://4.at,NONE
4.au,,NO_SITE
4.aw,,NO_SITE
4.ax,,NO_SITE
4.az,,NO_SITE
4.ba,,NO_SITE
4.bb,,NO_SITE
4.bd,,NO_SITE
4.be,,NO_SITE
4.bf,,NO_SITE
4.bg,,NO_SITE
4.bh,,NO_SITE
4.bi,,NO_SITE
4.bj,,NO_SITE
4.bm,,NO_SITE
4.bn,,NO_SITE
4.bo,https://4.bo,NONE
4.br,,NO_SITE
4.bs,,NO_SITE
4.bt,,NO_SITE
4.bv,,NO_SITE
4.bw,,NO_SITE
4.by,,NO_SITE
4.bz,,NO_SITE
4.ca,,NO_SITE
4.cc,https://4.cc,NONE
4.cd,,NO_SITE
4.cf,,NO_SITE
4.cg,http://4.cg,NONE
4.ch,,NO_SITE
4.ci,,NO_SITE
4.ck,,NO_SITE
4.cl,http://4.cl,NONE
4.cm,,NO_SITE
4.cn,https://4.cn,NONE
4.co,https://4.co,NONE
4.cr,https://4.cr,NONE
4.cu,,NO_SITE
4.cv,,NO_SITE
4.cw,,NO_SITE
4.cx,,NO_SITE
4.cy,,NO_SITE
4.cz,http://4.cz,NO_TEXT
4.de,http://4.de,NO_TEXT
4.dj,,NO_SITE
4.dk,https://4.dk,NONE
4.dm,,NO_SITE
4.do,,NO_SITE
4.dz,,NO_SITE
4.ec,,NO_SITE
4.ee,,NO_SITE
4.eg,,NO_SITE
4.er,,NO_SITE
4.es,,NO_SITE
4.et,http://4.et,NONE
4.eu,,NO_SITE
4.fi,,NO_SITE
4.fj,,NO_SITE
4.fk,,NO_SITE
4.fm,,NO_SITE
4.fo,https://4.fo,NONE
4.fr,,NO_SITE
4.ga,,NO_SITE
4.gb,,NO_SITE
4.gd,,NO_SITE
4.ge,,NO_SITE
4.gf,,NO_SITE
4.gg,https://4.gg,NONE
4.gh,,NO_SITE
4.gi,,NO_SITE
4.gl,,NO_SITE
4.gm,,NO_SITE
4.gn,,NO_SITE
4.gp,https://4.gp,NONE
4.gq,,NO_SITE
4.gr,,NO_SITE
4.gs,,NO_SITE
4.gt,https://4.gt,NONE
4.gu,,NO_SITE
4.gw,,NO_SITE
4.gy,,NO_SITE
4.hk,,NO_SITE
4.hm,http://4.hm,NONE
4.hn,http://4.hn,NONE
4.hr,,NO_SITE
4.ht,,NO_SITE
4.hu,,NO_SITE
4.id,,NO_SITE
4.ie,http://4.ie,NONE
4.il,,NO_SITE
4.im,,NO_SITE
4.in,,NO_SITE
4.io,http://4.io,NONE
4.iq,,NO_SITE
4.ir,,NO_SITE
4.is,https://4.is,NONE
4.it,,NO_SITE
4.je,https://4.je,NONE
4.jm,,NO_SITE
4.jo,,NO_SITE
4.jp,,NO_SITE
4.ke,http://4.ke,NONE
4.kg,http://4.kg,NONE
4.kh,,NO_SITE
4.ki,,NO_SITE
4.km,,NO_SITE
4.kn,,NO_SITE
4.kp,,NO_SITE
4.kr,,NO_SITE
4.kw,,NO_SITE
4.ky,,NO_SITE
4.kz,https://4.kz,NONE
4.la,,NO_SITE
4.lb,,NO_SITE
4.lc,,NO_SITE
4.li,,NO_SITE
4.lk,,NO_SITE
4.lr,,NO_SITE
4.ls,,NO_SITE
4.lt,,NO_SITE
4.lu,,NO_SITE
4.lv,,NO_SITE
4.ly,https://4.ly,NONE
4.ma,,NO_SITE
4.mc,,NO_SITE
4.md,,NO_SITE
4.me,https://4.me,NONE
4.mf,,NO_SITE
4.mg,,NO_SITE
4.mh,,NO_SITE
4.mk,,NO_SITE
4.ml,,NO_SITE
4.mm,,NO_SITE
4.mn,,NO_SITE
4.mo,,NO_SITE
4.mp,,NO_SITE
4.mq,,NO_SITE
4.mr,,NO_SITE
4.ms,,NO_SITE
4.mt,,NO_SITE
4.mu,,NO_SITE
4.mv,,NO_SITE
4.mw,http://4.mw,NONE
4.mx,,NO_SITE
4.my,https://4.my,NONE
4.mz,,NO_SITE
4.na,,NO_SITE
4.nc,,NO_SITE
4.ne,,NO_SITE
4.nf,https://4.nf,NONE
4.ng,,NO_SITE
4.ni,,NO_SITE
4.nl,,NO_SITE
4.no,,NO_SITE
4.np,,NO_SITE
4.nr,,NO_SITE
4.nu,,NO_SITE
4.nz,http://4.nz,8.25
4.om,,NO_SITE
4.pa,,NO_SITE
4.pe,https://4.pe,NO_TEXT
4.pf,,NO_SITE
4.pg,,NO_SITE
4.ph,http://4.ph,NO_TEXT
4.pk,,NO_SITE
4.pl,https://4.pl,552270
4.pm,,NO_SITE
4.pn,http://4.pn,NONE
4.pr,,NO_SITE
4.ps,,NO_SITE
4.pt,,NO_SITE
4.pw,,NO_SITE
4.py,,NO_SITE
4.qa,,NO_SITE
4.re,,NO_SITE
4.ro,https://4.ro,NONE
4.rs,,NO_SITE
4.ru,,NO_SITE
4.rw,https://4.rw,NONE
4.sa,,NO_SITE
4.sb,,NO_SITE
4.sc,,NO_SITE
4.sd,,NO_SITE
4.se,,NO_SITE
4.sg,,NO_SITE
4.sh,http://4.sh,NONE
4.si,,NO_SITE
4.sj,,NO_SITE
4.sk,,NO_SITE
4.sl,,NO_SITE
4.sm,,NO_SITE
4.sn,,NO_SITE
4.so,,NO_SITE
4.sr,,NO_SITE
4.ss,,NO_SITE
4.st,,NO_SITE
4.su,,NO_SITE
4.sv,,NO_SITE
4.sx,,NO_SITE
4.sy,,NO_SITE
4.sz,,NO_SITE
4.tc,,NO_SITE
4.td,,NO_SITE
4.tf,,NO_SITE
4.tg,,NO_SITE
4.th,,NO_SITE
4.tj,,NO_SITE
4.tk,,NO_SITE
4.tl,,NO_SITE
4.tm,http://4.tm,NONE
4.tn,,NO_SITE
4.to,https://4.to,NO_TEXT
4.tp,,NO_SITE
4.tr,,NO_SITE
4.tt,,NO_SITE
4.tv,https://4.tv,NO_TEXT
4.tw,,NO_SITE
4.tz,,NO_SITE
4.ua,,NO_SITE
4.ug,,NO_SITE
4.uk,,NO_SITE
4.um,,NO_SITE
4.us,,NO_SITE
4.uy,,NO_SITE
4.uz,,NO_SITE
4.va,,NO_SITE
4.vc,,NO_SITE
4.ve,,NO_SITE
4.vg,,NO_SITE
4.vi,,NO_SITE
4.vn,,NO_SITE
4.vu,,NO_SITE
4.wf,,NO_SITE
4.ws,http://4.ws,NONE
4.ye,,NO_SITE
4.yt,,NO_SITE
4.za,,NO_SITE
4.zm,,NO_SITE
4.zw,,NO_SITE
5.ac,http://5.ac,NONE
5.ad,,NO_SITE
5.ae,,NO_SITE
5.af,,NO_SITE
5.ag,http://5.ag,NONE
5.ai,https://5.ai,NONE
5.al,,NO_SITE
5.am,http://5.am,NONE
5.an,,NO_SITE
5.ao,,NO_SITE
5.aq,,NO_SITE
5.ar,https://5.ar,NONE
5.as,,NO_SITE
5.at,https://5.at,NONE
5.au,,NO_SITE
5.aw,,NO_SITE
5.ax,,NO_SITE
5.az,,NO_SITE
5.ba,,NO_SITE
5.bb,,NO_SITE
5.bd,,NO_SITE
5.be,,NO_SITE
5.bf,,NO_SITE
5.bg,,NO_SITE
5.bh,,NO_SITE
5.bi,,NO_SITE
5.bj,,NO_SITE
5.bm,,NO_SITE
5.bn,,NO_SITE
5.bo,https://5.bo,NONE
5.br,,NO_SITE
5.bs,,NO_SITE
5.bt,,NO_SITE
5.bv,,NO_SITE
5.bw,,NO_SITE
5.by,,NO_SITE
5.bz,,NO_SITE
5.ca,,NO_SITE
5.cc,,NO_SITE
5.cd,,NO_SITE
5.cf,,NO_SITE
5.cg,http://5.cg,NONE
5.ch,,NO_SITE
5.ci,,NO_SITE
5.ck,,NO_SITE
5.cl,https://5.cl,NONE
5.cm,https://5.cm,NO_TEXT
5.cn,,NO_SITE
5.co,https://5.co,NONE
5.cr,https://5.cr,8888
5.cu,,NO_SITE
5.cv,,NO_SITE
5.cw,,NO_SITE
5.cx,https://5.cx,NONE
5.cy,,NO_SITE
5.cz,http://5.cz,NO_TEXT
5.de,https://5.de,NONE
5.dj,,NO_SITE
5.dk,http://5.dk,NONE
5.dm,,NO_SITE
5.do,,NO_SITE
5.dz,,NO_SITE
5.ec,,NO_SITE
5.ee,https://5.ee,NONE
5.eg,,NO_SITE
5.er,,NO_SITE
5.es,,NO_SITE
5.et,http://5.et,NONE
5.eu,,NO_SITE
5.fi,,NO_SITE
5.fj,,NO_SITE
5.fk,,NO_SITE
5.fm,,NO_SITE
5.fo,https://5.fo,NONE
5.fr,http://5.fr,NONE
5.ga,,NO_SITE
5.gb,,NO_SITE
5.gd,,NO_SITE
5.ge,,NO_SITE
5.gf,,NO_SITE
5.gg,https://5.gg,NONE
5.gh,,NO_SITE
5.gi,,NO_SITE
5.gl,https://5.gl,NONE
5.gm,,NO_SITE
5.gn,,NO_SITE
5.gp,https://5.gp,NONE
5.gq,,NO_SITE
5.gr,,NO_SITE
5.gs,https://5.gs,NO_TEXT
5.gt,https://5.gt,NONE
5.gu,,NO_SITE
5.gw,,NO_SITE
5.gy,,NO_SITE
5.hk,,NO_SITE
5.hm,http://5.hm,NONE
5.hn,https://5.hn,NONE
5.hr,,NO_SITE
5.ht,,NO_SITE
5.hu,,NO_SITE
5.id,,NO_SITE
5.ie,,NO_SITE
5.il,,NO_SITE
5.im,,NO_SITE
5.in,,NO_SITE
5.io,https://5.io,200000
5.iq,,NO_SITE
5.ir,,NO_SITE
5.is,,NO_SITE
5.it,,NO_SITE
5.je,,NO_SITE
5.jm,,NO_SITE
5.jo,,NO_SITE
5.jp,,NO_SITE
5.ke,https://5.ke,NO_TEXT
5.kg,http://5.kg,NONE
5.kh,,NO_SITE
5.ki,,NO_SITE
5.km,,NO_SITE
5.kn,,NO_SITE
5.kp,,NO_SITE
5.kr,,NO_SITE
5.kw,,NO_SITE
5.ky,,NO_SITE
5.kz,https://5.kz,NONE
5.la,http://5.la,NONE
5.lb,,NO_SITE
5.lc,,NO_SITE
5.li,,NO_SITE
5.lk,,NO_SITE
5.lr,,NO_SITE
5.ls,,NO_SITE
5.lt,,NO_SITE
5.lu,http://5.lu,NONE
5.lv,,NO_SITE
5.ly,https://5.ly,NO_TEXT
5.ma,,NO_SITE
5.mc,,NO_SITE
5.md,,NO_SITE
5.me,https://5.me,NONE
5.mf,,NO_SITE
5.mg,,NO_SITE
5.mh,,NO_SITE
5.mk,,NO_SITE
5.ml,,NO_SITE
5.mm,,NO_SITE
5.mn,,NO_SITE
5.mo,,NO_SITE
5.mp,,NO_SITE
5.mq,,NO_SITE
5.mr,,NO_SITE
5.ms,,NO_SITE
5.mt,,NO_SITE
5.mu,,NO_SITE
5.mv,,NO_SITE
5.mw,http://5.mw,NONE
5.mx,,NO_SITE
5.my,https://5.my,NONE
5.mz,,NO_SITE
5.na,,NO_SITE
5.nc,,NO_SITE
5.ne,,NO_SITE
5.nf,,NO_SITE
5.ng,,NO_SITE
5.ni,,NO_SITE
5.nl,,NO_SITE
5.no,,NO_SITE
5.np,,NO_SITE
5.nr,,NO_SITE
5.nu,https://5.nu,NO_TEXT
5.nz,,NO_SITE
5.om,,NO_SITE
5.pa,,NO_SITE
5.pe,https://5.pe,NO_TEXT
5.pf,,NO_SITE
5.pg,,NO_SITE
5.ph,http://5.ph,NO_TEXT
5.pk,,NO_SITE
5.pl,,NO_SITE
5.pm,,NO_SITE
5.pn,,NO_SITE
5.pr,,NO_SITE
5.ps,,NO_SITE
5.pt,,NO_SITE
5.pw,,NO_SITE
5.py,,NO_SITE
5.qa,,NO_SITE
5.re,,NO_SITE
5.ro,https://5.ro,55
5.rs,,NO_SITE
5.ru,,NO_SITE
5.rw,https://5.rw,NONE
5.sa,,NO_SITE
5.sb,http://5.sb,NONE
5.sc,,NO_SITE
5.sd,,NO_SITE
5.se,http://5.se,NONE
5.sg,,NO_SITE
5.sh,http://5.sh,NONE
5.si,,NO_SITE
5.sj,,NO_SITE
5.sk,,NO_SITE
5.sl,,NO_SITE
5.sm,,NO_SITE
5.sn,,NO_SITE
5.so,,NO_SITE
5.sr,,NO_SITE
5.ss,,NO_SITE
5.st,,NO_SITE
5.su,,NO_SITE
5.sv,https://5.sv,NONE
5.sx,,NO_SITE
5.sy,,NO_SITE
5.sz,,NO_SITE
5.tc,,NO_SITE
5.td,,NO_SITE
5.tf,,NO_SITE
5.tg,,NO_SITE
5.th,,NO_SITE
5.tj,,NO_SITE
5.tk,,NO_SITE
5.tl,,NO_SITE
5.tm,http://5.tm,NONE
5.tn,,NO_SITE
5.to,,NO_SITE
5.tp,,NO_SITE
5.tr,,NO_SITE
5.tt,,NO_SITE
5.tv,,NO_SITE
5.tw,,NO_SITE
5.tz,,NO_SITE
5.ua,https://5.ua,NONE
5.ug,,NO_SITE
5.uk,https://5.uk,NONE
5.um,,NO_SITE
5.us,,NO_SITE
5.uy,,NO_SITE
5.uz,,NO_SITE
5.va,,NO_SITE
5.vc,,NO_SITE
5.ve,,NO_SITE
5.vg,https://5.vg,NONE
5.vi,,NO_SITE
5.vn,,NO_SITE
5.vu,,NO_SITE
5.wf,,NO_SITE
5.ws,http://5.ws,NONE
5.ye,,NO_SITE
5.yt,,NO_SITE
5.za,,NO_SITE
5.zm,,NO_SITE
5.zw,,NO_SITE
6.ac,http://6.ac,NONE
6.ad,,NO_SITE
6.ae,,NO_SITE
6.af,,NO_SITE
6.ag,,NO_SITE
6.ai,https://6.ai,NONE
6.al,,NO_SITE
6.am,,NO_SITE
6.an,,NO_SITE
6.ao,,NO_SITE
6.aq,,NO_SITE
6.ar,https://6.ar,NONE
6.as,,NO_SITE
6.at,https://6.at,NO_TEXT
6.au,,NO_SITE
6.aw,,NO_SITE
6.ax,,NO_SITE
6.az,,NO_SITE
6.ba,,NO_SITE
6.bb,,NO_SITE
6.bd,,NO_SITE
6.be,,NO_SITE
6.bf,,NO_SITE
6.bg,,NO_SITE
6.bh,,NO_SITE
6.bi,,NO_SITE
6.bj,,NO_SITE
6.bm,,NO_SITE
6.bn,,NO_SITE
6.bo,https://6.bo,NONE
6.br,,NO_SITE
6.bs,,NO_SITE
6.bt,,NO_SITE
6.bv,,NO_SITE
6.bw,,NO_SITE
6.by,,NO_SITE
6.bz,,NO_SITE
6.ca,,NO_SITE
6.cc,,NO_SITE
6.cd,,NO_SITE
6.cf,,NO_SITE
6.cg,http://6.cg,NONE
6.ch,,NO_SITE
6.ci,,NO_SITE
6.ck,,NO_SITE
6.cl,https://6.cl,NONE
6.cm,https://6.cm,NO_TEXT
6.cn,https://6.cn,5148
6.co,https://6.co,NONE
6.cr,https://6.cr,5888
6.cu,,NO_SITE
6.cv,,NO_SITE
6.cw,,NO_SITE
6.cx,http://6.cx,NONE
6.cy,,NO_SITE
6.cz,,NO_SITE
6.de,,NO_SITE
6.dj,,NO_SITE
6.dk,http://6.dk,NONE
6.dm,,NO_SITE
6.do,,NO_SITE
6.dz,,NO_SITE
6.ec,,NO_SITE
6.ee,https://6.ee,NONE
6.eg,,NO_SITE
6.er,,NO_SITE
6.es,,NO_SITE
6.et,http://6.et,NONE
6.eu,,NO_SITE
6.fi,,NO_SITE
6.fj,,NO_SITE
6.fk,,NO_SITE
6.fm,,NO_SITE
6.fo,https://6.fo,NONE
6.fr,,NO_SITE
6.ga,,NO_SITE
6.gb,,NO_SITE
6.gd,,NO_SITE
6.ge,,NO_SITE
6.gf,,NO_SITE
6.gg,,NO_SITE
6.gh,,NO_SITE
6.gi,,NO_SITE
6.gl,https://6.gl,NONE
6.gm,,NO_SITE
6.gn,,NO_SITE
6.gp,https://6.gp,NONE
6.gq,,NO_SITE
6.gr,,NO_SITE
6.gs,https://6.gs,NO_TEXT
6.gt,http://6.gt,NONE
6.gu,,NO_SITE
6.gw,,NO_SITE
6.gy,,NO_SITE
6.hk,,NO_SITE
6.hm,http://6.hm,NONE
6.hn,https://6.hn,NONE
6.hr,http://6.hr,NONE
6.ht,,NO_SITE
6.hu,,NO_SITE
6.id,,NO_SITE
6.ie,https://6.ie,8888
6.il,,NO_SITE
6.im,,NO_SITE
6.in,,NO_SITE
6.io,,NO_SITE
6.iq,,NO_SITE
6.ir,,NO_SITE
6.is,https://6.is,NONE
6.it,,NO_SITE
6.je,https://6.je,NONE
6.jm,,NO_SITE
6.jo,,NO_SITE
6.jp,,NO_SITE
6.ke,,NO_SITE
6.kg,http://6.kg,NONE
6.kh,,NO_SITE
6.ki,,NO_SITE
6.km,,NO_SITE
6.kn,,NO_SITE
6.kp,,NO_SITE
6.kr,,NO_SITE
6.kw,,NO_SITE
6.ky,,NO_SITE
6.kz,https://6.kz,NONE
6.la,http://6.la,NONE
6.lb,,NO_SITE
6.lc,,NO_SITE
6.li,,NO_SITE
6.lk,,NO_SITE
6.lr,,NO_SITE
6.ls,https://6.ls,NONE
6.lt,,NO_SITE
6.lu,http://6.lu,NONE
6.lv,,NO_SITE
6.ly,https://6.ly,NONE
6.ma,,NO_SITE
6.mc,,NO_SITE
6.md,,NO_SITE
6.me,https://6.me,NONE
6.mf,,NO_SITE
6.mg,,NO_SITE
6.mh,,NO_SITE
6.mk,,NO_SITE
6.ml,,NO_SITE
6.mm,,NO_SITE
6.mn,,NO_SITE
6.mo,,NO_SITE
6.mp,,NO_SITE
6.mq,,NO_SITE
6.mr,https://6.mr,NONE
6.ms,,NO_SITE
6.mt,,NO_SITE
6.mu,,NO_SITE
6.mv,,NO_SITE
6.mw,http://6.mw,NONE
6.mx,,NO_SITE
6.my,https://6.my,NONE
6.mz,,NO_SITE
6.na,,NO_SITE
6.nc,,NO_SITE
6.ne,,NO_SITE
6.nf,http://6.nf,NONE
6.ng,,NO_SITE
6.ni,,NO_SITE
6.nl,,NO_SITE
6.no,,NO_SITE
6.np,,NO_SITE
6.nr,,NO_SITE
6.nu,http://6.nu,NONE
6.nz,,NO_SITE
6.om,,NO_SITE
6.pa,,NO_SITE
6.pe,,NO_SITE
6.pf,,NO_SITE
6.pg,,NO_SITE
6.ph,http://6.ph,NO_TEXT
6.pk,,NO_SITE
6.pl,https://6.pl,NONE
6.pm,,NO_SITE
6.pn,http://6.pn,NONE
6.pr,,NO_SITE
6.ps,,NO_SITE
6.pt,,NO_SITE
6.pw,,NO_SITE
6.py,,NO_SITE
6.qa,,NO_SITE
6.re,,NO_SITE
6.ro,https://6.ro,NONE
6.rs,,NO_SITE
6.ru,,NO_SITE
6.rw,https://6.rw,NONE
6.sa,,NO_SITE
6.sb,http://6.sb,NONE
6.sc,https://6.sc,NO_TEXT
6.sd,,NO_SITE
6.se,,NO_SITE
6.sg,,NO_SITE
6.sh,http://6.sh,NONE
6.si,,NO_SITE
6.sj,,NO_SITE
6.sk,,NO_SITE
6.sl,,NO_SITE
6.sm,,NO_SITE
6.sn,,NO_SITE
6.so,,NO_SITE
6.sr,,NO_SITE
6.ss,,NO_SITE
6.st,,NO_SITE
6.su,,NO_SITE
6.sv,http://6.sv,NONE
6.sx,,NO_SITE
6.sy,,NO_SITE
6.sz,,NO_SITE
6.tc,,NO_SITE
6.td,https://6.td,NONE
6.tf,,NO_SITE
6.tg,,NO_SITE
6.th,,NO_SITE
6.tj,,NO_SITE
6.tk,,NO_SITE
6.tl,https://6.tl,NONE
6.tm,http://6.tm,NONE
6.tn,,NO_SITE
6.to,https://6.to,NONE
6.tp,,NO_SITE
6.tr,,NO_SITE
6.tt,,NO_SITE
6.tv,https://6.tv,NONE
6.tw,,NO_SITE
6.tz,,NO_SITE
6.ua,http://6.ua,NONE
6.ug,,NO_SITE
6.uk,,NO_SITE
6.um,,NO_SITE
6.us,,NO_SITE
6.uy,,NO_SITE
6.uz,,NO_SITE
6.va,,NO_SITE
6.vc,,NO_SITE
6.ve,,NO_SITE
6.vg,http://6.vg,NONE
6.vi,,NO_SITE
6.vn,,NO_SITE
6.vu,,NO_SITE
6.wf,,NO_SITE
6.ws,http://6.ws,NONE
6.ye,,NO_SITE
6.yt,,NO_SITE
6.za,,NO_SITE
6.zm,,NO_SITE
6.zw,,NO_SITE
7.ac,http://7.ac,NONE
7.ad,,NO_SITE
7.ae,,NO_SITE
7.af,,NO_SITE
7.ag,http://7.ag,NONE
7.ai,https://7.ai,NONE
7.al,,NO_SITE
7.am,https://7.am,NONE
7.an,,NO_SITE
7.ao,,NO_SITE
7.aq,,NO_SITE
7.ar,https://7.ar,NONE
7.as,,NO_SITE
7.at,https://7.at,0.99
7.au,,NO_SITE
7.aw,,NO_SITE
7.ax,,NO_SITE
7.az,,NO_SITE
7.ba,,NO_SITE
7.bb,,NO_SITE
7.bd,,NO_SITE
7.be,,NO_SITE
7.bf,,NO_SITE
7.bg,,NO_SITE
7.bh,,NO_SITE
7.bi,,NO_SITE
7.bj,,NO_SITE
7.bm,,NO_SITE
7.bn,,NO_SITE
7.bo,https://7.bo,NONE
7.br,,NO_SITE
7.bs,,NO_SITE
7.bt,,NO_SITE
7.bv,,NO_SITE
7.bw,,NO_SITE
7.by,,NO_SITE
7.bz,,NO_SITE
7.ca,,NO_SITE
7.cc,,NO_SITE
7.cd,,NO_SITE
7.cf,,NO_SITE
7.cg,http://7.cg,NONE
7.ch,,NO_SITE
7.ci,,NO_SITE
7.ck,,NO_SITE
7.cl,https://7.cl,20000
7.cm,,NO_SITE
7.cn,,NO_SITE
7.co,https://7.co,NONE
7.cr,https://7.cr,NONE
7.cu,,NO_SITE
7.cv,,NO_SITE
7.cw,,NO_SITE
7.cx,https://7.cx,NONE
7.cy,,NO_SITE
7.cz,,NO_SITE
7.de,,NO_SITE
7.dj,,NO_SITE
7.dk,https://7.dk,NONE
7.dm,,NO_SITE
7.do,,NO_SITE
7.dz,,NO_SITE
7.ec,,NO_SITE
7.ee,https://7.ee,NONE
7.eg,,NO_SITE
7.er,,NO_SITE
7.es,,NO_SITE
7.et,http://7.et,NONE
7.eu,,NO_SITE
7.fi,,NO_SITE
7.fj,,NO_SITE
7.fk,,NO_SITE
7.fm,,NO_SITE
7.fo,https://7.fo,NONE
7.fr,,NO_SITE
7.ga,,NO_SITE
7.gb,,NO_SITE
7.gd,,NO_SITE
7.ge,,NO_SITE
7.gf,,NO_SITE
7.gg,http://7.gg,NONE
7.gh,,NO_SITE
7.gi,,NO_SITE
7.gl,https://7.gl,50000
7.gm,,NO_SITE
7.gn,,NO_SITE
7.gp,https://7.gp,NO_TEXT
7.gq,,NO_SITE
7.gr,,NO_SITE
7.gs,https://7.gs,NO_TEXT
7.gt,https://7.gt,NONE
7.gu,,NO_SITE
7.gw,,NO_SITE
7.gy,,NO_SITE
7.hk,,NO_SITE
7.hm,http://7.hm,NONE
7.hn,,NO_SITE
7.hr,https://7.hr,NONE
7.ht,http://7.ht,NONE
7.hu,,NO_SITE
7.id,,NO_SITE
7.ie,,NO_SITE
7.il,,NO_SITE
7.im,,NO_SITE
7.in,,NO_SITE
7.io,https://7.io,NO_TEXT
7.iq,,NO_SITE
7.ir,,NO_SITE
7.is,https://7.is,NONE
7.it,,NO_SITE
7.je,https://7.je,NONE
7.jm,,NO_SITE
7.jo,,NO_SITE
7.jp,,NO_SITE
7.ke,,NO_SITE
7.kg,http://7.kg,NONE
7.kh,,NO_SITE
7.ki,,NO_SITE
7.km,,NO_SITE
7.kn,,NO_SITE
7.kp,,NO_SITE
7.kr,,NO_SITE
7.kw,,NO_SITE
7.ky,,NO_SITE
7.kz,https://7.kz,NONE
7.la,http://7.la,NONE
7.lb,,NO_SITE
7.lc,,NO_SITE
7.li,,NO_SITE
7.lk,,NO_SITE
7.lr,,NO_SITE
7.ls,,NO_SITE
7.lt,,NO_SITE
7.lu,,NO_SITE
7.lv,,NO_SITE
7.ly,https://7.ly,NONE
7.ma,,NO_SITE
7.mc,,NO_SITE
7.md,,NO_SITE
7.me,,NO_SITE
7.mf,,NO_SITE
7.mg,,NO_SITE
7.mh,,NO_SITE
7.mk,https://7.mk,320
7.ml,,NO_SITE
7.mm,,NO_SITE
7.mn,,NO_SITE
7.mo,,NO_SITE
7.mp,,NO_SITE
7.mq,,NO_SITE
7.mr,http://7.mr,NONE
7.ms,,NO_SITE
7.mt,,NO_SITE
7.mu,,NO_SITE
7.mv,,NO_SITE
7.mw,http://7.mw,NONE
7.mx,,NO_SITE
7.my,https://7.my,NONE
7.mz,,NO_SITE
7.na,,NO_SITE
7.nc,,NO_SITE
7.ne,,NO_SITE
7.nf,https://7.nf,NONE
7.ng,,NO_SITE
7.ni,,NO_SITE
7.nl,,NO_SITE
7.no,,NO_SITE
7.np,,NO_SITE
7.nr,,NO_SITE
7.nu,,NO_SITE
7.nz,http://7.nz,NONE
7.om,,NO_SITE
7.pa,,NO_SITE
7.pe,https://7.pe,NO_TEXT
7.pf,,NO_SITE
7.pg,,NO_SITE
7.ph,http://7.ph,NO_TEXT
7.pk,,NO_SITE
7.pl,https://7.pl,NONE
7.pm,,NO_SITE
7.pn,,NO_SITE
7.pr,,NO_SITE
7.ps,,NO_SITE
7.pt,,NO_SITE
7.pw,,NO_SITE
7.py,,NO_SITE
7.qa,,NO_SITE
7.re,,NO_SITE
7.ro,https://7.ro,NONE
7.rs,,NO_SITE
7.ru,,NO_SITE
7.rw,,NO_SITE
7.sa,,NO_SITE
7.sb,,NO_SITE
7.sc,,NO_SITE
7.sd,,NO_SITE
7.se,http://7.se,NONE
7.sg,,NO_SITE
7.sh,http://7.sh,NONE
7.si,,NO_SITE
7.sj,,NO_SITE
7.sk,,NO_SITE
7.sl,,NO_SITE
7.sm,,NO_SITE
7.sn,,NO_SITE
7.so,,NO_SITE
7.sr,,NO_SITE
7.ss,,NO_SITE
7.st,,NO_SITE
7.su,,NO_SITE
7.sv,http://7.sv,NONE
7.sx,,NO_SITE
7.sy,,NO_SITE
7.sz,,NO_SITE
7.tc,,NO_SITE
7.td,,NO_SITE
7.tf,,NO_SITE
7.tg,,NO_SITE
7.th,,NO_SITE
7.tj,,NO_SITE
7.tk,,NO_SITE
7.tl,,NO_SITE
7.tm,http://7.tm,NONE
7.tn,,NO_SITE
7.to,https://7.to,NONE
7.tp,,NO_SITE
7.tr,,NO_SITE
7.tt,,NO_SITE
7.tv,https://7.tv,NO_TEXT
7.tw,,NO_SITE
7.tz,,NO_SITE
7.ua,https://7.ua,55000
7.ug,,NO_SITE
7.uk,http://7.uk,299999
7.um,,NO_SITE
7.us,,NO_SITE
7.uy,,NO_SITE
7.uz,,NO_SITE
7.va,,NO_SITE
7.vc,,NO_SITE
7.ve,,NO_SITE
7.vg,http://7.vg,NONE
7.vi,,NO_SITE
7.vn,,NO_SITE
7.vu,,NO_SITE
7.wf,,NO_SITE
7.ws,http://7.ws,NONE
7.ye,,NO_SITE
7.yt,,NO_SITE
7.za,,NO_SITE
7.zm,,NO_SITE
7.zw,,NO_SITE
8.ac,http://8.ac,22000
8.ad,,NO_SITE
8.ae,,NO_SITE
8.af,https://8.af,NONE
8.ag,http://8.ag,NONE
8.ai,https://8.ai,NONE
8.al,,NO_SITE
8.am,,NO_SITE
8.an,,NO_SITE
8.ao,,NO_SITE
8.aq,,NO_SITE
8.ar,https://8.ar,NONE
8.as,,NO_SITE
8.at,https://8.at,NO_TEXT
8.au,,NO_SITE
8.aw,,NO_SITE
8.ax,,NO_SITE
8.az,,NO_SITE
8.ba,,NO_SITE
8.bb,,NO_SITE
8.bd,,NO_SITE
8.be,,NO_SITE
8.bf,,NO_SITE
8.bg,,NO_SITE
8.bh,,NO_SITE
8.bi,,NO_SITE
8.bj,,NO_SITE
8.bm,,NO_SITE
8.bn,,NO_SITE
8.bo,https://8.bo,NONE
8.br,,NO_SITE
8.bs,,NO_SITE
8.bt,,NO_SITE
8.bv,,NO_SITE
8.bw,,NO_SITE
8.by,,NO_SITE
8.bz,,NO_SITE
8.ca,,NO_SITE
8.cc,https://8.cc,NO_TEXT
8.cd,,NO_SITE
8.cf,,NO_SITE
8.cg,http://8.cg,NONE
8.ch,,NO_SITE
8.ci,,NO_SITE
8.ck,,NO_SITE
8.cl,https://8.cl,28288
8.cm,,NO_SITE
8.cn,http://8.cn,NONE
8.co,,NO_SITE
8.cr,https://8.cr,18888
8.cu,,NO_SITE
8.cv,,NO_SITE
8.cw,,NO_SITE
8.cx,http://8.cx,999
8.cy,,NO_SITE
8.cz,http://8.cz,NO_TEXT
8.de,https://8.de,NONE
8.dj,,NO_SITE
8.dk,,NO_SITE
8.dm,,NO_SITE
8.do,,NO_SITE
8.dz,,NO_SITE
8.ec,,NO_SITE
8.ee,http://8.ee,NONE
8.eg,,NO_SITE
8.er,,NO_SITE
8.es,,NO_SITE
8.et,,NO_SITE
8.eu,,NO_SITE
8.fi,,NO_SITE
8.fj,,NO_SITE
8.fk,,NO_SITE
8.fm,,NO_SITE
8.fo,https://8.fo,NONE
8.fr,,NO_SITE
8.ga,,NO_SITE
8.gb,,NO_SITE
8.gd,http://8.gd,NONE
8.ge,,NO_SITE
8.gf,,NO_SITE
8.gg,,NO_SITE
8.gh,,NO_SITE
8.gi,,NO_SITE
8.gl,https://8.gl,NONE
8.gm,,NO_SITE
8.gn,,NO_SITE
8.gp,https://8.gp,NO_TEXT
8.gq,,NO_SITE
8.gr,,NO_SITE
8.gs,https://8.gs,NO_TEXT
8.gt,,NO_SITE
8.gu,,NO_SITE
8.gw,,NO_SITE
8.gy,,NO_SITE
8.hk,,NO_SITE
8.hm,,NO_SITE
8.hn,http://8.hn,NONE
8.hr,,NO_SITE
8.ht,https://8.ht,18888
8.hu,,NO_SITE
8.id,,NO_SITE
8.ie,http://8.ie,NONE
8.il,,NO_SITE
8.im,,NO_SITE
8.in,,NO_SITE
8.io,,NO_SITE
8.iq,,NO_SITE
8.ir,,NO_SITE
8.is,https://8.is,NONE
8.it,,NO_SITE
8.je,https://8.je,NONE
8.jm,,NO_SITE
8.jo,,NO_SITE
8.jp,,NO_SITE
8.ke,https://8.ke,NO_TEXT
8.kg,http://8.kg,NONE
8.kh,,NO_SITE
8.ki,https://8.ki,NO_TEXT
8.km,,NO_SITE
8.kn,,NO_SITE
8.kp,,NO_SITE
8.kr,,NO_SITE
8.kw,,NO_SITE
8.ky,,NO_SITE
8.kz,,NO_SITE
8.la,http://8.la,NONE
8.lb,,NO_SITE
8.lc,,NO_SITE
8.li,,NO_SITE
8.lk,,NO_SITE
8.lr,,NO_SITE
8.ls,https://8.ls,8888
8.lt,,NO_SITE
8.lu,http://8.lu,NONE
8.lv,,NO_SITE
8.ly,https://8.ly,NONE
8.ma,,NO_SITE
8.mc,,NO_SITE
8.md,,NO_SITE
8.me,,NO_SITE
8.mf,,NO_SITE
8.mg,,NO_SITE
8.mh,,NO_SITE
8.mk,https://8.mk,NONE
8.ml,,NO_SITE
8.mm,,NO_SITE
8.mn,,NO_SITE
8.mo,,NO_SITE
8.mp,,NO_SITE
8.mq,,NO_SITE
8.mr,https://8.mr,18888
8.ms,,NO_SITE
8.mt,,NO_SITE
8.mu,,NO_SITE
8.mv,,NO_SITE
8.mw,http://8.mw,NONE
8.mx,,NO_SITE
8.my,,NO_SITE
8.mz,,NO_SITE
8.na,,NO_SITE
8.nc,,NO_SITE
8.ne,,NO_SITE
8.nf,https://8.nf,NO_TEXT
8.ng,,NO_SITE
8.ni,,NO_SITE
8.nl,,NO_SITE
8.no,,NO_SITE
8.np,,NO_SITE
8.nr,,NO_SITE
8.nu,http://8.nu,NONE
8.nz,,NO_SITE
8.om,,NO_SITE
8.pa,,NO_SITE
8.pe,,NO_SITE
8.pf,,NO_SITE
8.pg,,NO_SITE
8.ph,http://8.ph,NO_TEXT
8.pk,,NO_SITE
8.pl,,NO_SITE
8.pm,,NO_SITE
8.pn,https://8.pn,NONE
8.pr,,NO_SITE
8.ps,,NO_SITE
8.pt,,NO_SITE
8.pw,,NO_SITE
8.py,,NO_SITE
8.qa,,NO_SITE
8.re,,NO_SITE
8.ro,https://8.ro,NONE
8.rs,,NO_SITE
8.ru,,NO_SITE
8.rw,,NO_SITE
8.sa,,NO_SITE
8.sb,http://8.sb,NONE
8.sc,,NO_SITE
8.sd,,NO_SITE
8.se,,NO_SITE
8.sg,,NO_SITE
8.sh,http://8.sh,NONE
8.si,,NO_SITE
8.sj,,NO_SITE
8.sk,https://8.sk,NONE
8.sl,,NO_SITE
8.sm,,NO_SITE
8.sn,,NO_SITE
8.so,,NO_SITE
8.sr,,NO_SITE
8.ss,,NO_SITE
8.st,http://8.st,NONE
8.su,,NO_SITE
8.sv,,NO_SITE
8.sx,,NO_SITE
8.sy,,NO_SITE
8.sz,,NO_SITE
8.tc,,NO_SITE
8.td,,NO_SITE
8.tf,,NO_SITE
8.tg,,NO_SITE
8.th,,NO_SITE
8.tj,,NO_SITE
8.tk,,NO_SITE
8.tl,,NO_SITE
8.tm,http://8.tm,NONE
8.tn,,NO_SITE
8.to,,NO_SITE
8.tp,,NO_SITE
8.tr,,NO_SITE
8.tt,,NO_SITE
8.tv,,NO_SITE
8.tw,,NO_SITE
8.tz,,NO_SITE
8.ua,,NO_SITE
8.ug,,NO_SITE
8.uk,,NO_SITE
8.um,,NO_SITE
8.us,,NO_SITE
8.uy,,NO_SITE
8.uz,,NO_SITE
8.va,,NO_SITE
8.vc,,NO_SITE
8.ve,,NO_SITE
8.vg,http://8.vg,NONE
8.vi,,NO_SITE
8.vn,,NO_SITE
8.vu,https://8.vu,NONE
8.wf,,NO_SITE
8.ws,http://8.ws,NONE
8.ye,,NO_SITE
8.yt,,NO_SITE
8.za,,NO_SITE
8.zm,,NO_SITE
8.zw,,NO_SITE
9.ac,https://9.ac,19000
9.ad,,NO_SITE
9.ae,,NO_SITE
9.af,https://9.af,NONE
9.ag,,NO_SITE
9.ai,https://9.ai,NONE
9.al,,NO_SITE
9.am,,NO_SITE
9.an,,NO_SITE
9.ao,,NO_SITE
9.aq,,NO_SITE
9.ar,https://9.ar,6000
9.as,,NO_SITE
9.at,https://9.at,NO_TEXT
9.au,,NO_SITE
9.aw,,NO_SITE
9.ax,,NO_SITE
9.az,,NO_SITE
9.ba,,NO_SITE
9.bb,,NO_SITE
9.bd,,NO_SITE
9.be,,NO_SITE
9.bf,,NO_SITE
9.bg,,NO_SITE
9.bh,,NO_SITE
9.bi,,NO_SITE
9.bj,,NO_SITE
9.bm,,NO_SITE
9.bn,,NO_SITE
9.bo,https://9.bo,NONE
9.br,,NO_SITE
9.bs,,NO_SITE
9.bt,,NO_SITE
9.bv,,NO_SITE
9.bw,,NO_SITE
9.by,,NO_SITE
9.bz,,NO_SITE
9.ca,,NO_SITE
9.cc,https://9.cc,NONE
9.cd,,NO_SITE
9.cf,,NO_SITE
9.cg,http://9.cg,NONE
9.ch,,NO_SITE
9.ci,,NO_SITE
9.ck,,NO_SITE
9.cl,https://9.cl,NONE
9.cm,https://9.cm,NO_TEXT
9.cn,,NO_SITE
9.co,https://9.co,NONE
9.cr,http://9.cr,NONE
9.cu,,NO_SITE
9.cv,,NO_SITE
9.cw,,NO_SITE
9.cx,http://9.cx,NONE
9.cy,,NO_SITE
9.cz,https://9.cz,NONE
9.de,,NO_SITE
9.dj,,NO_SITE
9.dk,http://9.dk,NONE
9.dm,,NO_SITE
9.do,,NO_SITE
9.dz,,NO_SITE
9.ec,,NO_SITE
9.ee,https://9.ee,NONE
9.eg,,NO_SITE
9.er,,NO_SITE
9.es,,NO_SITE
9.et,http://9.et,NONE
9.eu,,NO_SITE
9.fi,,NO_SITE
9.fj,,NO_SITE
9.fk,,NO_SITE
9.fm,,NO_SITE
9.fo,,NO_SITE
9.fr,,NO_SITE
9.ga,,NO_SITE
9.gb,,NO_SITE
9.gd,,NO_SITE
9.ge,,NO_SITE
9.gf,,NO_SITE
9.gg,,NO_SITE
9.gh,,NO_SITE
9.gi,,NO_SITE
9.gl,,NO_SITE
9.gm,,NO_SITE
9.gn,,NO_SITE
9.gp,https://9.gp,NO_TEXT
9.gq,,NO_SITE
9.gr,,NO_SITE
9.gs,https://9.gs,NO_TEXT
9.gt,,NO_SITE
9.gu,,NO_SITE
9.gw,,NO_SITE
9.gy,,NO_SITE
9.hk,,NO_SITE
9.hm,http://9.hm,NONE
9.hn,,NO_SITE
9.hr,http://9.hr,NONE
9.ht,http://9.ht,NONE
9.hu,,NO_SITE
9.id,,NO_SITE
9.ie,,NO_SITE
9.il,,NO_SITE
9.im,,NO_SITE
9.in,,NO_SITE
9.io,,NO_SITE
9.iq,,NO_SITE
9.ir,,NO_SITE
9.is,https://9.is,NONE
9.it,,NO_SITE
9.je,https://9.je,NONE
9.jm,,NO_SITE
9.jo,,NO_SITE
9.jp,,NO_SITE
9.ke,https://9.ke,NO_TEXT
9.kg,http://9.kg,13490
9.kh,,NO_SITE
9.ki,https://9.ki,NO_TEXT
9.km,,NO_SITE
9.kn,,NO_SITE
9.kp,,NO_SITE
9.kr,,NO_SITE
9.kw,,NO_SITE
9.ky,,NO_SITE
9.kz,,NO_SITE
9.la,http://9.la,NONE
9.lb,,NO_SITE
9.lc,,NO_SITE
9.li,,NO_SITE
9.lk,,NO_SITE
9.lr,,NO_SITE
9.ls,https://9.ls,7999
9.lt,,NO_SITE
9.lu,https://9.lu,NO_TEXT
9.lv,,NO_SITE
9.ly,,NO_SITE
9.ma,,NO_SITE
9.mc,,NO_SITE
9.md,,NO_SITE
9.me,,NO_SITE
9.mf,,NO_SITE
9.mg,,NO_SITE
9.mh,,NO_SITE
9.mk,https://9.mk,NONE
9.ml,,NO_SITE
9.mm,,NO_SITE
9.mn,,NO_SITE
9.mo,,NO_SITE
9.mp,,NO_SITE
9.mq,,NO_SITE
9.mr,https://9.mr,NONE
9.ms,https://9.ms,NO_TEXT
9.mt,,NO_SITE
9.mu,,NO_SITE
9.mv,,NO_SITE
9.mw,http://9.mw,NONE
9.mx,,NO_SITE
9.my,,NO_SITE
9.mz,,NO_SITE
9.na,,NO_SITE
9.nc,,NO_SITE
9.ne,,NO_SITE
9.nf,https://9.nf,50000
9.ng,,NO_SITE
9.ni,,NO_SITE
9.nl,,NO_SITE
9.no,,NO_SITE
9.np,,NO_SITE
9.nr,,NO_SITE
9.nu,,NO_SITE
9.nz,,NO_SITE
9.om,,NO_SITE
9.pa,,NO_SITE
9.pe,https://9.pe,NO_TEXT
9.pf,,NO_SITE
9.pg,,NO_SITE
9.ph,http://9.ph,NO_TEXT
9.pk,,NO_SITE
9.pl,http://9.pl,NO_TEXT
9.pm,,NO_SITE
9.pn,http://9.pn,NONE
9.pr,,NO_SITE
9.ps,,NO_SITE
9.pt,,NO_SITE
9.pw,,NO_SITE
9.py,,NO_SITE
9.qa,,NO_SITE
9.re,,NO_SITE
9.ro,,NO_SITE
9.rs,,NO_SITE
9.ru,,NO_SITE
9.rw,,NO_SITE
9.sa,,NO_SITE
9.sb,http://9.sb,NONE
9.sc,,NO_SITE
9.sd,,NO_SITE
9.se,,NO_SITE
9.sg,,NO_SITE
9.sh,http://9.sh,NONE
9.si,,NO_SITE
9.sj,,NO_SITE
9.sk,,NO_SITE
9.sl,,NO_SITE
9.sm,,NO_SITE
9.sn,,NO_SITE
9.so,,NO_SITE
9.sr,,NO_SITE
9.ss,,NO_SITE
9.st,https://9.st,NONE
9.su,,NO_SITE
9.sv,,NO_SITE
9.sx,,NO_SITE
9.sy,,NO_SITE
9.sz,,NO_SITE
9.tc,,NO_SITE
9.td,https://9.td,NONE
9.tf,,NO_SITE
9.tg,,NO_SITE
9.th,,NO_SITE
9.tj,,NO_SITE
9.tk,,NO_SITE
9.tl,,NO_SITE
9.tm,http://9.tm,NONE
9.tn,,NO_SITE
9.to,,NO_SITE
9.tp,,NO_SITE
9.tr,,NO_SITE
9.tt,,NO_SITE
9.tv,,NO_SITE
9.tw,,NO_SITE
9.tz,,NO_SITE
9.ua,http://9.ua,NONE
9.ug,,NO_SITE
9.uk,http://9.uk,299999
9.um,,NO_SITE
9.us,,NO_SITE
9.uy,,NO_SITE
9.uz,,NO_SITE
9.va,,NO_SITE
9.vc,,NO_SITE
9.ve,,NO_SITE
9.vg,,NO_SITE
9.vi,,NO_SITE
9.vn,,NO_SITE
9.vu,http://9.vu,NONE
9.wf,,NO_SITE
9.ws,http://9.ws,NONE
9.ye,,NO_SITE
9.yt,,NO_SITE
9.za,,NO_SITE
9.zm,,NO_SITE
9.zw,,NO_SITE
