domain,zone,status,summary
0.ac,ac,marketed active parked,parked
0.ad,ad,undelegated inactive,inactive
0.ae,ae,undelegated disallowed,disallowed
0.af,af,active,active
0.ag,ag,active,active
0.ai,ai,active,active
0.al,al,undelegated,undelegated
0.am,am,undelegated claimed,claimed
0.an,an,disallowed,disallowed
0.ao,ao,undelegated,undelegated
0.aq,aq,undelegated,undelegated
0.ar,ar,marketed active parked,parked
0.as,as,reserved,reserved
0.at,at,active,active
0.au,au,undelegated inactive,inactive
0.aw,aw,undelegated,undelegated
0.ax,ax,undelegated disallowed,disallowed
0.az,az,reserved,reserved
0.ba,ba,undelegated,undelegated
0.bb,bb,undelegated,undelegated
0.bd,bd,disallowed,disallowed
0.be,be,reserved,reserved
0.bf,bf,undelegated inactive,inactive
0.bg,0.bg,undelegated zone,zone
0.bh,bh,undelegated inactive premium,premium
0.bi,bi,undelegated reserved,reserved
0.bj,bj,undelegated,undelegated
0.bm,bm,undelegated inactive,inactive
0.bn,bn,undelegated inactive,inactive
0.bo,bo,active,active
0.br,br,undelegated disallowed,disallowed
0.bs,bs,undelegated,undelegated
0.bt,bt,undelegated,undelegated
0.bv,bv,disallowed,disallowed
0.bw,bw,undelegated inactive,inactive
0.by,by,undelegated,undelegated
0.bz,bz,undelegated reserved,reserved
0.ca,ca,reserved,reserved
0.cc,cc,active,active
0.cd,cd,active,active
0.cf,cf,undelegated,undelegated
0.cg,cg,undelegated,undelegated
0.ch,ch,reserved,reserved
0.ci,ci,undelegated,undelegated
0.ck,ck,disallowed,disallowed
0.cl,cl,active,active
0.cm,cm,active,active
0.cn,cn,active,active
0.co,co,active,active
0.cr,cr,active,active
0.cu,cu,undelegated,undelegated
0.cv,cv,undelegated,undelegated
0.cw,cw,undelegated,undelegated
0.cx,cx,marketed priced active,active
0.cy,cy,disallowed,disallowed
0.cz,cz,active,active
0.de,de,active,active
0.dj,dj,active,active
0.dk,dk,active,active
0.dm,dm,undelegated premium active,active
0.do,do,undelegated,undelegated
0.dz,dz,undelegated,undelegated
0.ec,ec,undelegated disallowed,disallowed
0.ee,ee,active,active
0.eg,eg,undelegated,undelegated
0.er,er,disallowed,disallowed
0.es,es,undelegated disallowed,disallowed
0.et,et,active,active
0.eu,eu,reserved,reserved
0.fi,fi,undelegated disallowed,disallowed
0.fj,fj,undelegated inactive,inactive
0.fk,fk,disallowed,disallowed
0.fm,0.fm,active zone,zone
0.fo,fo,active,active
0.fr,fr,reserved,reserved
0.ga,ga,undelegated active,active
0.gb,gb,disallowed,disallowed
0.gd,gd,undelegated premium active,active
0.ge,ge,undelegated active,active
0.gf,gf,undelegated inactive,inactive
0.gg,gg,active,active
0.gh,gh,disallowed,disallowed
0.gi,gi,undelegated inactive,inactive
0.gl,gl,undelegated active,active
0.gm,gm,undelegated,undelegated
0.gn,gn,disallowed,disallowed
0.gp,gp,active,active
0.gq,gq,undelegated inactive,inactive
0.gr,gr,undelegated active,active
0.gs,gs,marketed priced active,active
0.gt,gt,active,active
0.gu,gu,undelegated,undelegated
0.gw,gw,undelegated,undelegated
0.gy,gy,active,active
0.hk,hk,reserved,reserved
0.hm,hm,active,active
0.hn,hn,active,active
0.hr,hr,active,active
0.ht,ht,active,active
0.hu,hu,undelegated disallowed,disallowed
0.id,id,reserved,reserved
0.ie,ie,active,active
0.il,il,disallowed,disallowed
0.im,im,undelegated premium active,active
0.in,in,reserved,reserved
0.io,io,active,active
0.iq,iq,undelegated,undelegated
0.ir,ir,undelegated,undelegated
0.is,is,active,active
0.it,it,undelegated disallowed,disallowed
0.je,je,active,active
0.jm,jm,disallowed,disallowed
0.jo,jo,undelegated,undelegated
0.jp,jp,undelegated disallowed,disallowed
0.ke,ke,disallowed,disallowed
0.kg,kg,active,active
0.kh,kh,undelegated,undelegated
0.ki,ki,undelegated inactive,inactive
0.km,km,undelegated,undelegated
0.kn,kn,undelegated,undelegated
0.kp,kp,undelegated,undelegated
0.kr,kr,reserved,reserved
0.kw,kw,undelegated,undelegated
0.ky,ky,undelegated reserved,reserved
0.kz,kz,active,active
0.la,la,active,active
0.lb,lb,disallowed,disallowed
0.lc,lc,active,active
0.li,li,reserved,reserved
0.lk,lk,undelegated disallowed,disallowed
0.lr,lr,disallowed,disallowed
0.ls,ls,active,active
0.lt,lt,undelegated disallowed,disallowed
0.lu,lu,active,active
0.lv,lv,undelegated disallowed,disallowed
0.ly,ly,claimed active,active
0.ma,ma,undelegated disallowed,disallowed
0.mc,mc,undelegated,undelegated
0.md,md,active,active
0.me,me,inactive premium,premium
0.mf,mf,disallowed,disallowed
0.mg,mg,undelegated active,active
0.mh,mh,disallowed,disallowed
0.mk,mk,active,active
0.ml,ml,active,active
0.mm,mm,disallowed,disallowed
0.mn,mn,undelegated active,active
0.mo,mo,undelegated inactive,inactive
0.mp,mp,reserved,reserved
0.mq,mq,undelegated inactive,inactive
0.mr,mr,marketed priced active,active
0.ms,ms,active,active
0.mt,mt,undelegated,undelegated
0.mu,mu,undelegated active,active
0.mv,mv,undelegated,undelegated
0.mw,mw,active,active
0.mx,mx,undelegated reserved,reserved
0.my,my,active,active
0.mz,mz,disallowed,disallowed
0.na,na,undelegated,undelegated
0.nc,nc,reserved,reserved
0.ne,ne,undelegated,undelegated
0.nf,nf,marketed active parked,parked
0.ng,ng,undelegated,undelegated
0.ni,ni,disallowed,disallowed
0.nl,nl,reserved,reserved
0.no,no,undelegated inactive,inactive
0.np,np,disallowed,disallowed
0.nr,nr,undelegated,undelegated
0.nu,nu,active,active
0.nz,nz,active,active
0.om,om,undelegated reserved,reserved
0.pa,pa,undelegated,undelegated
0.pe,pe,active,active
0.pf,pf,undelegated,undelegated
0.pg,pg,undelegated inactive,inactive
0.ph,ph,disallowed,disallowed
0.pk,pk,undelegated inactive,inactive
0.pl,pl,active,active
0.pm,pm,reserved,reserved
0.pn,pn,active,active
0.pr,pr,undelegated active,active
0.ps,ps,undelegated active,active
0.pt,pt,reserved,reserved
0.pw,pw,undelegated inactive premium,premium
0.py,py,disallowed,disallowed
0.qa,qa,undelegated disallowed,disallowed
0.re,re,reserved,reserved
0.ro,ro,marketed active,active
0.rs,rs,undelegated disallowed,disallowed
0.ru,ru,reserved,reserved
0.rw,rw,active,active
0.sa,sa,undelegated,undelegated
0.sb,sb,active,active
0.sc,sc,undelegated inactive premium,premium
0.sd,sd,marketed priced undelegated active,active
0.se,se,active,active
0.sg,sg,undelegated reserved,reserved
0.sh,sh,active,active
0.si,si,undelegated disallowed,disallowed
0.sj,sj,disallowed,disallowed
0.sk,sk,active,active
0.sl,sl,undelegated reserved,reserved
0.sm,sm,undelegated,undelegated
0.sn,sn,disallowed,disallowed
0.so,so,undelegated active,active
0.sr,sr,undelegated,undelegated
0.ss,ss,undelegated,undelegated
0.st,st,active,active
0.su,su,undelegated reserved,reserved
0.sv,sv,active,active
0.sx,sx,undelegated disallowed,disallowed
0.sy,sy,undelegated reserved,reserved
0.sz,sz,undelegated,undelegated
0.tc,tc,active,active
0.td,td,active,active
0.tf,tf,reserved,reserved
0.tg,tg,undelegated inactive,inactive
0.th,th,disallowed,disallowed
0.tj,tj,active,active
0.tk,tk,undelegated,undelegated
0.tl,tl,marketed active parked,parked
0.tm,tm,undelegated inactive,inactive
0.tn,tn,undelegated,undelegated
0.to,to,active,active
0.tp,tp,disallowed,disallowed
0.tr,tr,disallowed,disallowed
0.tt,tt,undelegated,undelegated
0.tv,tv,active,active
0.tw,tw,undelegated,undelegated
0.tz,tz,disallowed,disallowed
0.ua,ua,undelegated inactive,inactive
0.ug,ug,undelegated,undelegated
0.uk,uk,active,active
0.um,um,disallowed,disallowed
0.us,us,undelegated active,active
0.uy,uy,active,active
0.uz,uz,undelegated inactive,inactive
0.va,va,undelegated active,active
0.vc,vc,undelegated active,active
0.ve,ve,disallowed,disallowed
0.vg,vg,premium active,active
0.vi,vi,disallowed,disallowed
0.vn,vn,undelegated active,active
0.vu,vu,active,active
0.wf,wf,reserved,reserved
0.ws,ws,inactive premium,premium
0.ye,ye,disallowed,disallowed
0.yt,yt,reserved,reserved
0.za,za,disallowed,disallowed
0.zm,zm,undelegated inactive,inactive
0.zw,zw,undelegated,undelegated
1.ac,ac,active,active
1.ad,ad,undelegated inactive,inactive
1.ae,ae,disallowed,disallowed
1.af,af,active,active
1.ag,ag,undelegated active,active
1.ai,ai,marketed active,active
1.al,al,undelegated,undelegated
1.am,am,active,active
1.an,an,disallowed,disallowed
1.ao,ao,undelegated,undelegated
1.aq,aq,undelegated,undelegated
1.ar,ar,undelegated,undelegated
1.as,as,reserved,reserved
1.at,at,marketed active,active
1.au,au,undelegated inactive,inactive
1.aw,aw,undelegated,undelegated
1.ax,ax,undelegated disallowed,disallowed
1.az,az,reserved,reserved
1.ba,ba,undelegated,undelegated
1.bb,bb,undelegated,undelegated
1.bd,bd,disallowed,disallowed
1.be,be,reserved,reserved
1.bf,bf,undelegated inactive,inactive
1.bg,1.bg,undelegated zone,zone
1.bh,bh,active,active
1.bi,bi,undelegated reserved,reserved
1.bj,bj,undelegated,undelegated
1.bm,bm,undelegated inactive,inactive
1.bn,bn,undelegated inactive,inactive
1.bo,bo,active,active
1.br,br,undelegated disallowed,disallowed
1.bs,bs,undelegated,undelegated
1.bt,bt,undelegated,undelegated
1.bv,bv,disallowed,disallowed
1.bw,bw,undelegated inactive,inactive
1.by,by,undelegated,undelegated
1.bz,bz,undelegated reserved,reserved
1.ca,ca,reserved,reserved
1.cc,cc,active,active
1.cd,cd,active,active
1.cf,cf,undelegated,undelegated
1.cg,cg,active,active
1.ch,ch,reserved,reserved
1.ci,ci,undelegated,undelegated
1.ck,ck,disallowed,disallowed
1.cl,cl,active,active
1.cm,cm,reserved,reserved
1.cn,cn,active,active
1.co,co,active,active
1.cr,cr,marketed priced active,active
1.cu,cu,undelegated,undelegated
1.cv,cv,undelegated,undelegated
1.cw,cw,undelegated,undelegated
1.cx,cx,marketed active parked,parked
1.cy,cy,disallowed,disallowed
1.cz,cz,active,active
1.de,de,active,active
1.dj,dj,active,active
1.dk,dk,active,active
1.dm,dm,undelegated premium active,active
1.do,do,undelegated,undelegated
1.dz,dz,undelegated,undelegated
1.ec,ec,undelegated disallowed,disallowed
1.ee,ee,active,active
1.eg,eg,undelegated,undelegated
1.er,er,disallowed,disallowed
1.es,es,undelegated disallowed,disallowed
1.et,et,active,active
1.eu,eu,reserved,reserved
1.fi,fi,undelegated disallowed,disallowed
1.fj,fj,undelegated inactive,inactive
1.fk,fk,disallowed,disallowed
1.fm,fm,active,active
1.fo,fo,active,active
1.fr,fr,reserved,reserved
1.ga,ga,undelegated active,active
1.gb,gb,disallowed,disallowed
1.gd,gd,active,active
1.ge,ge,undelegated active,active
1.gf,gf,undelegated inactive,inactive
1.gg,gg,active,active
1.gh,gh,disallowed,disallowed
1.gi,gi,undelegated inactive,inactive
1.gl,gl,active,active
1.gm,gm,undelegated,undelegated
1.gn,gn,disallowed,disallowed
1.gp,gp,active,active
1.gq,gq,undelegated inactive,inactive
1.gr,gr,undelegated active,active
1.gs,gs,active,active
1.gt,gt,active,active
1.gu,gu,undelegated,undelegated
1.gw,gw,undelegated,undelegated
1.gy,gy,marketed active parked,parked
1.hk,hk,reserved,reserved
1.hm,hm,active,active
1.hn,hn,undelegated active,active
1.hr,hr,active,active
1.ht,ht,active,active
1.hu,hu,undelegated disallowed,disallowed
1.id,id,reserved,reserved
1.ie,ie,active,active
1.il,il,disallowed,disallowed
1.im,im,premium active,active
1.in,in,reserved,reserved
1.io,io,active,active
1.iq,iq,undelegated,undelegated
1.ir,ir,undelegated,undelegated
1.is,is,active,active
1.it,it,undelegated disallowed,disallowed
1.je,je,active,active
1.jm,jm,disallowed,disallowed
1.jo,jo,undelegated,undelegated
1.jp,jp,undelegated disallowed,disallowed
1.ke,ke,disallowed,disallowed
1.kg,kg,active,active
1.kh,kh,undelegated,undelegated
1.ki,ki,active,active
1.km,km,undelegated,undelegated
1.kn,kn,marketed active,active
1.kp,kp,undelegated,undelegated
1.kr,kr,undelegated reserved,reserved
1.kw,kw,undelegated,undelegated
1.ky,ky,undelegated reserved,reserved
1.kz,kz,active,active
1.la,la,marketed priced active,active
1.lb,lb,disallowed,disallowed
1.lc,lc,active,active
1.li,li,reserved,reserved
1.lk,lk,undelegated disallowed,disallowed
1.lr,lr,disallowed,disallowed
1.ls,ls,active,active
1.lt,lt,undelegated disallowed,disallowed
1.lu,lu,marketed active parked,parked
1.lv,lv,undelegated disallowed,disallowed
1.ly,ly,active,active
1.ma,ma,undelegated disallowed,disallowed
1.mc,mc,undelegated,undelegated
1.md,md,undelegated claimed,claimed
1.me,me,active,active
1.mf,mf,disallowed,disallowed
1.mg,mg,undelegated active,active
1.mh,mh,disallowed,disallowed
1.mk,mk,active,active
1.ml,ml,marketed active parked,parked
1.mm,mm,disallowed,disallowed
1.mn,mn,undelegated active,active
1.mo,mo,undelegated inactive,inactive
1.mp,mp,reserved,reserved
1.mq,mq,undelegated inactive,inactive
1.mr,mr,active,active
1.ms,ms,active,active
1.mt,mt,undelegated,undelegated
1.mu,mu,undelegated active,active
1.mv,mv,undelegated,undelegated
1.mw,mw,active,active
1.mx,mx,undelegated reserved,reserved
1.my,my,active,active
1.mz,mz,disallowed,disallowed
1.na,na,undelegated,undelegated
1.nc,nc,reserved,reserved
1.ne,ne,undelegated,undelegated
1.nf,nf,active,active
1.ng,ng,undelegated,undelegated
1.ni,ni,disallowed,disallowed
1.nl,nl,reserved,reserved
1.no,no,undelegated inactive,inactive
1.np,np,disallowed,disallowed
1.nr,nr,undelegated,undelegated
1.nu,nu,active,active
1.nz,nz,marketed active,active
1.om,om,undelegated reserved,reserved
1.pa,pa,undelegated,undelegated
1.pe,pe,marketed active,active
1.pf,pf,undelegated,undelegated
1.pg,pg,undelegated inactive,inactive
1.ph,ph,disallowed,disallowed
1.pk,pk,undelegated inactive,inactive
1.pl,pl,active,active
1.pm,pm,reserved,reserved
1.pn,pn,active,active
1.pr,pr,undelegated active,active
1.ps,ps,undelegated active,active
1.pt,pt,reserved,reserved
1.pw,pw,undelegated inactive premium,premium
1.py,py,disallowed,disallowed
1.qa,qa,undelegated disallowed,disallowed
1.re,re,reserved,reserved
1.ro,ro,active,active
1.rs,rs,undelegated disallowed,disallowed
1.ru,ru,reserved,reserved
1.rw,rw,active,active
1.sa,sa,undelegated,undelegated
1.sb,sb,active,active
1.sc,sc,active,active
1.sd,sd,active,active
1.se,se,active,active
1.sg,sg,active,active
1.sh,sh,active,active
1.si,si,undelegated disallowed,disallowed
1.sj,sj,disallowed,disallowed
1.sk,sk,undelegated active,active
1.sl,sl,undelegated reserved,reserved
1.sm,sm,undelegated,undelegated
1.sn,sn,disallowed,disallowed
1.so,so,undelegated active,active
1.sr,sr,unknown,unknown
1.ss,ss,undelegated,undelegated
1.st,st,marketed active,active
1.su,su,undelegated reserved,reserved
1.sv,sv,active,active
1.sx,sx,undelegated disallowed,disallowed
1.sy,sy,undelegated reserved,reserved
1.sz,sz,undelegated,undelegated
1.tc,tc,active,active
1.td,td,active,active
1.tf,tf,reserved,reserved
1.tg,tg,undelegated inactive,inactive
1.th,th,disallowed,disallowed
1.tj,tj,active,active
1.tk,tk,undelegated,undelegated
1.tl,tl,undelegated claimed,claimed
1.tm,tm,active,active
1.tn,tn,undelegated,undelegated
1.to,to,active,active
1.tp,tp,disallowed,disallowed
1.tr,tr,disallowed,disallowed
1.tt,tt,active,active
1.tv,tv,active,active
1.tw,tw,undelegated inactive,inactive
1.tz,tz,disallowed,disallowed
1.ua,ua,active,active
1.ug,ug,undelegated,undelegated
1.uk,uk,active,active
1.um,um,disallowed,disallowed
1.us,us,undelegated active,active
1.uy,uy,active,active
1.uz,uz,inactive,inactive
1.va,va,undelegated active,active
1.vc,vc,undelegated active,active
1.ve,ve,disallowed,disallowed
1.vg,vg,premium active,active
1.vi,vi,disallowed,disallowed
1.vn,vn,undelegated active,active
1.vu,vu,active,active
1.wf,wf,reserved,reserved
1.ws,ws,inactive premium,premium
1.ye,ye,disallowed,disallowed
1.yt,yt,reserved,reserved
1.za,za,disallowed,disallowed
1.zm,zm,undelegated inactive,inactive
1.zw,zw,undelegated,undelegated
2.ac,ac,active,active
2.ad,ad,undelegated inactive,inactive
2.ae,ae,disallowed,disallowed
2.af,af,active,active
2.ag,ag,active,active
2.ai,ai,active,active
2.al,al,undelegated,undelegated
2.am,am,active,active
2.an,an,disallowed,disallowed
2.ao,ao,undelegated,undelegated
2.aq,aq,undelegated,undelegated
2.ar,ar,active,active
2.as,as,reserved,reserved
2.at,at,active,active
2.au,au,undelegated inactive,inactive
2.aw,aw,undelegated,undelegated
2.ax,ax,undelegated disallowed,disallowed
2.az,az,reserved,reserved
2.ba,ba,undelegated,undelegated
2.bb,bb,undelegated,undelegated
2.bd,bd,disallowed,disallowed
2.be,be,reserved,reserved
2.bf,bf,undelegated inactive,inactive
2.bg,2.bg,undelegated zone,zone
2.bh,bh,undelegated inactive premium,premium
2.bi,bi,undelegated reserved,reserved
2.bj,bj,undelegated,undelegated
2.bm,bm,undelegated inactive,inactive
2.bn,bn,undelegated inactive,inactive
2.bo,bo,active,active
2.br,br,undelegated disallowed,disallowed
2.bs,bs,undelegated,undelegated
2.bt,bt,undelegated,undelegated
2.bv,bv,disallowed,disallowed
2.bw,bw,undelegated inactive,inactive
2.by,by,undelegated,undelegated
2.bz,bz,undelegated reserved,reserved
2.ca,ca,reserved,reserved
2.cc,cc,active,active
2.cd,cd,active,active
2.cf,cf,undelegated,undelegated
2.cg,cg,undelegated,undelegated
2.ch,ch,reserved,reserved
2.ci,ci,undelegated,undelegated
2.ck,ck,disallowed,disallowed
2.cl,cl,marketed priced active,active
2.cm,cm,active,active
2.cn,cn,active,active
2.co,co,active,active
2.cr,cr,active,active
2.cu,cu,undelegated,undelegated
2.cv,cv,active,active
2.cw,cw,undelegated,undelegated
2.cx,cx,marketed priced active,active
2.cy,cy,disallowed,disallowed
2.cz,cz,active,active
2.de,de,active,active
2.dj,dj,undelegated,undelegated
2.dk,dk,active,active
2.dm,dm,undelegated premium active,active
2.do,do,undelegated,undelegated
2.dz,dz,undelegated,undelegated
2.ec,ec,undelegated disallowed,disallowed
2.ee,ee,active,active
2.eg,eg,undelegated,undelegated
2.er,er,disallowed,disallowed
2.es,es,undelegated disallowed,disallowed
2.et,et,active,active
2.eu,eu,reserved,reserved
2.fi,fi,undelegated disallowed,disallowed
2.fj,fj,undelegated inactive,inactive
2.fk,fk,disallowed,disallowed
2.fm,2.fm,active zone,zone
2.fo,fo,active,active
2.fr,fr,marketed priced reserved,reserved
2.ga,ga,undelegated active,active
2.gb,gb,disallowed,disallowed
2.gd,gd,active,active
2.ge,ge,undelegated active,active
2.gf,gf,undelegated inactive,inactive
2.gg,gg,active,active
2.gh,gh,disallowed,disallowed
2.gi,gi,undelegated inactive,inactive
2.gl,gl,undelegated active,active
2.gm,gm,undelegated,undelegated
2.gn,gn,disallowed,disallowed
2.gp,gp,active,active
2.gq,gq,undelegated inactive,inactive
2.gr,gr,undelegated active,active
2.gs,gs,active,active
2.gt,gt,undelegated,undelegated
2.gu,gu,undelegated,undelegated
2.gw,gw,undelegated,undelegated
2.gy,gy,undelegated inactive,inactive
2.hk,hk,reserved,reserved
2.hm,hm,active,active
2.hn,hn,marketed active,active
2.hr,hr,active,active
2.ht,ht,active,active
2.hu,hu,undelegated disallowed,disallowed
2.id,id,reserved,reserved
2.ie,ie,active,active
2.il,il,disallowed,disallowed
2.im,im,undelegated premium active,active
2.in,in,reserved,reserved
2.io,io,active,active
2.iq,iq,undelegated,undelegated
2.ir,ir,undelegated,undelegated
2.is,is,active,active
2.it,it,undelegated disallowed,disallowed
2.je,je,active,active
2.jm,jm,disallowed,disallowed
2.jo,jo,undelegated,undelegated
2.jp,jp,undelegated disallowed,disallowed
2.ke,ke,disallowed,disallowed
2.kg,kg,active,active
2.kh,kh,undelegated,undelegated
2.ki,ki,undelegated inactive,inactive
2.km,km,undelegated,undelegated
2.kn,kn,undelegated,undelegated
2.kp,kp,undelegated,undelegated
2.kr,kr,undelegated reserved,reserved
2.kw,kw,undelegated,undelegated
2.ky,ky,undelegated reserved,reserved
2.kz,kz,active,active
2.la,la,active,active
2.lb,lb,disallowed,disallowed
2.lc,lc,active,active
2.li,li,reserved,reserved
2.lk,lk,undelegated disallowed,disallowed
2.lr,lr,disallowed,disallowed
2.ls,ls,marketed active,active
2.lt,lt,undelegated disallowed,disallowed
2.lu,lu,undelegated claimed,claimed
2.lv,lv,undelegated disallowed,disallowed
2.ly,ly,claimed active,active
2.ma,ma,undelegated disallowed,disallowed
2.mc,mc,undelegated,undelegated
2.md,md,undelegated disallowed,disallowed
2.me,me,active,active
2.mf,mf,disallowed,disallowed
2.mg,mg,undelegated active,active
2.mh,mh,disallowed,disallowed
2.mk,mk,active,active
2.ml,ml,undelegated inactive premium,premium
2.mm,mm,disallowed,disallowed
2.mn,mn,undelegated active,active
2.mo,mo,undelegated inactive,inactive
2.mp,mp,reserved,reserved
2.mq,mq,undelegated inactive,inactive
2.mr,mr,active,active
2.ms,ms,active,active
2.mt,mt,undelegated,undelegated
2.mu,mu,undelegated active,active
2.mv,mv,undelegated,undelegated
2.mw,mw,active,active
2.mx,mx,undelegated reserved,reserved
2.my,my,active,active
2.mz,mz,disallowed,disallowed
2.na,na,undelegated,undelegated
2.nc,nc,reserved,reserved
2.ne,ne,undelegated,undelegated
2.nf,nf,active,active
2.ng,ng,undelegated,undelegated
2.ni,ni,disallowed,disallowed
2.nl,nl,reserved,reserved
2.no,no,undelegated inactive,inactive
2.np,np,disallowed,disallowed
2.nr,nr,undelegated,undelegated
2.nu,nu,active,active
2.nz,nz,active,active
2.om,om,undelegated reserved,reserved
2.pa,pa,undelegated,undelegated
2.pe,pe,active,active
2.pf,pf,undelegated,undelegated
2.pg,pg,undelegated inactive,inactive
2.ph,ph,disallowed,disallowed
2.pk,pk,undelegated inactive,inactive
2.pl,pl,active,active
2.pm,pm,reserved,reserved
2.pn,pn,active,active
2.pr,pr,undelegated active,active
2.ps,ps,undelegated active,active
2.pt,pt,reserved,reserved
2.pw,pw,active,active
2.py,py,disallowed,disallowed
2.qa,qa,undelegated disallowed,disallowed
2.re,re,reserved,reserved
2.ro,ro,active,active
2.rs,rs,undelegated disallowed,disallowed
2.ru,ru,reserved,reserved
2.rw,rw,marketed priced active,active
2.sa,sa,undelegated,undelegated
2.sb,sb,active,active
2.sc,sc,undelegated inactive premium,premium
2.sd,sd,active,active
2.se,se,active,active
2.sg,sg,undelegated reserved,reserved
2.sh,sh,active,active
2.si,si,undelegated disallowed,disallowed
2.sj,sj,disallowed,disallowed
2.sk,sk,undelegated active,active
2.sl,sl,undelegated reserved,reserved
2.sm,sm,undelegated,undelegated
2.sn,sn,disallowed,disallowed
2.so,so,undelegated disallowed,disallowed
2.sr,sr,undelegated,undelegated
2.ss,ss,undelegated,undelegated
2.st,st,undelegated inactive,inactive
2.su,su,undelegated reserved,reserved
2.sv,sv,active,active
2.sx,sx,undelegated disallowed,disallowed
2.sy,sy,undelegated reserved,reserved
2.sz,sz,undelegated,undelegated
2.tc,tc,active,active
2.td,td,active,active
2.tf,tf,reserved,reserved
2.tg,tg,undelegated inactive,inactive
2.th,th,disallowed,disallowed
2.tj,tj,active,active
2.tk,tk,undelegated,undelegated
2.tl,tl,marketed active parked,parked
2.tm,tm,active,active
2.tn,tn,undelegated,undelegated
2.to,to,active,active
2.tp,tp,disallowed,disallowed
2.tr,tr,disallowed,disallowed
2.tt,tt,active,active
2.tv,tv,active,active
2.tw,tw,undelegated inactive,inactive
2.tz,tz,disallowed,disallowed
2.ua,ua,active,active
2.ug,ug,undelegated,undelegated
2.uk,uk,active,active
2.um,um,disallowed,disallowed
2.us,us,undelegated active,active
2.uy,uy,active,active
2.uz,uz,undelegated inactive,inactive
2.va,va,undelegated active,active
2.vc,vc,undelegated active,active
2.ve,ve,disallowed,disallowed
2.vg,vg,premium active,active
2.vi,vi,disallowed,disallowed
2.vn,vn,undelegated active,active
2.vu,vu,active,active
2.wf,wf,reserved,reserved
2.ws,ws,inactive premium,premium
2.ye,ye,disallowed,disallowed
2.yt,yt,reserved,reserved
2.za,za,disallowed,disallowed
2.zm,zm,undelegated inactive,inactive
2.zw,zw,undelegated,undelegated
3.ac,ac,active,active
3.ad,ad,undelegated inactive,inactive
3.ae,ae,disallowed,disallowed
3.af,af,marketed priced active,active
3.ag,ag,active,active
3.ai,ai,active,active
3.al,al,undelegated,undelegated
3.am,am,active,active
3.an,an,disallowed,disallowed
3.ao,ao,undelegated,undelegated
3.aq,aq,undelegated,undelegated
3.ar,ar,active,active
3.as,as,reserved,reserved
3.at,at,active,active
3.au,au,undelegated inactive,inactive
3.aw,aw,undelegated,undelegated
3.ax,ax,undelegated disallowed,disallowed
3.az,az,reserved,reserved
3.ba,ba,undelegated,undelegated
3.bb,bb,undelegated,undelegated
3.bd,bd,disallowed,disallowed
3.be,be,reserved,reserved
3.bf,bf,undelegated inactive,inactive
3.bg,3.bg,undelegated zone,zone
3.bh,bh,undelegated inactive premium,premium
3.bi,bi,undelegated reserved,reserved
3.bj,bj,undelegated,undelegated
3.bm,bm,undelegated inactive,inactive
3.bn,bn,undelegated inactive,inactive
3.bo,bo,active,active
3.br,br,undelegated disallowed,disallowed
3.bs,bs,undelegated,undelegated
3.bt,bt,undelegated,undelegated
3.bv,bv,disallowed,disallowed
3.bw,bw,undelegated inactive,inactive
3.by,by,undelegated,undelegated
3.bz,bz,undelegated reserved,reserved
3.ca,ca,reserved,reserved
3.cc,cc,active,active
3.cd,cd,active,active
3.cf,cf,undelegated,undelegated
3.cg,cg,undelegated,undelegated
3.ch,ch,reserved,reserved
3.ci,ci,undelegated active,active
3.ck,ck,disallowed,disallowed
3.cl,cl,active,active
3.cm,cm,active,active
3.cn,cn,active,active
3.co,co,active,active
3.cr,cr,active,active
3.cu,cu,undelegated,undelegated
3.cv,cv,undelegated,undelegated
3.cw,cw,undelegated,undelegated
3.cx,cx,active,active
3.cy,cy,disallowed,disallowed
3.cz,cz,active,active
3.de,de,active,active
3.dj,dj,undelegated,undelegated
3.dk,dk,claimed active,active
3.dm,dm,undelegated premium active,active
3.do,do,undelegated,undelegated
3.dz,dz,undelegated,undelegated
3.ec,ec,undelegated disallowed,disallowed
3.ee,ee,active,active
3.eg,eg,undelegated,undelegated
3.er,er,disallowed,disallowed
3.es,es,undelegated disallowed,disallowed
3.et,et,active,active
3.eu,eu,reserved,reserved
3.fi,fi,undelegated disallowed,disallowed
3.fj,fj,undelegated inactive,inactive
3.fk,fk,disallowed,disallowed
3.fm,fm,active,active
3.fo,fo,active,active
3.fr,fr,reserved,reserved
3.ga,ga,undelegated active,active
3.gb,gb,disallowed,disallowed
3.gd,gd,active,active
3.ge,ge,undelegated active,active
3.gf,gf,undelegated inactive,inactive
3.gg,gg,active,active
3.gh,gh,disallowed,disallowed
3.gi,gi,undelegated inactive,inactive
3.gl,gl,active,active
3.gm,gm,undelegated,undelegated
3.gn,gn,disallowed,disallowed
3.gp,gp,active,active
3.gq,gq,undelegated inactive,inactive
3.gr,gr,undelegated active,active
3.gs,gs,undelegated active,active
3.gt,gt,active,active
3.gu,gu,undelegated,undelegated
3.gw,gw,undelegated,undelegated
3.gy,gy,undelegated inactive,inactive
3.hk,hk,reserved,reserved
3.hm,hm,active,active
3.hn,hn,active,active
3.hr,hr,active,active
3.ht,ht,active,active
3.hu,hu,undelegated disallowed,disallowed
3.id,id,reserved,reserved
3.ie,ie,active,active
3.il,il,disallowed,disallowed
3.im,im,undelegated premium active,active
3.in,in,reserved,reserved
3.io,io,marketed priced active,active
3.iq,iq,undelegated,undelegated
3.ir,ir,undelegated,undelegated
3.is,is,active,active
3.it,it,undelegated disallowed,disallowed
3.je,je,active,active
3.jm,jm,disallowed,disallowed
3.jo,jo,undelegated,undelegated
3.jp,jp,undelegated disallowed,disallowed
3.ke,ke,disallowed,disallowed
3.kg,kg,active,active
3.kh,kh,undelegated,undelegated
3.ki,ki,active,active
3.km,km,undelegated,undelegated
3.kn,kn,undelegated,undelegated
3.kp,kp,undelegated,undelegated
3.kr,kr,undelegated reserved,reserved
3.kw,kw,undelegated,undelegated
3.ky,ky,undelegated reserved,reserved
3.kz,kz,active,active
3.la,la,active,active
3.lb,lb,disallowed,disallowed
3.lc,lc,active,active
3.li,li,reserved,reserved
3.lk,lk,undelegated disallowed,disallowed
3.lr,lr,disallowed,disallowed
3.ls,ls,active,active
3.lt,lt,undelegated disallowed,disallowed
3.lu,lu,marketed undelegated claimed,claimed
3.lv,lv,undelegated disallowed,disallowed
3.ly,ly,active,active
3.ma,ma,undelegated disallowed,disallowed
3.mc,mc,undelegated,undelegated
3.md,md,undelegated disallowed,disallowed
3.me,me,active,active
3.mf,mf,disallowed,disallowed
3.mg,mg,undelegated active,active
3.mh,mh,disallowed,disallowed
3.mk,mk,active,active
3.ml,ml,marketed active parked,parked
3.mm,mm,disallowed,disallowed
3.mn,mn,undelegated active,active
3.mo,mo,undelegated inactive,inactive
3.mp,mp,reserved,reserved
3.mq,mq,undelegated inactive,inactive
3.mr,mr,active,active
3.ms,ms,active,active
3.mt,mt,undelegated,undelegated
3.mu,mu,undelegated active,active
3.mv,mv,undelegated,undelegated
3.mw,mw,active,active
3.mx,mx,undelegated reserved,reserved
3.my,my,active,active
3.mz,mz,disallowed,disallowed
3.na,na,undelegated,undelegated
3.nc,nc,reserved,reserved
3.ne,ne,undelegated,undelegated
3.nf,nf,active,active
3.ng,ng,undelegated,undelegated
3.ni,ni,disallowed,disallowed
3.nl,nl,reserved,reserved
3.no,no,undelegated inactive,inactive
3.np,np,disallowed,disallowed
3.nr,nr,undelegated,undelegated
3.nu,nu,active,active
3.nz,nz,active,active
3.om,om,undelegated reserved,reserved
3.pa,pa,undelegated,undelegated
3.pe,pe,marketed active parked,parked
3.pf,pf,undelegated,undelegated
3.pg,pg,undelegated inactive,inactive
3.ph,ph,disallowed,disallowed
3.pk,pk,undelegated inactive,inactive
3.pl,pl,active,active
3.pm,pm,reserved,reserved
3.pn,pn,active,active
3.pr,pr,undelegated active,active
3.ps,ps,undelegated active,active
3.pt,pt,reserved,reserved
3.pw,pw,undelegated inactive premium,premium
3.py,py,disallowed,disallowed
3.qa,qa,disallowed,disallowed
3.re,re,reserved,reserved
3.ro,ro,active,active
3.rs,rs,undelegated disallowed,disallowed
3.ru,ru,reserved,reserved
3.rw,rw,active,active
3.sa,sa,undelegated,undelegated
3.sb,sb,active,active
3.sc,sc,undelegated inactive premium,premium
3.sd,sd,active,active
3.se,se,active,active
3.sg,sg,undelegated reserved,reserved
3.sh,sh,active,active
3.si,si,undelegated disallowed,disallowed
3.sj,sj,disallowed,disallowed
3.sk,sk,undelegated active,active
3.sl,sl,undelegated,undelegated
3.sm,sm,undelegated,undelegated
3.sn,sn,disallowed,disallowed
3.so,so,undelegated active,active
3.sr,sr,undelegated,undelegated
3.ss,ss,undelegated,undelegated
3.st,st,active,active
3.su,su,undelegated reserved,reserved
3.sv,sv,active,active
3.sx,sx,undelegated disallowed,disallowed
3.sy,sy,undelegated reserved,reserved
3.sz,sz,undelegated,undelegated
3.tc,tc,active,active
3.td,td,marketed priced active,active
3.tf,tf,reserved,reserved
3.tg,tg,undelegated inactive,inactive
3.th,th,disallowed,disallowed
3.tj,tj,active,active
3.tk,tk,undelegated,undelegated
3.tl,tl,active,active
3.tm,tm,active,active
3.tn,tn,undelegated,undelegated
3.to,to,marketed active parked,parked
3.tp,tp,disallowed,disallowed
3.tr,tr,disallowed,disallowed
3.tt,tt,undelegated,undelegated
3.tv,tv,active,active
3.tw,tw,undelegated inactive,inactive
3.tz,tz,disallowed,disallowed
3.ua,ua,active,active
3.ug,ug,undelegated,undelegated
3.uk,uk,active,active
3.um,um,disallowed,disallowed
3.us,us,undelegated active,active
3.uy,uy,active,active
3.uz,uz,inactive,inactive
3.va,va,undelegated active,active
3.vc,vc,undelegated active,active
3.ve,ve,disallowed,disallowed
3.vg,vg,premium active,active
3.vi,vi,disallowed,disallowed
3.vn,vn,undelegated active,active
3.vu,vu,active,active
3.wf,wf,reserved,reserved
3.ws,ws,inactive premium,premium
3.ye,ye,disallowed,disallowed
3.yt,yt,reserved,reserved
3.za,za,disallowed,disallowed
3.zm,zm,undelegated inactive,inactive
3.zw,zw,undelegated,undelegated
4.ac,ac,active,active
4.ad,ad,undelegated inactive,inactive
4.ae,ae,undelegated disallowed,disallowed
4.af,af,marketed priced active,active
4.ag,ag,active,active
4.ai,ai,active,active
4.al,al,undelegated,undelegated
4.am,am,active,active
4.an,an,disallowed,disallowed
4.ao,ao,undelegated,undelegated
4.aq,aq,undelegated,undelegated
4.ar,ar,active,active
4.as,as,reserved,reserved
4.at,at,active,active
4.au,au,undelegated inactive,inactive
4.aw,aw,undelegated,undelegated
4.ax,ax,undelegated disallowed,disallowed
4.az,az,reserved,reserved
4.ba,ba,undelegated,undelegated
4.bb,bb,undelegated,undelegated
4.bd,bd,disallowed,disallowed
4.be,be,reserved,reserved
4.bf,bf,undelegated inactive,inactive
4.bg,4.bg,undelegated zone,zone
4.bh,bh,undelegated inactive premium,premium
4.bi,bi,undelegated reserved,reserved
4.bj,bj,undelegated,undelegated
4.bm,bm,undelegated inactive,inactive
4.bn,bn,undelegated inactive,inactive
4.bo,bo,active,active
4.br,br,undelegated disallowed,disallowed
4.bs,bs,undelegated,undelegated
4.bt,bt,undelegated,undelegated
4.bv,bv,disallowed,disallowed
4.bw,bw,undelegated inactive,inactive
4.by,by,undelegated,undelegated
4.bz,bz,undelegated reserved,reserved
4.ca,ca,reserved,reserved
4.cc,cc,reserved active,active
4.cd,cd,active,active
4.cf,cf,undelegated,undelegated
4.cg,cg,undelegated,undelegated
4.ch,ch,reserved,reserved
4.ci,ci,undelegated active,active
4.ck,ck,disallowed,disallowed
4.cl,cl,active,active
4.cm,cm,active,active
4.cn,cn,active,active
4.co,co,marketed active,active
4.cr,cr,active,active
4.cu,cu,undelegated,undelegated
4.cv,cv,undelegated,undelegated
4.cw,cw,undelegated,undelegated
4.cx,cx,marketed priced active,active
4.cy,cy,disallowed,disallowed
4.cz,cz,active,active
4.de,de,marketed active,active
4.dj,dj,undelegated,undelegated
4.dk,dk,active,active
4.dm,dm,undelegated premium active,active
4.do,do,undelegated,undelegated
4.dz,dz,undelegated,undelegated
4.ec,ec,undelegated disallowed,disallowed
4.ee,ee,undelegated active,active
4.eg,eg,undelegated,undelegated
4.er,er,disallowed,disallowed
4.es,es,undelegated disallowed,disallowed
4.et,et,active,active
4.eu,eu,reserved,reserved
4.fi,fi,undelegated disallowed,disallowed
4.fj,fj,undelegated inactive,inactive
4.fk,fk,disallowed,disallowed
4.fm,4.fm,active zone,zone
4.fo,fo,active,active
4.fr,fr,reserved,reserved
4.ga,ga,undelegated active,active
4.gb,gb,disallowed,disallowed
4.gd,gd,undelegated premium active,active
4.ge,ge,undelegated active,active
4.gf,gf,undelegated inactive,inactive
4.gg,gg,active,active
4.gh,gh,disallowed,disallowed
4.gi,gi,undelegated inactive,inactive
4.gl,gl,active,active
4.gm,gm,undelegated,undelegated
4.gn,gn,disallowed,disallowed
4.gp,gp,active,active
4.gq,gq,undelegated inactive,inactive
4.gr,gr,undelegated active,active
4.gs,gs,undelegated active,active
4.gt,gt,active,active
4.gu,gu,undelegated,undelegated
4.gw,gw,undelegated,undelegated
4.gy,gy,undelegated inactive,inactive
4.hk,hk,reserved,reserved
4.hm,hm,active,active
4.hn,hn,active,active
4.hr,hr,active,active
4.ht,ht,active,active
4.hu,hu,undelegated disallowed,disallowed
4.id,id,reserved,reserved
4.ie,ie,active,active
4.il,il,disallowed,disallowed
4.im,im,undelegated premium active,active
4.in,in,reserved,reserved
4.io,io,active,active
4.iq,iq,undelegated,undelegated
4.ir,ir,undelegated,undelegated
4.is,is,active,active
4.it,it,undelegated disallowed,disallowed
4.je,je,active,active
4.jm,jm,disallowed,disallowed
4.jo,jo,undelegated,undelegated
4.jp,jp,undelegated disallowed,disallowed
4.ke,ke,disallowed,disallowed
4.kg,kg,active,active
4.kh,kh,undelegated,undelegated
4.ki,ki,undelegated inactive,inactive
4.km,km,undelegated,undelegated
4.kn,kn,undelegated,undelegated
4.kp,kp,undelegated,undelegated
4.kr,kr,undelegated reserved,reserved
4.kw,kw,undelegated,undelegated
4.ky,ky,undelegated reserved,reserved
4.kz,kz,active,active
4.la,la,active,active
4.lb,lb,disallowed,disallowed
4.lc,lc,active,active
4.li,li,reserved,reserved
4.lk,lk,undelegated disallowed,disallowed
4.lr,lr,disallowed,disallowed
4.ls,ls,active,active
4.lt,lt,undelegated disallowed,disallowed
4.lu,lu,undelegated claimed,claimed
4.lv,lv,undelegated disallowed,disallowed
4.ly,ly,active,active
4.ma,ma,undelegated disallowed,disallowed
4.mc,mc,undelegated,undelegated
4.md,md,undelegated disallowed,disallowed
4.me,me,active,active
4.mf,mf,disallowed,disallowed
4.mg,mg,undelegated active,active
4.mh,mh,disallowed,disallowed
4.mk,mk,active,active
4.ml,ml,undelegated inactive premium,premium
4.mm,mm,disallowed,disallowed
4.mn,mn,undelegated active,active
4.mo,mo,undelegated inactive,inactive
4.mp,mp,reserved,reserved
4.mq,mq,undelegated inactive,inactive
4.mr,mr,active,active
4.ms,ms,active,active
4.mt,mt,unknown,unknown
4.mu,mu,undelegated active,active
4.mv,mv,undelegated,undelegated
4.mw,mw,active,active
4.mx,mx,undelegated reserved,reserved
4.my,my,active,active
4.mz,mz,disallowed,disallowed
4.na,na,undelegated,undelegated
4.nc,nc,reserved,reserved
4.ne,ne,undelegated,undelegated
4.nf,nf,marketed active parked,parked
4.ng,ng,undelegated,undelegated
4.ni,ni,disallowed,disallowed
4.nl,nl,reserved,reserved
4.no,no,undelegated inactive,inactive
4.np,np,disallowed,disallowed
4.nr,nr,undelegated,undelegated
4.nu,nu,active,active
4.nz,nz,active,active
4.om,om,undelegated reserved,reserved
4.pa,pa,undelegated,undelegated
4.pe,pe,marketed active parked,parked
4.pf,pf,undelegated,undelegated
4.pg,pg,undelegated inactive,inactive
4.ph,ph,disallowed,disallowed
4.pk,pk,undelegated inactive,inactive
4.pl,pl,active,active
4.pm,pm,reserved,reserved
4.pn,pn,marketed active,active
4.pr,pr,undelegated active,active
4.ps,ps,undelegated active,active
4.pt,pt,reserved,reserved
4.pw,pw,undelegated inactive premium,premium
4.py,py,disallowed,disallowed
4.qa,qa,undelegated disallowed,disallowed
4.re,re,reserved,reserved
4.ro,ro,active,active
4.rs,rs,undelegated disallowed,disallowed
4.ru,ru,reserved,reserved
4.rw,rw,active,active
4.sa,sa,undelegated,undelegated
4.sb,sb,active,active
4.sc,sc,undelegated inactive premium,premium
4.sd,sd,active,active
4.se,se,active,active
4.sg,sg,undelegated reserved,reserved
4.sh,sh,active,active
4.si,si,undelegated disallowed,disallowed
4.sj,sj,disallowed,disallowed
4.sk,sk,undelegated active,active
4.sl,sl,undelegated,undelegated
4.sm,sm,undelegated,undelegated
4.sn,sn,disallowed,disallowed
4.so,so,disallowed,disallowed
4.sr,sr,undelegated,undelegated
4.ss,ss,undelegated,undelegated
4.st,st,undelegated inactive,inactive
4.su,su,undelegated reserved,reserved
4.sv,sv,active,active
4.sx,sx,undelegated disallowed,disallowed
4.sy,sy,undelegated reserved,reserved
4.sz,sz,undelegated,undelegated
4.tc,tc,active,active
4.td,td,active,active
4.tf,tf,reserved,reserved
4.tg,tg,undelegated inactive,inactive
4.th,th,disallowed,disallowed
4.tj,tj,active,active
4.tk,tk,undelegated,undelegated
4.tl,tl,undelegated claimed,claimed
4.tm,tm,active,active
4.tn,tn,undelegated,undelegated
4.to,to,active,active
4.tp,tp,disallowed,disallowed
4.tr,tr,disallowed,disallowed
4.tt,tt,undelegated,undelegated
4.tv,tv,active,active
4.tw,tw,undelegated inactive,inactive
4.tz,tz,disallowed,disallowed
4.ua,ua,active,active
4.ug,ug,undelegated,undelegated
4.uk,uk,active,active
4.um,um,disallowed,disallowed
4.us,us,undelegated active,active
4.uy,uy,active,active
4.uz,uz,undelegated inactive,inactive
4.va,va,undelegated active,active
4.vc,vc,undelegated active,active
4.ve,ve,disallowed,disallowed
4.vg,vg,premium active,active
4.vi,vi,disallowed,disallowed
4.vn,vn,undelegated active,active
4.vu,vu,marketed undelegated,undelegated
4.wf,wf,reserved,reserved
4.ws,ws,inactive premium,premium
4.ye,ye,disallowed,disallowed
4.yt,yt,reserved,reserved
4.za,za,disallowed,disallowed
4.zm,zm,undelegated inactive,inactive
4.zw,zw,undelegated,undelegated
5.ac,ac,active,active
5.ad,ad,undelegated inactive,inactive
5.ae,ae,undelegated disallowed,disallowed
5.af,af,active,active
5.ag,ag,marketed priced active,active
5.ai,ai,active,active
5.al,al,undelegated,undelegated
5.am,am,active,active
5.an,an,disallowed,disallowed
5.ao,ao,undelegated,undelegated
5.aq,aq,undelegated,undelegated
5.ar,ar,active,active
5.as,as,reserved,reserved
5.at,at,marketed active parked,parked
5.au,au,undelegated inactive,inactive
5.aw,aw,undelegated,undelegated
5.ax,ax,undelegated disallowed,disallowed
5.az,az,reserved,reserved
5.ba,ba,undelegated,undelegated
5.bb,bb,undelegated,undelegated
5.bd,bd,disallowed,disallowed
5.be,be,reserved,reserved
5.bf,bf,undelegated inactive,inactive
5.bg,5.bg,undelegated zone,zone
5.bh,bh,undelegated inactive premium,premium
5.bi,bi,undelegated reserved,reserved
5.bj,bj,undelegated,undelegated
5.bm,bm,undelegated inactive,inactive
5.bn,bn,undelegated inactive,inactive
5.bo,bo,active,active
5.br,br,undelegated disallowed,disallowed
5.bs,bs,undelegated,undelegated
5.bt,bt,undelegated,undelegated
5.bv,bv,disallowed,disallowed
5.bw,bw,undelegated inactive,inactive
5.by,by,undelegated,undelegated
5.bz,bz,undelegated reserved,reserved
5.ca,ca,reserved,reserved
5.cc,cc,active,active
5.cd,cd,active,active
5.cf,cf,undelegated,undelegated
5.cg,cg,undelegated,undelegated
5.ch,ch,reserved,reserved
5.ci,ci,undelegated active,active
5.ck,ck,disallowed,disallowed
5.cl,cl,marketed active parked,parked
5.cm,cm,active,active
5.cn,cn,marketed active,active
5.co,co,active,active
5.cr,cr,marketed priced active,active
5.cu,cu,undelegated,undelegated
5.cv,cv,undelegated,undelegated
5.cw,cw,undelegated,undelegated
5.cx,cx,marketed priced active,active
5.cy,cy,disallowed,disallowed
5.cz,cz,undelegated active,active
5.de,de,active,active
5.dj,dj,undelegated,undelegated
5.dk,dk,active,active
5.dm,dm,undelegated premium active,active
5.do,do,undelegated,undelegated
5.dz,dz,undelegated,undelegated
5.ec,ec,undelegated disallowed,disallowed
5.ee,ee,active,active
5.eg,eg,undelegated,undelegated
5.er,er,disallowed,disallowed
5.es,es,undelegated disallowed,disallowed
5.et,et,marketed priced active,active
5.eu,eu,reserved,reserved
5.fi,fi,undelegated disallowed,disallowed
5.fj,fj,undelegated inactive,inactive
5.fk,fk,disallowed,disallowed
5.fm,fm,active,active
5.fo,fo,active,active
5.fr,fr,reserved,reserved
5.ga,ga,undelegated active,active
5.gb,gb,disallowed,disallowed
5.gd,gd,premium active,active
5.ge,ge,undelegated active,active
5.gf,gf,undelegated inactive,inactive
5.gg,gg,active,active
5.gh,gh,disallowed,disallowed
5.gi,gi,undelegated inactive,inactive
5.gl,gl,marketed active parked,parked
5.gm,gm,undelegated,undelegated
5.gn,gn,disallowed,disallowed
5.gp,gp,active,active
5.gq,gq,undelegated inactive,inactive
5.gr,gr,undelegated active,active
5.gs,gs,active,active
5.gt,gt,active,active
5.gu,gu,undelegated,undelegated
5.gw,gw,undelegated,undelegated
5.gy,gy,undelegated inactive,inactive
5.hk,hk,reserved,reserved
5.hm,hm,active,active
5.hn,hn,active,active
5.hr,hr,active,active
5.ht,ht,active,active
5.hu,hu,undelegated disallowed,disallowed
5.id,id,reserved,reserved
5.ie,ie,active,active
5.il,il,disallowed,disallowed
5.im,im,undelegated premium active,active
5.in,in,reserved,reserved
5.io,io,marketed priced active,active
5.iq,iq,undelegated,undelegated
5.ir,ir,undelegated,undelegated
5.is,is,active,active
5.it,it,undelegated disallowed,disallowed
5.je,je,active,active
5.jm,jm,disallowed,disallowed
5.jo,jo,undelegated,undelegated
5.jp,jp,undelegated disallowed,disallowed
5.ke,ke,disallowed,disallowed
5.kg,kg,active,active
5.kh,kh,undelegated,undelegated
5.ki,ki,undelegated inactive,inactive
5.km,km,undelegated,undelegated
5.kn,kn,undelegated,undelegated
5.kp,kp,undelegated,undelegated
5.kr,kr,undelegated reserved,reserved
5.kw,kw,undelegated,undelegated
5.ky,ky,undelegated reserved,reserved
5.kz,kz,active,active
5.la,la,active,active
5.lb,lb,disallowed,disallowed
5.lc,lc,active,active
5.li,li,reserved,reserved
5.lk,lk,undelegated,undelegated
5.lr,lr,disallowed,disallowed
5.ls,ls,active,active
5.lt,lt,undelegated disallowed,disallowed
5.lu,lu,active,active
5.lv,lv,undelegated disallowed,disallowed
5.ly,ly,active,active
5.ma,ma,undelegated disallowed,disallowed
5.mc,mc,undelegated,undelegated
5.md,md,marketed undelegated claimed,claimed
5.me,me,active,active
5.mf,mf,disallowed,disallowed
5.mg,mg,undelegated active,active
5.mh,mh,disallowed,disallowed
5.mk,mk,active,active
5.ml,ml,undelegated inactive,inactive
5.mm,mm,disallowed,disallowed
5.mn,mn,undelegated active,active
5.mo,mo,undelegated inactive,inactive
5.mp,mp,reserved,reserved
5.mq,mq,undelegated inactive,inactive
5.mr,mr,active,active
5.ms,ms,active,active
5.mt,mt,undelegated,undelegated
5.mu,mu,undelegated active,active
5.mv,mv,undelegated,undelegated
5.mw,mw,active,active
5.mx,mx,undelegated reserved,reserved
5.my,my,active,active
5.mz,mz,disallowed,disallowed
5.na,na,undelegated,undelegated
5.nc,nc,reserved,reserved
5.ne,ne,undelegated,undelegated
5.nf,nf,active,active
5.ng,ng,undelegated,undelegated
5.ni,ni,disallowed,disallowed
5.nl,nl,reserved,reserved
5.no,no,undelegated inactive,inactive
5.np,np,disallowed,disallowed
5.nr,nr,undelegated,undelegated
5.nu,nu,active,active
5.nz,nz,active,active
5.om,om,undelegated reserved,reserved
5.pa,pa,undelegated,undelegated
5.pe,pe,active,active
5.pf,pf,undelegated,undelegated
5.pg,pg,undelegated inactive,inactive
5.ph,ph,disallowed,disallowed
5.pk,pk,undelegated inactive,inactive
5.pl,pl,marketed active,active
5.pm,pm,reserved,reserved
5.pn,pn,active,active
5.pr,pr,undelegated active,active
5.ps,ps,undelegated active,active
5.pt,pt,reserved,reserved
5.pw,pw,undelegated inactive premium,premium
5.py,py,disallowed,disallowed
5.qa,qa,undelegated disallowed,disallowed
5.re,re,reserved,reserved
5.ro,ro,marketed active parked,parked
5.rs,rs,undelegated disallowed,disallowed
5.ru,ru,reserved,reserved
5.rw,rw,marketed priced active,active
5.sa,sa,undelegated,undelegated
5.sb,sb,active,active
5.sc,sc,undelegated inactive premium,premium
5.sd,sd,undelegated active,active
5.se,se,active,active
5.sg,sg,undelegated reserved,reserved
5.sh,sh,active,active
5.si,si,undelegated disallowed,disallowed
5.sj,sj,disallowed,disallowed
5.sk,sk,undelegated active,active
5.sl,sl,undelegated reserved,reserved
5.sm,sm,undelegated,undelegated
5.sn,sn,disallowed,disallowed
5.so,so,undelegated disallowed,disallowed
5.sr,sr,undelegated,undelegated
5.ss,ss,undelegated,undelegated
5.st,st,undelegated inactive,inactive
5.su,su,undelegated reserved,reserved
5.sv,sv,active,active
5.sx,sx,undelegated disallowed,disallowed
5.sy,sy,undelegated reserved,reserved
5.sz,sz,undelegated,undelegated
5.tc,tc,active,active
5.td,td,active,active
5.tf,tf,reserved,reserved
5.tg,tg,undelegated inactive,inactive
5.th,th,disallowed,disallowed
5.tj,tj,active,active
5.tk,tk,undelegated,undelegated
5.tl,tl,active,active
5.tm,tm,active,active
5.tn,tn,undelegated,undelegated
5.to,to,active,active
5.tp,tp,disallowed,disallowed
5.tr,tr,disallowed,disallowed
5.tt,tt,undelegated,undelegated
5.tv,tv,active,active
5.tw,tw,undelegated inactive,inactive
5.tz,tz,disallowed,disallowed
5.ua,ua,active,active
5.ug,ug,undelegated,undelegated
5.uk,uk,active,active
5.um,um,disallowed,disallowed
5.us,us,undelegated active,active
5.uy,uy,active,active
5.uz,uz,undelegated inactive,inactive
5.va,va,undelegated active,active
5.vc,vc,undelegated active,active
5.ve,ve,disallowed,disallowed
5.vg,vg,premium active,active
5.vi,vi,disallowed,disallowed
5.vn,vn,undelegated active,active
5.vu,vu,undelegated,undelegated
5.wf,wf,reserved,reserved
5.ws,ws,inactive premium,premium
5.ye,ye,disallowed,disallowed
5.yt,yt,reserved,reserved
5.za,za,disallowed,disallowed
5.zm,zm,undelegated inactive,inactive
5.zw,zw,undelegated,undelegated
6.ac,ac,active,active
6.ad,ad,undelegated inactive,inactive
6.ae,ae,undelegated disallowed,disallowed
6.af,af,marketed priced active,active
6.ag,ag,undelegated reserved,reserved
6.ai,ai,active,active
6.al,al,undelegated,undelegated
6.am,am,active,active
6.an,an,disallowed,disallowed
6.ao,ao,undelegated,undelegated
6.aq,aq,undelegated,undelegated
6.ar,ar,active,active
6.as,as,reserved,reserved
6.at,at,marketed active parked,parked
6.au,au,undelegated inactive,inactive
6.aw,aw,undelegated,undelegated
6.ax,ax,undelegated disallowed,disallowed
6.az,az,reserved,reserved
6.ba,ba,undelegated,undelegated
6.bb,bb,undelegated,undelegated
6.bd,bd,disallowed,disallowed
6.be,be,reserved,reserved
6.bf,bf,undelegated inactive,inactive
6.bg,6.bg,undelegated zone,zone
6.bh,bh,undelegated inactive premium,premium
6.bi,bi,undelegated reserved,reserved
6.bj,bj,undelegated,undelegated
6.bm,bm,undelegated inactive,inactive
6.bn,bn,undelegated inactive,inactive
6.bo,bo,active,active
6.br,br,undelegated disallowed,disallowed
6.bs,bs,undelegated,undelegated
6.bt,bt,undelegated,undelegated
6.bv,bv,disallowed,disallowed
6.bw,bw,undelegated inactive,inactive
6.by,by,undelegated,undelegated
6.bz,bz,undelegated reserved,reserved
6.ca,ca,reserved,reserved
6.cc,cc,active,active
6.cd,cd,active,active
6.cf,cf,undelegated,undelegated
6.cg,cg,undelegated,undelegated
6.ch,ch,reserved,reserved
6.ci,ci,undelegated active,active
6.ck,ck,disallowed,disallowed
6.cl,cl,marketed active parked,parked
6.cm,cm,active,active
6.cn,cn,active,active
6.co,co,marketed active,active
6.cr,cr,active,active
6.cu,cu,undelegated,undelegated
6.cv,cv,undelegated,undelegated
6.cw,cw,undelegated,undelegated
6.cx,cx,active,active
6.cy,cy,disallowed,disallowed
6.cz,cz,active,active
6.de,de,active,active
6.dj,dj,undelegated,undelegated
6.dk,dk,claimed active,active
6.dm,dm,undelegated premium active,active
6.do,do,undelegated,undelegated
6.dz,dz,undelegated,undelegated
6.ec,ec,undelegated disallowed,disallowed
6.ee,ee,marketed active parked,parked
6.eg,eg,undelegated,undelegated
6.er,er,disallowed,disallowed
6.es,es,undelegated disallowed,disallowed
6.et,et,marketed priced active,active
6.eu,eu,reserved,reserved
6.fi,fi,undelegated disallowed,disallowed
6.fj,fj,undelegated inactive,inactive
6.fk,fk,disallowed,disallowed
6.fm,6.fm,active zone,zone
6.fo,fo,active,active
6.fr,fr,reserved,reserved
6.ga,ga,undelegated active,active
6.gb,gb,disallowed,disallowed
6.gd,gd,active,active
6.ge,ge,active,active
6.gf,gf,undelegated inactive,inactive
6.gg,gg,active,active
6.gh,gh,disallowed,disallowed
6.gi,gi,undelegated inactive,inactive
6.gl,gl,marketed active parked,parked
6.gm,gm,undelegated,undelegated
6.gn,gn,disallowed,disallowed
6.gp,gp,active,active
6.gq,gq,undelegated inactive,inactive
6.gr,gr,undelegated active,active
6.gs,gs,active,active
6.gt,gt,active,active
6.gu,gu,undelegated,undelegated
6.gw,gw,undelegated,undelegated
6.gy,gy,undelegated inactive,inactive
6.hk,hk,reserved,reserved
6.hm,hm,active,active
6.hn,hn,active,active
6.hr,hr,active,active
6.ht,ht,active,active
6.hu,hu,undelegated disallowed,disallowed
6.id,id,reserved,reserved
6.ie,ie,active,active
6.il,il,disallowed,disallowed
6.im,im,undelegated premium active,active
6.in,in,reserved,reserved
6.io,io,marketed priced active,active
6.iq,iq,undelegated,undelegated
6.ir,ir,undelegated,undelegated
6.is,is,active,active
6.it,it,undelegated disallowed,disallowed
6.je,je,active,active
6.jm,jm,disallowed,disallowed
6.jo,jo,undelegated,undelegated
6.jp,jp,undelegated disallowed,disallowed
6.ke,ke,disallowed,disallowed
6.kg,kg,active,active
6.kh,kh,undelegated,undelegated
6.ki,ki,undelegated inactive,inactive
6.km,km,undelegated,undelegated
6.kn,kn,undelegated,undelegated
6.kp,kp,undelegated,undelegated
6.kr,kr,undelegated reserved,reserved
6.kw,kw,undelegated,undelegated
6.ky,ky,active,active
6.kz,kz,active,active
6.la,la,active,active
6.lb,lb,disallowed,disallowed
6.lc,lc,active,active
6.li,li,reserved,reserved
6.lk,lk,undelegated disallowed,disallowed
6.lr,lr,disallowed,disallowed
6.ls,ls,active,active
6.lt,lt,undelegated disallowed,disallowed
6.lu,lu,active,active
6.lv,lv,undelegated disallowed,disallowed
6.ly,ly,active,active
6.ma,ma,undelegated disallowed,disallowed
6.mc,mc,undelegated,undelegated
6.md,md,undelegated claimed,claimed
6.me,me,active,active
6.mf,mf,disallowed,disallowed
6.mg,mg,undelegated active,active
6.mh,mh,disallowed,disallowed
6.mk,mk,active,active
6.ml,ml,undelegated inactive premium,premium
6.mm,mm,disallowed,disallowed
6.mn,mn,undelegated active,active
6.mo,mo,undelegated inactive,inactive
6.mp,mp,reserved,reserved
6.mq,mq,undelegated inactive,inactive
6.mr,mr,active,active
6.ms,ms,active,active
6.mt,mt,undelegated,undelegated
6.mu,mu,undelegated active,active
6.mv,mv,undelegated,undelegated
6.mw,mw,active,active
6.mx,mx,undelegated reserved,reserved
6.my,my,active,active
6.mz,mz,disallowed,disallowed
6.na,na,undelegated,undelegated
6.nc,nc,reserved,reserved
6.ne,ne,undelegated,undelegated
6.nf,nf,active,active
6.ng,ng,undelegated,undelegated
6.ni,ni,disallowed,disallowed
6.nl,nl,reserved,reserved
6.no,no,undelegated inactive,inactive
6.np,np,disallowed,disallowed
6.nr,nr,undelegated,undelegated
6.nu,nu,active,active
6.nz,nz,active,active
6.om,om,undelegated reserved,reserved
6.pa,pa,undelegated,undelegated
6.pe,pe,active,active
6.pf,pf,undelegated,undelegated
6.pg,pg,undelegated inactive,inactive
6.ph,ph,disallowed,disallowed
6.pk,pk,undelegated inactive,inactive
6.pl,pl,disallowed,disallowed
6.pm,pm,reserved,reserved
6.pn,pn,active,active
6.pr,pr,undelegated active,active
6.ps,ps,undelegated active,active
6.pt,pt,reserved,reserved
6.pw,pw,undelegated inactive premium,premium
6.py,py,disallowed,disallowed
6.qa,qa,undelegated disallowed,disallowed
6.re,re,reserved,reserved
6.ro,ro,marketed active parked,parked
6.rs,rs,undelegated disallowed,disallowed
6.ru,ru,reserved,reserved
6.rw,rw,active,active
6.sa,sa,undelegated,undelegated
6.sb,sb,active,active
6.sc,sc,active,active
6.sd,sd,active,active
6.se,se,active,active
6.sg,sg,active,active
6.sh,sh,active,active
6.si,si,undelegated disallowed,disallowed
6.sj,sj,disallowed,disallowed
6.sk,sk,undelegated active,active
6.sl,sl,undelegated,undelegated
6.sm,sm,undelegated,undelegated
6.sn,sn,disallowed,disallowed
6.so,so,undelegated disallowed,disallowed
6.sr,sr,undelegated,undelegated
6.ss,ss,undelegated,undelegated
6.st,st,undelegated inactive,inactive
6.su,su,undelegated reserved,reserved
6.sv,sv,active,active
6.sx,sx,undelegated disallowed,disallowed
6.sy,sy,undelegated reserved,reserved
6.sz,sz,undelegated,undelegated
6.tc,tc,active,active
6.td,td,active,active
6.tf,tf,reserved,reserved
6.tg,tg,undelegated inactive,inactive
6.th,th,disallowed,disallowed
6.tj,tj,active,active
6.tk,tk,undelegated,undelegated
6.tl,tl,active,active
6.tm,tm,active,active
6.tn,tn,undelegated,undelegated
6.to,to,active,active
6.tp,tp,disallowed,disallowed
6.tr,tr,disallowed,disallowed
6.tt,tt,undelegated,undelegated
6.tv,tv,active,active
6.tw,tw,undelegated inactive,inactive
6.tz,tz,disallowed,disallowed
6.ua,ua,active,active
6.ug,ug,undelegated,undelegated
6.uk,uk,active,active
6.um,um,disallowed,disallowed
6.us,us,undelegated active,active
6.uy,uy,active,active
6.uz,uz,inactive,inactive
6.va,va,undelegated active,active
6.vc,vc,undelegated active,active
6.ve,ve,disallowed,disallowed
6.vg,vg,premium active,active
6.vi,vi,disallowed,disallowed
6.vn,vn,undelegated active,active
6.vu,vu,unknown,unknown
6.wf,wf,reserved,reserved
6.ws,ws,inactive premium,premium
6.ye,ye,disallowed,disallowed
6.yt,yt,reserved,reserved
6.za,za,disallowed,disallowed
6.zm,zm,undelegated inactive,inactive
6.zw,zw,undelegated,undelegated
7.ac,ac,active,active
7.ad,ad,undelegated inactive,inactive
7.ae,ae,undelegated disallowed,disallowed
7.af,af,active,active
7.ag,ag,active,active
7.ai,ai,active,active
7.al,al,undelegated,undelegated
7.am,am,active,active
7.an,an,disallowed,disallowed
7.ao,ao,undelegated,undelegated
7.aq,aq,undelegated,undelegated
7.ar,ar,active,active
7.as,as,reserved,reserved
7.at,at,active,active
7.au,au,undelegated inactive,inactive
7.aw,aw,undelegated,undelegated
7.ax,ax,undelegated disallowed,disallowed
7.az,az,reserved,reserved
7.ba,ba,undelegated,undelegated
7.bb,bb,undelegated,undelegated
7.bd,bd,disallowed,disallowed
7.be,be,reserved,reserved
7.bf,bf,undelegated inactive,inactive
7.bg,7.bg,undelegated zone,zone
7.bh,bh,undelegated inactive premium,premium
7.bi,bi,undelegated reserved,reserved
7.bj,bj,undelegated,undelegated
7.bm,bm,undelegated inactive,inactive
7.bn,bn,undelegated inactive,inactive
7.bo,bo,active,active
7.br,br,undelegated disallowed,disallowed
7.bs,bs,undelegated,undelegated
7.bt,bt,undelegated,undelegated
7.bv,bv,disallowed,disallowed
7.bw,bw,undelegated inactive,inactive
7.by,by,undelegated,undelegated
7.bz,bz,undelegated reserved,reserved
7.ca,ca,reserved,reserved
7.cc,cc,active,active
7.cd,cd,active,active
7.cf,cf,undelegated,undelegated
7.cg,cg,undelegated,undelegated
7.ch,ch,reserved,reserved
7.ci,ci,undelegated active,active
7.ck,ck,disallowed,disallowed
7.cl,cl,active,active
7.cm,cm,active,active
7.cn,cn,active,active
7.co,co,active,active
7.cr,cr,active,active
7.cu,cu,undelegated,undelegated
7.cv,cv,undelegated,undelegated
7.cw,cw,undelegated,undelegated
7.cx,cx,active,active
7.cy,cy,disallowed,disallowed
7.cz,cz,active,active
7.de,de,active,active
7.dj,dj,active,active
7.dk,dk,active,active
7.dm,dm,undelegated premium active,active
7.do,do,undelegated,undelegated
7.dz,dz,undelegated,undelegated
7.ec,ec,undelegated disallowed,disallowed
7.ee,ee,active,active
7.eg,eg,undelegated,undelegated
7.er,er,disallowed,disallowed
7.es,es,undelegated disallowed,disallowed
7.et,et,marketed priced active,active
7.eu,eu,reserved,reserved
7.fi,fi,undelegated disallowed,disallowed
7.fj,fj,undelegated inactive,inactive
7.fk,fk,disallowed,disallowed
7.fm,fm,active,active
7.fo,fo,marketed active parked,parked
7.fr,fr,reserved,reserved
7.ga,ga,undelegated active,active
7.gb,gb,disallowed,disallowed
7.gd,gd,active,active
7.ge,ge,undelegated active,active
7.gf,gf,undelegated inactive,inactive
7.gg,gg,active,active
7.gh,gh,disallowed,disallowed
7.gi,gi,undelegated inactive,inactive
7.gl,gl,marketed active parked,parked
7.gm,gm,undelegated,undelegated
7.gn,gn,disallowed,disallowed
7.gp,gp,active,active
7.gq,gq,undelegated inactive,inactive
7.gr,gr,undelegated active,active
7.gs,gs,active,active
7.gt,gt,active,active
7.gu,gu,undelegated,undelegated
7.gw,gw,undelegated,undelegated
7.gy,gy,undelegated inactive,inactive
7.hk,hk,reserved,reserved
7.hm,hm,active,active
7.hn,hn,active,active
7.hr,hr,marketed active parked,parked
7.ht,ht,active,active
7.hu,hu,undelegated disallowed,disallowed
7.id,id,reserved,reserved
7.ie,ie,marketed active,active
7.il,il,disallowed,disallowed
7.im,im,undelegated premium active,active
7.in,in,reserved,reserved
7.io,io,active,active
7.iq,iq,undelegated,undelegated
7.ir,ir,undelegated,undelegated
7.is,is,active,active
7.it,it,undelegated disallowed,disallowed
7.je,je,active,active
7.jm,jm,disallowed,disallowed
7.jo,jo,undelegated,undelegated
7.jp,jp,undelegated disallowed,disallowed
7.ke,ke,disallowed,disallowed
7.kg,kg,active,active
7.kh,kh,undelegated,undelegated
7.ki,ki,active,active
7.km,km,undelegated,undelegated
7.kn,kn,active,active
7.kp,kp,undelegated,undelegated
7.kr,kr,undelegated reserved,reserved
7.kw,kw,undelegated,undelegated
7.ky,ky,undelegated reserved,reserved
7.kz,kz,active,active
7.la,la,active,active
7.lb,lb,disallowed,disallowed
7.lc,lc,active,active
7.li,li,reserved,reserved
7.lk,lk,undelegated disallowed,disallowed
7.lr,lr,disallowed,disallowed
7.ls,ls,active,active
7.lt,lt,undelegated disallowed,disallowed
7.lu,lu,undelegated claimed,claimed
7.lv,lv,undelegated disallowed,disallowed
7.ly,ly,active,active
7.ma,ma,undelegated disallowed,disallowed
7.mc,mc,undelegated,undelegated
7.md,md,undelegated disallowed,disallowed
7.me,me,inactive premium,premium
7.mf,mf,disallowed,disallowed
7.mg,mg,undelegated active,active
7.mh,mh,disallowed,disallowed
7.mk,mk,active,active
7.ml,ml,undelegated inactive premium,premium
7.mm,mm,disallowed,disallowed
7.mn,mn,undelegated active,active
7.mo,mo,undelegated inactive,inactive
7.mp,mp,reserved,reserved
7.mq,mq,undelegated inactive,inactive
7.mr,mr,active,active
7.ms,ms,active,active
7.mt,mt,undelegated,undelegated
7.mu,mu,undelegated active,active
7.mv,mv,undelegated,undelegated
7.mw,mw,active,active
7.mx,mx,undelegated reserved,reserved
7.my,my,active,active
7.mz,mz,disallowed,disallowed
7.na,na,undelegated,undelegated
7.nc,nc,reserved,reserved
7.ne,ne,undelegated,undelegated
7.nf,nf,active,active
7.ng,ng,undelegated,undelegated
7.ni,ni,disallowed,disallowed
7.nl,nl,reserved,reserved
7.no,no,undelegated inactive,inactive
7.np,np,disallowed,disallowed
7.nr,nr,undelegated,undelegated
7.nu,nu,active,active
7.nz,nz,active,active
7.om,om,undelegated reserved,reserved
7.pa,pa,undelegated,undelegated
7.pe,pe,active,active
7.pf,pf,undelegated,undelegated
7.pg,pg,undelegated inactive,inactive
7.ph,ph,disallowed,disallowed
7.pk,pk,undelegated inactive,inactive
7.pl,pl,active,active
7.pm,pm,reserved,reserved
7.pn,pn,marketed active,active
7.pr,pr,undelegated active,active
7.ps,ps,undelegated active,active
7.pt,pt,reserved,reserved
7.pw,pw,undelegated inactive premium,premium
7.py,py,disallowed,disallowed
7.qa,qa,undelegated disallowed,disallowed
7.re,re,reserved,reserved
7.ro,ro,active,active
7.rs,rs,undelegated disallowed,disallowed
7.ru,ru,reserved,reserved
7.rw,rw,active,active
7.sa,sa,undelegated,undelegated
7.sb,sb,active,active
7.sc,sc,undelegated inactive premium,premium
7.sd,sd,active,active
7.se,se,active,active
7.sg,sg,undelegated reserved,reserved
7.sh,sh,active,active
7.si,si,undelegated disallowed,disallowed
7.sj,sj,disallowed,disallowed
7.sk,sk,undelegated active,active
7.sl,sl,undelegated reserved,reserved
7.sm,sm,undelegated,undelegated
7.sn,sn,disallowed,disallowed
7.so,so,undelegated disallowed,disallowed
7.sr,sr,undelegated,undelegated
7.ss,ss,undelegated,undelegated
7.st,st,active,active
7.su,su,undelegated reserved,reserved
7.sv,sv,active,active
7.sx,sx,undelegated disallowed,disallowed
7.sy,sy,undelegated reserved,reserved
7.sz,sz,undelegated,undelegated
7.tc,tc,active,active
7.td,td,active,active
7.tf,tf,reserved,reserved
7.tg,tg,undelegated inactive,inactive
7.th,th,disallowed,disallowed
7.tj,tj,active,active
7.tk,tk,undelegated,undelegated
7.tl,tl,undelegated claimed,claimed
7.tm,tm,active,active
7.tn,tn,undelegated,undelegated
7.to,to,marketed active parked,parked
7.tp,tp,disallowed,disallowed
7.tr,tr,disallowed,disallowed
7.tt,tt,undelegated,undelegated
7.tv,tv,active,active
7.tw,tw,undelegated inactive,inactive
7.tz,tz,disallowed,disallowed
7.ua,ua,active,active
7.ug,ug,undelegated,undelegated
7.uk,uk,marketed priced active,active
7.um,um,disallowed,disallowed
7.us,us,undelegated active,active
7.uy,uy,active,active
7.uz,uz,undelegated inactive,inactive
7.va,va,undelegated active,active
7.vc,vc,undelegated active,active
7.ve,ve,disallowed,disallowed
7.vg,vg,premium active,active
7.vi,vi,disallowed,disallowed
7.vn,vn,undelegated active,active
7.vu,vu,undelegated,undelegated
7.wf,wf,reserved,reserved
7.ws,ws,inactive premium,premium
7.ye,ye,disallowed,disallowed
7.yt,yt,reserved,reserved
7.za,za,disallowed,disallowed
7.zm,zm,undelegated inactive,inactive
7.zw,zw,undelegated,undelegated
8.ac,ac,marketed active parked,parked
8.ad,ad,undelegated inactive,inactive
8.ae,ae,disallowed,disallowed
8.af,af,active,active
8.ag,ag,active,active
8.ai,ai,active,active
8.al,al,undelegated,undelegated
8.am,am,active,active
8.an,an,disallowed,disallowed
8.ao,ao,undelegated,undelegated
8.aq,aq,undelegated,undelegated
8.ar,ar,active,active
8.as,as,reserved,reserved
8.at,at,marketed active parked,parked
8.au,au,undelegated inactive,inactive
8.aw,aw,undelegated,undelegated
8.ax,ax,undelegated disallowed,disallowed
8.az,az,reserved,reserved
8.ba,ba,undelegated,undelegated
8.bb,bb,undelegated,undelegated
8.bd,bd,disallowed,disallowed
8.be,be,reserved,reserved
8.bf,bf,undelegated inactive,inactive
8.bg,8.bg,undelegated zone,zone
8.bh,bh,undelegated inactive premium,premium
8.bi,bi,active,active
8.bj,bj,undelegated,undelegated
8.bm,bm,undelegated inactive,inactive
8.bn,bn,undelegated inactive,inactive
8.bo,bo,active,active
8.br,br,undelegated disallowed,disallowed
8.bs,bs,undelegated,undelegated
8.bt,bt,undelegated,undelegated
8.bv,bv,disallowed,disallowed
8.bw,bw,inactive,inactive
8.by,by,undelegated,undelegated
8.bz,bz,undelegated reserved,reserved
8.ca,ca,reserved,reserved
8.cc,cc,reserved active,active
8.cd,cd,active,active
8.cf,cf,undelegated,undelegated
8.cg,cg,undelegated,undelegated
8.ch,ch,reserved,reserved
8.ci,ci,undelegated active,active
8.ck,ck,disallowed,disallowed
8.cl,cl,active,active
8.cm,cm,reserved,reserved
8.cn,cn,active,active
8.co,co,active,active
8.cr,cr,marketed priced active,active
8.cu,cu,undelegated,undelegated
8.cv,cv,active,active
8.cw,cw,undelegated,undelegated
8.cx,cx,active,active
8.cy,cy,disallowed,disallowed
8.cz,cz,active,active
8.de,de,active,active
8.dj,dj,active,active
8.dk,dk,active,active
8.dm,dm,undelegated premium active,active
8.do,do,undelegated,undelegated
8.dz,dz,undelegated,undelegated
8.ec,ec,undelegated disallowed,disallowed
8.ee,ee,marketed active,active
8.eg,eg,undelegated,undelegated
8.er,er,disallowed,disallowed
8.es,es,undelegated disallowed,disallowed
8.et,et,active,active
8.eu,eu,reserved,reserved
8.fi,fi,undelegated disallowed,disallowed
8.fj,fj,undelegated inactive,inactive
8.fk,fk,disallowed,disallowed
8.fm,8.fm,active zone,zone
8.fo,fo,active,active
8.fr,fr,reserved,reserved
8.ga,ga,undelegated active,active
8.gb,gb,disallowed,disallowed
8.gd,gd,active,active
8.ge,ge,undelegated active,active
8.gf,gf,undelegated inactive,inactive
8.gg,gg,active,active
8.gh,gh,disallowed,disallowed
8.gi,gi,undelegated inactive,inactive
8.gl,gl,marketed active parked,parked
8.gm,gm,marketed active parked,parked
8.gn,gn,disallowed,disallowed
8.gp,gp,active,active
8.gq,gq,undelegated inactive,inactive
8.gr,gr,undelegated active,active
8.gs,gs,marketed priced active,active
8.gt,gt,active,active
8.gu,gu,undelegated,undelegated
8.gw,gw,undelegated,undelegated
8.gy,gy,undelegated inactive,inactive
8.hk,hk,reserved,reserved
8.hm,hm,active,active
8.hn,hn,marketed priced active,active
8.hr,hr,undelegated,undelegated
8.ht,ht,active,active
8.hu,hu,undelegated disallowed,disallowed
8.id,id,reserved,reserved
8.ie,ie,active,active
8.il,il,disallowed,disallowed
8.im,im,marketed priced premium active,active
8.in,in,reserved,reserved
8.io,io,active,active
8.iq,iq,undelegated,undelegated
8.ir,ir,undelegated,undelegated
8.is,is,active,active
8.it,it,undelegated disallowed,disallowed
8.je,je,active,active
8.jm,jm,disallowed,disallowed
8.jo,jo,undelegated,undelegated
8.jp,jp,undelegated disallowed,disallowed
8.ke,ke,disallowed,disallowed
8.kg,kg,active,active
8.kh,kh,undelegated,undelegated
8.ki,ki,active,active
8.km,km,undelegated,undelegated
8.kn,kn,active,active
8.kp,kp,undelegated,undelegated
8.kr,kr,undelegated reserved,reserved
8.kw,kw,undelegated,undelegated
8.ky,ky,undelegated reserved,reserved
8.kz,kz,undelegated active,active
8.la,la,active,active
8.lb,lb,disallowed,disallowed
8.lc,lc,active,active
8.li,li,reserved,reserved
8.lk,lk,undelegated disallowed,disallowed
8.lr,lr,disallowed,disallowed
8.ls,ls,active,active
8.lt,lt,undelegated disallowed,disallowed
8.lu,lu,active,active
8.lv,lv,undelegated disallowed,disallowed
8.ly,ly,claimed active,active
8.ma,ma,undelegated disallowed,disallowed
8.mc,mc,undelegated,undelegated
8.md,md,undelegated claimed,claimed
8.me,me,inactive premium,premium
8.mf,mf,disallowed,disallowed
8.mg,mg,undelegated active,active
8.mh,mh,disallowed,disallowed
8.mk,mk,marketed active parked,parked
8.ml,ml,marketed active parked,parked
8.mm,mm,disallowed,disallowed
8.mn,mn,undelegated active,active
8.mo,mo,undelegated inactive,inactive
8.mp,mp,reserved,reserved
8.mq,mq,undelegated inactive,inactive
8.mr,mr,active,active
8.ms,ms,active,active
8.mt,mt,active,active
8.mu,mu,undelegated active,active
8.mv,mv,undelegated,undelegated
8.mw,mw,active,active
8.mx,mx,undelegated reserved,reserved
8.my,my,active,active
8.mz,mz,disallowed,disallowed
8.na,na,undelegated,undelegated
8.nc,nc,reserved,reserved
8.ne,ne,undelegated,undelegated
8.nf,nf,marketed active parked,parked
8.ng,ng,undelegated,undelegated
8.ni,ni,disallowed,disallowed
8.nl,nl,reserved,reserved
8.no,no,undelegated inactive,inactive
8.np,np,disallowed,disallowed
8.nr,nr,undelegated,undelegated
8.nu,nu,active,active
8.nz,nz,undelegated reserved,reserved
8.om,om,undelegated reserved,reserved
8.pa,pa,undelegated,undelegated
8.pe,pe,marketed active parked,parked
8.pf,pf,undelegated,undelegated
8.pg,pg,undelegated inactive,inactive
8.ph,ph,disallowed,disallowed
8.pk,pk,undelegated inactive,inactive
8.pl,pl,disallowed,disallowed
8.pm,pm,reserved,reserved
8.pn,pn,active,active
8.pr,pr,undelegated active,active
8.ps,ps,undelegated active,active
8.pt,pt,reserved,reserved
8.pw,pw,undelegated inactive premium,premium
8.py,py,disallowed,disallowed
8.qa,qa,disallowed,disallowed
8.re,re,reserved,reserved
8.ro,ro,active,active
8.rs,rs,undelegated disallowed,disallowed
8.ru,ru,reserved,reserved
8.rw,rw,active,active
8.sa,sa,undelegated,undelegated
8.sb,sb,active,active
8.sc,sc,premium active,active
8.sd,sd,active,active
8.se,se,active,active
8.sg,sg,active,active
8.sh,sh,active,active
8.si,si,undelegated disallowed,disallowed
8.sj,sj,disallowed,disallowed
8.sk,sk,undelegated active,active
8.sl,sl,undelegated reserved,reserved
8.sm,sm,undelegated,undelegated
8.sn,sn,disallowed,disallowed
8.so,so,undelegated active,active
8.sr,sr,undelegated,undelegated
8.ss,ss,undelegated,undelegated
8.st,st,active,active
8.su,su,undelegated reserved,reserved
8.sv,sv,active,active
8.sx,sx,undelegated disallowed,disallowed
8.sy,sy,undelegated reserved,reserved
8.sz,sz,undelegated,undelegated
8.tc,tc,active,active
8.td,td,active,active
8.tf,tf,reserved,reserved
8.tg,tg,undelegated inactive,inactive
8.th,th,disallowed,disallowed
8.tj,tj,active,active
8.tk,tk,undelegated,undelegated
8.tl,tl,undelegated claimed,claimed
8.tm,tm,active,active
8.tn,tn,undelegated,undelegated
8.to,to,active,active
8.tp,tp,disallowed,disallowed
8.tr,tr,disallowed,disallowed
8.tt,tt,undelegated,undelegated
8.tv,tv,active,active
8.tw,tw,undelegated inactive,inactive
8.tz,tz,disallowed,disallowed
8.ua,ua,active,active
8.ug,ug,undelegated,undelegated
8.uk,uk,active,active
8.um,um,disallowed,disallowed
8.us,us,undelegated active,active
8.uy,uy,active,active
8.uz,uz,undelegated inactive,inactive
8.va,va,undelegated active,active
8.vc,vc,undelegated active,active
8.ve,ve,disallowed,disallowed
8.vg,vg,premium active,active
8.vi,vi,disallowed,disallowed
8.vn,vn,undelegated active,active
8.vu,vu,active,active
8.wf,wf,reserved,reserved
8.ws,ws,inactive premium,premium
8.ye,ye,disallowed,disallowed
8.yt,yt,reserved,reserved
8.za,za,disallowed,disallowed
8.zm,zm,undelegated inactive,inactive
8.zw,zw,undelegated,undelegated
9.ac,ac,marketed active parked,parked
9.ad,ad,undelegated inactive,inactive
9.ae,ae,disallowed,disallowed
9.af,af,active,active
9.ag,ag,undelegated active,active
9.ai,ai,marketed active,active
9.al,al,undelegated,undelegated
9.am,am,active,active
9.an,an,disallowed,disallowed
9.ao,ao,undelegated,undelegated
9.aq,aq,undelegated,undelegated
9.ar,ar,marketed active parked,parked
9.as,as,reserved,reserved
9.at,at,marketed active parked,parked
9.au,au,undelegated inactive,inactive
9.aw,aw,undelegated,undelegated
9.ax,ax,undelegated disallowed,disallowed
9.az,az,reserved,reserved
9.ba,ba,undelegated,undelegated
9.bb,bb,undelegated,undelegated
9.bd,bd,disallowed,disallowed
9.be,be,reserved,reserved
9.bf,bf,undelegated inactive,inactive
9.bg,9.bg,undelegated zone,zone
9.bh,bh,undelegated inactive premium,premium
9.bi,bi,active,active
9.bj,bj,undelegated,undelegated
9.bm,bm,undelegated inactive,inactive
9.bn,bn,undelegated inactive,inactive
9.bo,bo,active,active
9.br,br,undelegated disallowed,disallowed
9.bs,bs,undelegated,undelegated
9.bt,bt,undelegated,undelegated
9.bv,bv,disallowed,disallowed
9.bw,bw,undelegated inactive,inactive
9.by,by,undelegated,undelegated
9.bz,bz,undelegated reserved,reserved
9.ca,ca,reserved,reserved
9.cc,cc,active,active
9.cd,cd,active,active
9.cf,cf,undelegated,undelegated
9.cg,cg,undelegated,undelegated
9.ch,ch,reserved,reserved
9.ci,ci,undelegated active,active
9.ck,ck,disallowed,disallowed
9.cl,cl,active,active
9.cm,cm,active,active
9.cn,cn,active,active
9.co,co,active,active
9.cr,cr,active,active
9.cu,cu,undelegated,undelegated
9.cv,cv,undelegated,undelegated
9.cw,cw,undelegated,undelegated
9.cx,cx,marketed priced active,active
9.cy,cy,disallowed,disallowed
9.cz,cz,active,active
9.de,de,active,active
9.dj,dj,undelegated,undelegated
9.dk,dk,active,active
9.dm,dm,undelegated premium active,active
9.do,do,undelegated,undelegated
9.dz,dz,undelegated,undelegated
9.ec,ec,undelegated disallowed,disallowed
9.ee,ee,active,active
9.eg,eg,undelegated,undelegated
9.er,er,disallowed,disallowed
9.es,es,undelegated disallowed,disallowed
9.et,et,active,active
9.eu,eu,reserved,reserved
9.fi,fi,undelegated disallowed,disallowed
9.fj,fj,undelegated inactive,inactive
9.fk,fk,disallowed,disallowed
9.fm,fm,active,active
9.fo,fo,active,active
9.fr,fr,reserved,reserved
9.ga,ga,undelegated active,active
9.gb,gb,disallowed,disallowed
9.gd,gd,active,active
9.ge,ge,undelegated active,active
9.gf,gf,undelegated inactive,inactive
9.gg,gg,active,active
9.gh,gh,disallowed,disallowed
9.gi,gi,undelegated inactive,inactive
9.gl,gl,undelegated active,active
9.gm,gm,undelegated,undelegated
9.gn,gn,disallowed,disallowed
9.gp,gp,active,active
9.gq,gq,undelegated inactive,inactive
9.gr,gr,undelegated active,active
9.gs,gs,active,active
9.gt,gt,active,active
9.gu,gu,undelegated,undelegated
9.gw,gw,undelegated,undelegated
9.gy,gy,undelegated inactive,inactive
9.hk,hk,reserved,reserved
9.hm,hm,active,active
9.hn,hn,active,active
9.hr,hr,active,active
9.ht,ht,active,active
9.hu,hu,undelegated disallowed,disallowed
9.id,id,reserved,reserved
9.ie,ie,active,active
9.il,il,disallowed,disallowed
9.im,im,undelegated premium active,active
9.in,in,reserved,reserved
9.io,io,marketed active parked,parked
9.iq,iq,undelegated,undelegated
9.ir,ir,undelegated,undelegated
9.is,is,marketed priced active,active
9.it,it,undelegated disallowed,disallowed
9.je,je,active,active
9.jm,jm,disallowed,disallowed
9.jo,jo,undelegated,undelegated
9.jp,jp,undelegated disallowed,disallowed
9.ke,ke,disallowed,disallowed
9.kg,kg,active,active
9.kh,kh,undelegated,undelegated
9.ki,ki,active,active
9.km,km,undelegated,undelegated
9.kn,kn,undelegated,undelegated
9.kp,kp,undelegated,undelegated
9.kr,kr,undelegated reserved,reserved
9.kw,kw,undelegated,undelegated
9.ky,ky,undelegated reserved,reserved
9.kz,kz,active,active
9.la,la,active,active
9.lb,lb,disallowed,disallowed
9.lc,lc,active,active
9.li,li,reserved,reserved
9.lk,lk,undelegated disallowed,disallowed
9.lr,lr,disallowed,disallowed
9.ls,ls,active,active
9.lt,lt,undelegated disallowed,disallowed
9.lu,lu,active,active
9.lv,lv,undelegated disallowed,disallowed
9.ly,ly,active,active
9.ma,ma,undelegated disallowed,disallowed
9.mc,mc,undelegated,undelegated
9.md,md,undelegated disallowed,disallowed
9.me,me,inactive premium,premium
9.mf,mf,disallowed,disallowed
9.mg,mg,undelegated active,active
9.mh,mh,disallowed,disallowed
9.mk,mk,marketed active parked,parked
9.ml,ml,undelegated inactive premium,premium
9.mm,mm,disallowed,disallowed
9.mn,mn,undelegated active,active
9.mo,mo,undelegated inactive,inactive
9.mp,mp,reserved,reserved
9.mq,mq,undelegated inactive,inactive
9.mr,mr,marketed active parked,parked
9.ms,ms,marketed active parked,parked
9.mt,mt,undelegated,undelegated
9.mu,mu,undelegated active,active
9.mv,mv,undelegated,undelegated
9.mw,mw,active,active
9.mx,mx,undelegated reserved,reserved
9.my,my,active,active
9.mz,mz,disallowed,disallowed
9.na,na,undelegated,undelegated
9.nc,nc,reserved,reserved
9.ne,ne,undelegated,undelegated
9.nf,nf,marketed active parked,parked
9.ng,ng,undelegated,undelegated
9.ni,ni,disallowed,disallowed
9.nl,nl,reserved,reserved
9.no,no,undelegated inactive,inactive
9.np,np,disallowed,disallowed
9.nr,nr,undelegated,undelegated
9.nu,nu,active,active
9.nz,nz,active,active
9.om,om,undelegated reserved,reserved
9.pa,pa,undelegated,undelegated
9.pe,pe,active,active
9.pf,pf,undelegated,undelegated
9.pg,pg,undelegated inactive,inactive
9.ph,ph,disallowed,disallowed
9.pk,pk,undelegated inactive,inactive
9.pl,pl,active,active
9.pm,pm,reserved,reserved
9.pn,pn,active,active
9.pr,pr,undelegated active,active
9.ps,ps,undelegated active,active
9.pt,pt,reserved,reserved
9.pw,pw,undelegated inactive premium,premium
9.py,py,disallowed,disallowed
9.qa,qa,undelegated disallowed,disallowed
9.re,re,reserved,reserved
9.ro,ro,active,active
9.rs,rs,undelegated disallowed,disallowed
9.ru,ru,reserved,reserved
9.rw,rw,active,active
9.sa,sa,undelegated,undelegated
9.sb,sb,active,active
9.sc,sc,undelegated inactive premium,premium
9.sd,sd,active,active
9.se,se,active,active
9.sg,sg,active,active
9.sh,sh,active,active
9.si,si,undelegated disallowed,disallowed
9.sj,sj,disallowed,disallowed
9.sk,sk,undelegated active,active
9.sl,sl,undelegated reserved,reserved
9.sm,sm,undelegated,undelegated
9.sn,sn,disallowed,disallowed
9.so,so,undelegated active,active
9.sr,sr,undelegated,undelegated
9.ss,ss,undelegated,undelegated
9.st,st,active,active
9.su,su,undelegated reserved,reserved
9.sv,sv,active,active
9.sx,sx,undelegated disallowed,disallowed
9.sy,sy,undelegated reserved,reserved
9.sz,sz,undelegated,undelegated
9.tc,tc,claimed active,active
9.td,td,active,active
9.tf,tf,reserved,reserved
9.tg,tg,undelegated inactive,inactive
9.th,th,disallowed,disallowed
9.tj,tj,active,active
9.tk,tk,undelegated,undelegated
9.tl,tl,active,active
9.tm,tm,active,active
9.tn,tn,undelegated,undelegated
9.to,to,active,active
9.tp,tp,disallowed,disallowed
9.tr,tr,disallowed,disallowed
9.tt,tt,undelegated,undelegated
9.tv,tv,active,active
9.tw,tw,undelegated inactive,inactive
9.tz,tz,disallowed,disallowed
9.ua,ua,active,active
9.ug,ug,undelegated,undelegated
9.uk,uk,marketed priced active,active
9.um,um,disallowed,disallowed
9.us,us,undelegated active,active
9.uy,uy,active,active
9.uz,uz,undelegated inactive,inactive
9.va,va,undelegated active,active
9.vc,vc,undelegated active,active
9.ve,ve,disallowed,disallowed
9.vg,vg,premium active,active
9.vi,vi,disallowed,disallowed
9.vn,vn,undelegated active,active
9.vu,vu,marketed active,active
9.wf,wf,reserved,reserved
9.ws,ws,inactive premium,premium
9.ye,ye,disallowed,disallowed
9.yt,yt,reserved,reserved
9.za,za,disallowed,disallowed
9.zm,zm,undelegated inactive,inactive
9.zw,zw,undelegated,undelegated
a.ac,ac,active,active
a.ad,ad,undelegated inactive,inactive
a.ae,ae,undelegated disallowed,disallowed
a.af,af,marketed priced active,active
a.ag,ag,undelegated active,active
a.ai,ai,marketed active,active
a.al,al,undelegated,undelegated
a.am,am,active,active
a.an,an,disallowed,disallowed
a.ao,ao,undelegated,undelegated
a.aq,aq,undelegated,undelegated
a.ar,ar,marketed active,active
a.as,as,reserved,reserved
a.at,at,active,active
a.au,au,active,active
a.aw,aw,undelegated,undelegated
a.ax,ax,undelegated disallowed,disallowed
a.az,az,reserved,reserved
a.ba,ba,undelegated,undelegated
a.bb,bb,active,active
a.bd,bd,disallowed,disallowed
a.be,be,reserved,reserved
a.bf,bf,undelegated inactive,inactive
a.bg,a.bg,undelegated zone,zone
a.bh,bh,undelegated inactive premium,premium
a.bi,bi,undelegated reserved,reserved
a.bj,bj,undelegated,undelegated
a.bm,bm,undelegated inactive,inactive
a.bn,bn,undelegated inactive,inactive
a.bo,bo,active,active
a.br,br,undelegated disallowed,disallowed
a.bs,bs,undelegated,undelegated
a.bt,bt,undelegated,undelegated
a.bv,bv,disallowed,disallowed
a.bw,bw,active,active
a.by,by,undelegated,undelegated
a.bz,bz,undelegated reserved,reserved
a.ca,ca,reserved,reserved
a.cc,cc,reserved,reserved
a.cd,cd,active,active
a.cf,cf,undelegated,undelegated
a.cg,cg,active,active
a.ch,ch,reserved,reserved
a.ci,ci,undelegated active,active
a.ck,ck,disallowed,disallowed
a.cl,cl,active,active
a.cm,cm,active,active
a.cn,cn,active,active
a.co,co,active,active
a.cr,cr,active,active
a.cu,cu,undelegated,undelegated
a.cv,cv,active,active
a.cw,cw,undelegated,undelegated
a.cx,cx,active,active
a.cy,cy,disallowed,disallowed
a.cz,cz,active,active
a.de,de,active,active
a.dj,dj,active,active
a.dk,dk,active,active
a.dm,dm,active,active
a.do,do,undelegated,undelegated
a.dz,dz,undelegated,undelegated
a.ec,ec,undelegated disallowed,disallowed
a.ee,ee,active,active
a.eg,eg,undelegated,undelegated
a.er,er,disallowed,disallowed
a.es,es,undelegated disallowed,disallowed
a.et,et,active,active
a.eu,eu,reserved,reserved
a.fi,fi,active,active
a.fj,fj,undelegated inactive,inactive
a.fk,fk,disallowed,disallowed
a.fm,fm,active,active
a.fo,fo,active,active
a.fr,fr,reserved,reserved
a.ga,ga,undelegated active,active
a.gb,gb,disallowed,disallowed
a.gd,gd,active,active
a.ge,ge,undelegated active,active
a.gf,gf,undelegated inactive,inactive
a.gg,gg,active,active
a.gh,gh,disallowed,disallowed
a.gi,gi,undelegated inactive,inactive
a.gl,gl,active,active
a.gm,gm,marketed active parked,parked
a.gn,gn,disallowed,disallowed
a.gp,gp,active,active
a.gq,gq,undelegated inactive,inactive
a.gr,gr,undelegated active,active
a.gs,gs,undelegated active,active
a.gt,gt,active,active
a.gu,gu,undelegated,undelegated
a.gw,gw,undelegated,undelegated
a.gy,gy,undelegated active,active
a.hk,hk,reserved,reserved
a.hm,hm,active,active
a.hn,hn,active,active
a.hr,hr,disallowed,disallowed
a.ht,ht,active,active
a.hu,hu,active,active
a.id,id,reserved,reserved
a.ie,ie,active,active
a.il,il,disallowed,disallowed
a.im,im,premium active,active
a.in,in,reserved,reserved
a.io,io,active,active
a.iq,iq,undelegated,undelegated
a.ir,ir,undelegated,undelegated
a.is,is,active,active
a.it,it,undelegated disallowed,disallowed
a.je,je,active,active
a.jm,jm,disallowed,disallowed
a.jo,jo,undelegated,undelegated
a.jp,jp,undelegated disallowed,disallowed
a.ke,ke,disallowed,disallowed
a.kg,kg,active,active
a.kh,kh,undelegated,undelegated
a.ki,ki,active,active
a.km,km,undelegated,undelegated
a.kn,kn,marketed active,active
a.kp,kp,undelegated,undelegated
a.kr,kr,undelegated reserved,reserved
a.kw,kw,undelegated,undelegated
a.ky,ky,undelegated reserved,reserved
a.kz,kz,active,active
a.la,la,active,active
a.lb,lb,disallowed,disallowed
a.lc,lc,active,active
a.li,li,reserved,reserved
a.lk,lk,disallowed,disallowed
a.lr,lr,disallowed,disallowed
a.ls,ls,active,active
a.lt,lt,undelegated disallowed,disallowed
a.lu,lu,active,active
a.lv,lv,undelegated disallowed,disallowed
a.ly,ly,active,active
a.ma,ma,undelegated disallowed,disallowed
a.mc,mc,undelegated,undelegated
a.md,md,active,active
a.me,me,active,active
a.mf,mf,disallowed,disallowed
a.mg,mg,undelegated active,active
a.mh,mh,disallowed,disallowed
a.mk,mk,active,active
a.ml,ml,active,active
a.mm,mm,disallowed,disallowed
a.mn,mn,active,active
a.mo,mo,undelegated inactive,inactive
a.mp,mp,reserved,reserved
a.mq,mq,undelegated inactive,inactive
a.mr,mr,active,active
a.ms,ms,active,active
a.mt,mt,undelegated,undelegated
a.mu,mu,undelegated active,active
a.mv,mv,undelegated,undelegated
a.mw,mw,active,active
a.mx,mx,undelegated reserved,reserved
a.my,my,active,active
a.mz,mz,disallowed,disallowed
a.na,na,undelegated,undelegated
a.nc,nc,reserved,reserved
a.ne,ne,undelegated,undelegated
a.nf,nf,active,active
a.ng,ng,undelegated,undelegated
a.ni,ni,disallowed,disallowed
a.nl,nl,reserved,reserved
a.no,no,undelegated inactive,inactive
a.np,np,disallowed,disallowed
a.nr,nr,active,active
a.nu,nu,active,active
a.nz,nz,undelegated reserved,reserved
a.om,om,undelegated reserved,reserved
a.pa,pa,undelegated,undelegated
a.pe,pe,active,active
a.pf,pf,undelegated,undelegated
a.pg,pg,undelegated inactive,inactive
a.ph,ph,disallowed,disallowed
a.pk,pk,undelegated inactive,inactive
a.pl,pl,active,active
a.pm,pm,reserved,reserved
a.pn,pn,active,active
a.pr,pr,active,active
a.ps,ps,undelegated active,active
a.pt,pt,reserved,reserved
a.pw,pw,marketed active,active
a.py,py,disallowed,disallowed
a.qa,qa,undelegated disallowed,disallowed
a.re,re,reserved,reserved
a.ro,ro,active,active
a.rs,rs,undelegated disallowed,disallowed
a.ru,ru,reserved,reserved
a.rw,rw,marketed priced active parked,parked
a.sa,sa,undelegated,undelegated
a.sb,sb,active,active
a.sc,sc,undelegated inactive premium,premium
a.sd,sd,undelegated active,active
a.se,a.se,undelegated zone,zone
a.sg,sg,active,active
a.sh,sh,active,active
a.si,si,undelegated disallowed,disallowed
a.sj,sj,disallowed,disallowed
a.sk,sk,active,active
a.sl,sl,undelegated reserved,reserved
a.sm,sm,undelegated,undelegated
a.sn,sn,disallowed,disallowed
a.so,so,undelegated disallowed,disallowed
a.sr,sr,undelegated,undelegated
a.ss,ss,undelegated,undelegated
a.st,st,active,active
a.su,su,undelegated reserved,reserved
a.sv,sv,active,active
a.sx,sx,active,active
a.sy,sy,undelegated reserved,reserved
a.sz,sz,undelegated,undelegated
a.tc,tc,undelegated claimed active,active
a.td,td,marketed priced active parked,parked
a.tf,tf,reserved,reserved
a.tg,tg,undelegated inactive,inactive
a.th,th,disallowed,disallowed
a.tj,tj,active,active
a.tk,tk,undelegated,undelegated
a.tl,tl,undelegated claimed,claimed
a.tm,tm,active,active
a.tn,tn,undelegated,undelegated
a.to,to,active,active
a.tp,tp,disallowed,disallowed
a.tr,tr,disallowed,disallowed
a.tt,tt,active,active
a.tv,tv,active,active
a.tw,tw,undelegated,undelegated
a.tz,tz,disallowed,disallowed
a.ua,ua,active,active
a.ug,ug,undelegated,undelegated
a.uk,uk,active,active
a.um,um,disallowed,disallowed
a.us,us,undelegated active,active
a.uy,uy,marketed active parked,parked
a.uz,uz,undelegated inactive,inactive
a.va,va,active,active
a.vc,vc,undelegated active,active
a.ve,ve,disallowed,disallowed
a.vg,vg,premium active,active
a.vi,vi,disallowed,disallowed
a.vn,vn,undelegated active,active
a.vu,vu,active,active
a.wf,wf,reserved,reserved
a.ws,ws,inactive premium,premium
a.ye,ye,disallowed,disallowed
a.yt,yt,reserved,reserved
a.za,za,disallowed,disallowed
a.zm,zm,undelegated inactive,inactive
a.zw,zw,undelegated,undelegated
b.ac,ac,active,active
b.ad,ad,undelegated inactive,inactive
b.ae,ae,undelegated disallowed,disallowed
b.af,af,active,active
b.ag,ag,undelegated reserved,reserved
b.ai,ai,marketed active,active
b.al,al,undelegated,undelegated
b.am,am,undelegated claimed,claimed
b.an,an,disallowed,disallowed
b.ao,ao,undelegated,undelegated
b.aq,aq,undelegated,undelegated
b.ar,ar,undelegated,undelegated
b.as,as,reserved,reserved
b.at,at,active,active
b.au,au,undelegated reserved,reserved
b.aw,aw,undelegated,undelegated
b.ax,ax,undelegated disallowed,disallowed
b.az,az,reserved,reserved
b.ba,ba,undelegated,undelegated
b.bb,bb,undelegated,undelegated
b.bd,bd,disallowed,disallowed
b.be,be,reserved,reserved
b.bf,bf,undelegated inactive,inactive
b.bg,b.bg,undelegated zone,zone
b.bh,bh,inactive premium,premium
b.bi,bi,active,active
b.bj,bj,active,active
b.bm,bm,undelegated inactive,inactive
b.bn,bn,undelegated inactive,inactive
b.bo,bo,active,active
b.br,b.br,active zone,zone
b.bs,bs,undelegated,undelegated
b.bt,bt,undelegated,undelegated
b.bv,bv,disallowed,disallowed
b.bw,bw,active,active
b.by,by,undelegated,undelegated
b.bz,bz,undelegated reserved,reserved
b.ca,ca,reserved,reserved
b.cc,cc,active,active
b.cd,cd,active,active
b.cf,cf,undelegated,undelegated
b.cg,cg,undelegated,undelegated
b.ch,ch,reserved,reserved
b.ci,ci,undelegated active,active
b.ck,ck,disallowed,disallowed
b.cl,cl,active,active
b.cm,cm,active,active
b.cn,cn,active,active
b.co,co,active,active
b.cr,cr,marketed active,active
b.cu,cu,undelegated,undelegated
b.cv,cv,active,active
b.cw,cw,undelegated,undelegated
b.cx,cx,active,active
b.cy,cy,disallowed,disallowed
b.cz,cz,active,active
b.de,de,active,active
b.dj,dj,undelegated,undelegated
b.dk,dk,claimed active,active
b.dm,dm,undelegated inactive premium,premium
b.do,do,undelegated,undelegated
b.dz,dz,undelegated,undelegated
b.ec,ec,undelegated disallowed,disallowed
b.ee,ee,active,active
b.eg,eg,undelegated,undelegated
b.er,er,disallowed,disallowed
b.es,es,undelegated disallowed,disallowed
b.et,et,active,active
b.eu,eu,reserved,reserved
b.fi,fi,active,active
b.fj,fj,undelegated inactive,inactive
b.fk,fk,disallowed,disallowed
b.fm,fm,marketed active parked,parked
b.fo,fo,active,active
b.fr,fr,reserved,reserved
b.ga,ga,undelegated active,active
b.gb,gb,disallowed,disallowed
b.gd,gd,active,active
b.ge,ge,undelegated active,active
b.gf,gf,undelegated inactive,inactive
b.gg,gg,active,active
b.gh,gh,disallowed,disallowed
b.gi,gi,undelegated inactive,inactive
b.gl,gl,active,active
b.gm,gm,undelegated,undelegated
b.gn,gn,disallowed,disallowed
b.gp,gp,active,active
b.gq,gq,undelegated inactive,inactive
b.gr,gr,undelegated active,active
b.gs,gs,active,active
b.gt,gt,active,active
b.gu,gu,undelegated,undelegated
b.gw,gw,undelegated,undelegated
b.gy,gy,active,active
b.hk,hk,reserved,reserved
b.hm,hm,active,active
b.hn,hn,active,active
b.hr,hr,active,active
b.ht,ht,marketed priced active,active
b.hu,hu,active,active
b.id,id,reserved,reserved
b.ie,ie,active,active
b.il,il,disallowed,disallowed
b.im,im,undelegated premium active,active
b.in,in,reserved,reserved
b.io,io,active,active
b.iq,iq,undelegated,undelegated
b.ir,ir,undelegated,undelegated
b.is,is,active,active
b.it,it,undelegated disallowed,disallowed
b.je,je,active,active
b.jm,jm,disallowed,disallowed
b.jo,jo,undelegated,undelegated
b.jp,jp,undelegated disallowed,disallowed
b.ke,ke,disallowed,disallowed
b.kg,kg,active,active
b.kh,kh,undelegated,undelegated
b.ki,ki,undelegated active,active
b.km,km,undelegated,undelegated
b.kn,kn,undelegated,undelegated
b.kp,kp,undelegated,undelegated
b.kr,kr,undelegated reserved,reserved
b.kw,kw,undelegated,undelegated
b.ky,ky,undelegated reserved,reserved
b.kz,kz,active,active
b.la,la,active,active
b.lb,lb,disallowed,disallowed
b.lc,lc,active,active
b.li,li,reserved,reserved
b.lk,lk,disallowed,disallowed
b.lr,lr,disallowed,disallowed
b.ls,ls,active,active
b.lt,lt,undelegated disallowed,disallowed
b.lu,lu,active,active
b.lv,lv,undelegated disallowed,disallowed
b.ly,ly,claimed active,active
b.ma,ma,undelegated disallowed,disallowed
b.mc,mc,undelegated,undelegated
b.md,md,marketed undelegated disallowed,disallowed
b.me,me,premium active,active
b.mf,mf,disallowed,disallowed
b.mg,mg,undelegated active,active
b.mh,mh,disallowed,disallowed
b.mk,mk,active,active
b.ml,ml,active,active
b.mm,mm,disallowed,disallowed
b.mn,mn,undelegated active,active
b.mo,mo,undelegated inactive,inactive
b.mp,mp,reserved,reserved
b.mq,mq,undelegated inactive,inactive
b.mr,mr,active,active
b.ms,ms,active,active
b.mt,mt,undelegated,undelegated
b.mu,mu,undelegated active,active
b.mv,mv,undelegated,undelegated
b.mw,mw,active,active
b.mx,mx,undelegated reserved,reserved
b.my,my,active,active
b.mz,mz,disallowed,disallowed
b.na,na,undelegated,undelegated
b.nc,nc,reserved,reserved
b.ne,ne,undelegated,undelegated
b.nf,nf,marketed active,active
b.ng,ng,undelegated,undelegated
b.ni,ni,disallowed,disallowed
b.nl,nl,reserved,reserved
b.no,no,undelegated inactive,inactive
b.np,np,disallowed,disallowed
b.nr,nr,undelegated,undelegated
b.nu,nu,active,active
b.nz,nz,undelegated reserved,reserved
b.om,om,undelegated reserved,reserved
b.pa,pa,undelegated,undelegated
b.pe,pe,active,active
b.pf,pf,undelegated,undelegated
b.pg,pg,undelegated inactive,inactive
b.ph,ph,disallowed,disallowed
b.pk,pk,undelegated inactive,inactive
b.pl,pl,active,active
b.pm,pm,reserved,reserved
b.pn,pn,active,active
b.pr,pr,active,active
b.ps,ps,undelegated active,active
b.pt,pt,reserved,reserved
b.pw,pw,active,active
b.py,py,disallowed,disallowed
b.qa,qa,disallowed,disallowed
b.re,re,reserved,reserved
b.ro,ro,active,active
b.rs,rs,undelegated disallowed,disallowed
b.ru,ru,reserved,reserved
b.rw,rw,active,active
b.sa,sa,undelegated,undelegated
b.sb,sb,active,active
b.sc,sc,active,active
b.sd,sd,undelegated active,active
b.se,b.se,undelegated zone,zone
b.sg,sg,active,active
b.sh,sh,active,active
b.si,si,undelegated disallowed,disallowed
b.sj,sj,disallowed,disallowed
b.sk,sk,active,active
b.sl,sl,undelegated reserved,reserved
b.sm,sm,undelegated,undelegated
b.sn,sn,disallowed,disallowed
b.so,so,undelegated active,active
b.sr,sr,undelegated,undelegated
b.ss,ss,undelegated,undelegated
b.st,st,active,active
b.su,su,undelegated reserved,reserved
b.sv,sv,active,active
b.sx,sx,undelegated disallowed,disallowed
b.sy,sy,undelegated reserved,reserved
b.sz,sz,undelegated,undelegated
b.tc,tc,active,active
b.td,td,marketed priced active,active
b.tf,tf,reserved,reserved
b.tg,tg,undelegated inactive,inactive
b.th,th,disallowed,disallowed
b.tj,tj,marketed active parked,parked
b.tk,tk,undelegated,undelegated
b.tl,tl,undelegated claimed,claimed
b.tm,tm,active,active
b.tn,tn,undelegated,undelegated
b.to,to,active,active
b.tp,tp,disallowed,disallowed
b.tr,tr,disallowed,disallowed
b.tt,tt,active,active
b.tv,tv,active,active
b.tw,tw,undelegated inactive,inactive
b.tz,tz,disallowed,disallowed
b.ua,ua,active,active
b.ug,ug,undelegated,undelegated
b.uk,uk,active,active
b.um,um,disallowed,disallowed
b.us,us,undelegated active,active
b.uy,uy,marketed priced active,active
b.uz,uz,undelegated inactive,inactive
b.va,va,undelegated active,active
b.vc,vc,undelegated active,active
b.ve,ve,disallowed,disallowed
b.vg,vg,premium active,active
b.vi,vi,disallowed,disallowed
b.vn,vn,undelegated active,active
b.vu,vu,active,active
b.wf,wf,reserved,reserved
b.ws,ws,inactive premium,premium
b.ye,ye,disallowed,disallowed
b.yt,yt,reserved,reserved
b.za,za,disallowed,disallowed
b.zm,zm,undelegated inactive,inactive
b.zw,zw,undelegated,undelegated
c.ac,ac,active,active
c.ad,ad,undelegated inactive,inactive
c.ae,ae,undelegated disallowed,disallowed
c.af,af,active,active
c.ag,ag,active,active
c.ai,ai,active,active
c.al,al,undelegated,undelegated
c.am,am,marketed active parked,parked
c.an,an,disallowed,disallowed
c.ao,ao,undelegated,undelegated
c.aq,aq,undelegated,undelegated
c.ar,ar,marketed priced,priced
c.as,as,reserved,reserved
c.at,at,marketed active,active
c.au,au,active,active
c.aw,aw,undelegated,undelegated
c.ax,ax,undelegated disallowed,disallowed
c.az,az,reserved,reserved
c.ba,ba,undelegated,undelegated
c.bb,bb,undelegated,undelegated
c.bd,bd,disallowed,disallowed
c.be,be,reserved,reserved
c.bf,bf,undelegated inactive,inactive
c.bg,c.bg,undelegated zone,zone
c.bh,bh,undelegated premium active,active
c.bi,bi,undelegated reserved,reserved
c.bj,bj,undelegated,undelegated
c.bm,bm,undelegated inactive,inactive
c.bn,bn,undelegated inactive,inactive
c.bo,bo,active,active
c.br,br,undelegated disallowed,disallowed
c.bs,bs,undelegated,undelegated
c.bt,bt,undelegated,undelegated
c.bv,bv,disallowed,disallowed
c.bw,bw,active,active
c.by,by,undelegated,undelegated
c.bz,bz,undelegated reserved,reserved
c.ca,ca,reserved,reserved
c.cc,cc,active,active
c.cd,cd,active,active
c.cf,cf,undelegated,undelegated
c.cg,cg,active,active
c.ch,ch,reserved,reserved
c.ci,ci,undelegated active,active
c.ck,ck,disallowed,disallowed
c.cl,cl,active,active
c.cm,cm,active,active
c.cn,cn,active,active
c.co,co,active,active
c.cr,cr,marketed active,active
c.cu,cu,undelegated,undelegated
c.cv,cv,active,active
c.cw,cw,undelegated,undelegated
c.cx,cx,active,active
c.cy,cy,disallowed,disallowed
c.cz,cz,active,active
c.de,de,active,active
c.dj,dj,active,active
c.dk,dk,active,active
c.dm,dm,undelegated active,active
c.do,do,undelegated,undelegated
c.dz,dz,undelegated,undelegated
c.ec,ec,undelegated disallowed,disallowed
c.ee,ee,undelegated active,active
c.eg,eg,undelegated,undelegated
c.er,er,disallowed,disallowed
c.es,es,undelegated disallowed,disallowed
c.et,et,active,active
c.eu,eu,reserved,reserved
c.fi,fi,active,active
c.fj,fj,undelegated inactive,inactive
c.fk,fk,disallowed,disallowed
c.fm,fm,active,active
c.fo,fo,active,active
c.fr,fr,reserved,reserved
c.ga,ga,undelegated active,active
c.gb,gb,disallowed,disallowed
c.gd,gd,active,active
c.ge,ge,undelegated active,active
c.gf,gf,undelegated inactive,inactive
c.gg,gg,active,active
c.gh,gh,disallowed,disallowed
c.gi,gi,undelegated inactive,inactive
c.gl,gl,active,active
c.gm,gm,undelegated,undelegated
c.gn,gn,disallowed,disallowed
c.gp,gp,marketed active parked,parked
c.gq,gq,undelegated inactive,inactive
c.gr,gr,undelegated active,active
c.gs,gs,active,active
c.gt,gt,active,active
c.gu,gu,undelegated,undelegated
c.gw,gw,undelegated,undelegated
c.gy,gy,undelegated inactive,inactive
c.hk,hk,reserved,reserved
c.hm,hm,active,active
c.hn,hn,active,active
c.hr,hr,active,active
c.ht,ht,active,active
c.hu,hu,active,active
c.id,id,reserved,reserved
c.ie,ie,active,active
c.il,il,disallowed,disallowed
c.im,im,premium active,active
c.in,in,reserved,reserved
c.io,io,marketed priced active,active
c.iq,iq,undelegated,undelegated
c.ir,ir,undelegated,undelegated
c.is,is,active,active
c.it,it,undelegated disallowed,disallowed
c.je,je,active,active
c.jm,jm,disallowed,disallowed
c.jo,jo,undelegated,undelegated
c.jp,jp,undelegated disallowed,disallowed
c.ke,ke,disallowed,disallowed
c.kg,kg,active,active
c.kh,kh,undelegated,undelegated
c.ki,ki,active,active
c.km,km,undelegated,undelegated
c.kn,kn,undelegated,undelegated
c.kp,kp,undelegated,undelegated
c.kr,kr,undelegated reserved,reserved
c.kw,kw,undelegated,undelegated
c.ky,ky,undelegated reserved,reserved
c.kz,kz,active,active
c.la,la,active,active
c.lb,lb,disallowed,disallowed
c.lc,lc,active,active
c.li,li,reserved,reserved
c.lk,lk,disallowed,disallowed
c.lr,lr,disallowed,disallowed
c.ls,ls,active,active
c.lt,lt,undelegated disallowed,disallowed
c.lu,lu,active,active
c.lv,lv,undelegated disallowed,disallowed
c.ly,ly,active,active
c.ma,ma,undelegated disallowed,disallowed
c.mc,mc,undelegated,undelegated
c.md,md,undelegated disallowed,disallowed
c.me,me,active,active
c.mf,mf,disallowed,disallowed
c.mg,mg,undelegated active,active
c.mh,mh,disallowed,disallowed
c.mk,mk,active,active
c.ml,ml,undelegated active,active
c.mm,mm,disallowed,disallowed
c.mn,mn,undelegated active,active
c.mo,mo,undelegated inactive,inactive
c.mp,mp,reserved,reserved
c.mq,mq,undelegated inactive,inactive
c.mr,mr,active,active
c.ms,ms,active,active
c.mt,mt,undelegated,undelegated
c.mu,mu,undelegated active,active
c.mv,mv,undelegated,undelegated
c.mw,mw,active,active
c.mx,mx,undelegated reserved,reserved
c.my,my,marketed priced active,active
c.mz,mz,disallowed,disallowed
c.na,na,undelegated,undelegated
c.nc,nc,reserved,reserved
c.ne,ne,undelegated,undelegated
c.nf,nf,active,active
c.ng,ng,undelegated,undelegated
c.ni,ni,disallowed,disallowed
c.nl,nl,reserved,reserved
c.no,no,undelegated inactive,inactive
c.np,np,disallowed,disallowed
c.nr,nr,undelegated,undelegated
c.nu,nu,active,active
c.nz,nz,active,active
c.om,om,undelegated reserved,reserved
c.pa,pa,undelegated,undelegated
c.pe,pe,marketed active parked,parked
c.pf,pf,undelegated,undelegated
c.pg,pg,undelegated inactive,inactive
c.ph,ph,disallowed,disallowed
c.pk,pk,undelegated inactive,inactive
c.pl,pl,active,active
c.pm,pm,reserved,reserved
c.pn,pn,active,active
c.pr,pr,active,active
c.ps,ps,undelegated active,active
c.pt,pt,reserved,reserved
c.pw,pw,undelegated inactive premium,premium
c.py,py,disallowed,disallowed
c.qa,qa,undelegated disallowed,disallowed
c.re,re,reserved,reserved
c.ro,ro,undelegated active,active
c.rs,rs,undelegated disallowed,disallowed
c.ru,ru,reserved,reserved
c.rw,rw,active,active
c.sa,sa,undelegated,undelegated
c.sb,sb,marketed active parked,parked
c.sc,sc,active,active
c.sd,sd,undelegated active,active
c.se,c.se,undelegated zone,zone
c.sg,sg,active,active
c.sh,sh,active,active
c.si,si,undelegated disallowed,disallowed
c.sj,sj,disallowed,disallowed
c.sk,sk,active,active
c.sl,sl,undelegated,undelegated
c.sm,sm,undelegated,undelegated
c.sn,sn,disallowed,disallowed
c.so,so,disallowed,disallowed
c.sr,sr,undelegated,undelegated
c.ss,ss,undelegated,undelegated
c.st,st,active,active
c.su,su,undelegated reserved,reserved
c.sv,sv,active,active
c.sx,sx,undelegated disallowed,disallowed
c.sy,sy,undelegated reserved,reserved
c.sz,sz,undelegated,undelegated
c.tc,tc,active,active
c.td,td,active,active
c.tf,tf,reserved,reserved
c.tg,tg,undelegated inactive,inactive
c.th,th,disallowed,disallowed
c.tj,tj,active,active
c.tk,tk,undelegated,undelegated
c.tl,tl,undelegated claimed,claimed
c.tm,tm,active,active
c.tn,tn,undelegated,undelegated
c.to,to,active,active
c.tp,tp,disallowed,disallowed
c.tr,tr,disallowed,disallowed
c.tt,tt,active,active
c.tv,tv,marketed active,active
c.tw,tw,undelegated inactive,inactive
c.tz,tz,disallowed,disallowed
c.ua,ua,active,active
c.ug,ug,undelegated,undelegated
c.uk,uk,active,active
c.um,um,disallowed,disallowed
c.us,us,undelegated active,active
c.uy,uy,active,active
c.uz,uz,undelegated inactive,inactive
c.va,va,undelegated active,active
c.vc,vc,undelegated active,active
c.ve,ve,disallowed,disallowed
c.vg,vg,premium active,active
c.vi,vi,disallowed,disallowed
c.vn,vn,undelegated active,active
c.vu,vu,active,active
c.wf,wf,reserved,reserved
c.ws,ws,inactive premium,premium
c.ye,ye,disallowed,disallowed
c.yt,yt,reserved,reserved
c.za,za,disallowed,disallowed
c.zm,zm,undelegated inactive,inactive
c.zw,zw,undelegated,undelegated
d.ac,ac,active,active
d.ad,ad,undelegated inactive,inactive
d.ae,ae,undelegated disallowed,disallowed
d.af,af,active,active
d.ag,ag,undelegated reserved,reserved
d.ai,ai,active,active
d.al,al,undelegated,undelegated
d.am,am,marketed priced active parked,parked
d.an,an,disallowed,disallowed
d.ao,ao,undelegated,undelegated
d.aq,aq,undelegated,undelegated
d.ar,ar,active,active
d.as,as,reserved,reserved
d.at,at,marketed active,active
d.au,au,active,active
d.aw,aw,undelegated,undelegated
d.ax,ax,undelegated disallowed,disallowed
d.az,az,reserved,reserved
d.ba,ba,undelegated,undelegated
d.bb,bb,undelegated,undelegated
d.bd,bd,disallowed,disallowed
d.be,be,reserved,reserved
d.bf,bf,undelegated inactive,inactive
d.bg,d.bg,undelegated zone,zone
d.bh,bh,undelegated inactive premium,premium
d.bi,bi,undelegated reserved,reserved
d.bj,bj,active,active
d.bm,bm,undelegated inactive,inactive
d.bn,bn,undelegated inactive,inactive
d.bo,bo,active,active
d.br,br,undelegated disallowed,disallowed
d.bs,bs,undelegated,undelegated
d.bt,bt,undelegated,undelegated
d.bv,bv,disallowed,disallowed
d.bw,bw,active,active
d.by,by,undelegated,undelegated
d.bz,bz,active,active
d.ca,ca,reserved,reserved
d.cc,cc,active,active
d.cd,cd,active,active
d.cf,cf,undelegated,undelegated
d.cg,cg,active,active
d.ch,ch,reserved,reserved
d.ci,ci,undelegated active,active
d.ck,ck,disallowed,disallowed
d.cl,cl,marketed active parked,parked
d.cm,cm,active,active
d.cn,cn,active,active
d.co,co,active,active
d.cr,cr,active,active
d.cu,cu,undelegated,undelegated
d.cv,cv,marketed priced active,active
d.cw,cw,undelegated,undelegated
d.cx,cx,active,active
d.cy,cy,disallowed,disallowed
d.cz,cz,active,active
d.de,de,active,active
d.dj,dj,unknown,unknown
d.dk,dk,active,active
d.dm,dm,undelegated premium active,active
d.do,do,undelegated,undelegated
d.dz,dz,undelegated,undelegated
d.ec,ec,undelegated disallowed,disallowed
d.ee,ee,undelegated active,active
d.eg,eg,undelegated,undelegated
d.er,er,disallowed,disallowed
d.es,es,undelegated disallowed,disallowed
d.et,et,active,active
d.eu,eu,reserved,reserved
d.fi,fi,active,active
d.fj,fj,undelegated inactive,inactive
d.fk,fk,disallowed,disallowed
d.fm,fm,active,active
d.fo,fo,active,active
d.fr,fr,marketed priced reserved,reserved
d.ga,ga,undelegated active,active
d.gb,gb,disallowed,disallowed
d.gd,gd,active,active
d.ge,ge,undelegated active,active
d.gf,gf,undelegated inactive,inactive
d.gg,gg,active,active
d.gh,gh,disallowed,disallowed
d.gi,gi,undelegated inactive,inactive
d.gl,gl,active,active
d.gm,gm,undelegated,undelegated
d.gn,gn,disallowed,disallowed
d.gp,gp,active,active
d.gq,gq,undelegated inactive,inactive
d.gr,gr,undelegated active,active
d.gs,gs,active,active
d.gt,gt,active,active
d.gu,gu,undelegated,undelegated
d.gw,gw,undelegated,undelegated
d.gy,gy,active,active
d.hk,hk,reserved,reserved
d.hm,hm,active,active
d.hn,hn,undelegated active,active
d.hr,hr,active,active
d.ht,ht,active,active
d.hu,hu,active,active
d.id,id,reserved,reserved
d.ie,ie,active,active
d.il,il,disallowed,disallowed
d.im,im,marketed premium active parked,parked
d.in,in,reserved,reserved
d.io,io,active,active
d.iq,iq,undelegated,undelegated
d.ir,ir,undelegated,undelegated
d.is,is,active,active
d.it,it,undelegated disallowed,disallowed
d.je,je,active,active
d.jm,jm,disallowed,disallowed
d.jo,jo,undelegated,undelegated
d.jp,jp,undelegated disallowed,disallowed
d.ke,ke,disallowed,disallowed
d.kg,kg,active,active
d.kh,kh,undelegated,undelegated
d.ki,ki,undelegated active,active
d.km,km,undelegated,undelegated
d.kn,kn,undelegated,undelegated
d.kp,kp,undelegated,undelegated
d.kr,kr,undelegated reserved,reserved
d.kw,kw,undelegated,undelegated
d.ky,ky,undelegated reserved,reserved
d.kz,kz,active,active
d.la,la,active,active
d.lb,lb,disallowed,disallowed
d.lc,lc,active,active
d.li,li,reserved,reserved
d.lk,lk,disallowed,disallowed
d.lr,lr,disallowed,disallowed
d.ls,ls,active,active
d.lt,lt,undelegated disallowed,disallowed
d.lu,lu,active,active
d.lv,lv,undelegated disallowed,disallowed
d.ly,ly,claimed active,active
d.ma,ma,undelegated disallowed,disallowed
d.mc,mc,undelegated,undelegated
d.md,md,active,active
d.me,me,active,active
d.mf,mf,disallowed,disallowed
d.mg,mg,undelegated active,active
d.mh,mh,disallowed,disallowed
d.mk,mk,active,active
d.ml,ml,active,active
d.mm,mm,disallowed,disallowed
d.mn,mn,undelegated active,active
d.mo,mo,undelegated inactive,inactive
d.mp,mp,reserved,reserved
d.mq,mq,undelegated inactive,inactive
d.mr,mr,active,active
d.ms,ms,active,active
d.mt,mt,active,active
d.mu,mu,undelegated active,active
d.mv,mv,undelegated,undelegated
d.mw,mw,active,active
d.mx,mx,undelegated reserved,reserved
d.my,my,marketed priced active,active
d.mz,mz,disallowed,disallowed
d.na,na,active,active
d.nc,nc,reserved,reserved
d.ne,ne,undelegated,undelegated
d.nf,nf,active,active
d.ng,ng,undelegated,undelegated
d.ni,ni,disallowed,disallowed
d.nl,nl,reserved,reserved
d.no,no,undelegated inactive,inactive
d.np,np,disallowed,disallowed
d.nr,nr,undelegated,undelegated
d.nu,nu,active,active
d.nz,nz,active,active
d.om,om,undelegated reserved,reserved
d.pa,pa,undelegated,undelegated
d.pe,pe,active,active
d.pf,pf,undelegated,undelegated
d.pg,pg,undelegated inactive,inactive
d.ph,ph,disallowed,disallowed
d.pk,pk,undelegated inactive,inactive
d.pl,pl,active,active
d.pm,pm,reserved,reserved
d.pn,pn,active,active
d.pr,pr,active,active
d.ps,ps,undelegated active,active
d.pt,pt,reserved,reserved
d.pw,pw,active,active
d.py,py,disallowed,disallowed
d.qa,qa,undelegated disallowed,disallowed
d.re,re,reserved,reserved
d.ro,ro,active,active
d.rs,rs,undelegated disallowed,disallowed
d.ru,ru,reserved,reserved
d.rw,rw,marketed priced active,active
d.sa,sa,undelegated,undelegated
d.sb,sb,active,active
d.sc,sc,marketed active,active
d.sd,sd,undelegated active,active
d.se,d.se,undelegated zone,zone
d.sg,sg,active,active
d.sh,sh,active,active
d.si,si,undelegated disallowed,disallowed
d.sj,sj,disallowed,disallowed
d.sk,sk,active,active
d.sl,sl,active,active
d.sm,sm,undelegated,undelegated
d.sn,sn,disallowed,disallowed
d.so,so,undelegated disallowed,disallowed
d.sr,sr,undelegated,undelegated
d.ss,ss,undelegated,undelegated
d.st,st,active,active
d.su,su,undelegated reserved,reserved
d.sv,sv,active,active
d.sx,sx,undelegated disallowed,disallowed
d.sy,sy,undelegated reserved,reserved
d.sz,sz,undelegated,undelegated
d.tc,tc,active,active
d.td,td,marketed priced active,active
d.tf,tf,reserved,reserved
d.tg,tg,undelegated inactive,inactive
d.th,th,disallowed,disallowed
d.tj,tj,active,active
d.tk,tk,undelegated,undelegated
d.tl,tl,marketed active parked,parked
d.tm,tm,active,active
d.tn,tn,undelegated,undelegated
d.to,to,active,active
d.tp,tp,disallowed,disallowed
d.tr,tr,disallowed,disallowed
d.tt,tt,undelegated,undelegated
d.tv,tv,active,active
d.tw,tw,inactive,inactive
d.tz,tz,disallowed,disallowed
d.ua,ua,active,active
d.ug,ug,undelegated,undelegated
d.uk,uk,active,active
d.um,um,disallowed,disallowed
d.us,us,undelegated active,active
d.uy,uy,active,active
d.uz,uz,undelegated inactive,inactive
d.va,va,undelegated active,active
d.vc,vc,undelegated active,active
d.ve,ve,disallowed,disallowed
d.vg,vg,premium active,active
d.vi,vi,disallowed,disallowed
d.vn,vn,undelegated active,active
d.vu,vu,active,active
d.wf,wf,reserved,reserved
d.ws,ws,inactive premium,premium
d.ye,ye,disallowed,disallowed
d.yt,yt,reserved,reserved
d.za,za,disallowed,disallowed
d.zm,zm,undelegated inactive,inactive
d.zw,zw,undelegated,undelegated
e.ac,ac,active,active
e.ad,ad,undelegated inactive,inactive
e.ae,ae,undelegated disallowed,disallowed
e.af,af,active,active
e.ag,ag,undelegated reserved,reserved
e.ai,ai,active,active
e.al,al,undelegated,undelegated
e.am,am,active,active
e.an,an,disallowed,disallowed
e.ao,ao,undelegated,undelegated
e.aq,aq,undelegated,undelegated
e.ar,ar,active,active
e.as,as,reserved,reserved
e.at,at,active,active
e.au,au,undelegated reserved,reserved
e.aw,aw,undelegated,undelegated
e.ax,ax,undelegated disallowed,disallowed
e.az,az,reserved,reserved
e.ba,ba,undelegated,undelegated
e.bb,bb,undelegated,undelegated
e.bd,bd,disallowed,disallowed
e.be,be,reserved,reserved
e.bf,bf,undelegated inactive,inactive
e.bg,e.bg,undelegated zone,zone
e.bh,bh,undelegated inactive premium,premium
e.bi,bi,undelegated reserved,reserved
e.bj,bj,undelegated,undelegated
e.bm,bm,undelegated inactive,inactive
e.bn,bn,undelegated inactive,inactive
e.bo,bo,active,active
e.br,br,undelegated disallowed,disallowed
e.bs,bs,undelegated,undelegated
e.bt,bt,undelegated,undelegated
e.bv,bv,disallowed,disallowed
e.bw,bw,active,active
e.by,by,undelegated,undelegated
e.bz,bz,undelegated reserved,reserved
e.ca,ca,reserved,reserved
e.cc,cc,reserved active,active
e.cd,cd,active,active
e.cf,cf,undelegated,undelegated
e.cg,cg,undelegated,undelegated
e.ch,ch,reserved,reserved
e.ci,ci,undelegated active,active
e.ck,ck,disallowed,disallowed
e.cl,cl,undelegated active,active
e.cm,cm,active,active
e.cn,cn,marketed active,active
e.co,co,active,active
e.cr,cr,active,active
e.cu,cu,undelegated,undelegated
e.cv,cv,active,active
e.cw,cw,undelegated,undelegated
e.cx,cx,active,active
e.cy,cy,disallowed,disallowed
e.cz,cz,active,active
e.de,de,active,active
e.dj,dj,active,active
e.dk,dk,active,active
e.dm,dm,active,active
e.do,do,undelegated,undelegated
e.dz,dz,undelegated,undelegated
e.ec,ec,undelegated disallowed,disallowed
e.ee,ee,active,active
e.eg,eg,undelegated,undelegated
e.er,er,disallowed,disallowed
e.es,es,undelegated disallowed,disallowed
e.et,et,active,active
e.eu,eu,reserved,reserved
e.fi,fi,active,active
e.fj,fj,undelegated inactive,inactive
e.fk,fk,disallowed,disallowed
e.fm,fm,active,active
e.fo,fo,active,active
e.fr,fr,reserved,reserved
e.ga,ga,undelegated active,active
e.gb,gb,disallowed,disallowed
e.gd,gd,active,active
e.ge,ge,undelegated active,active
e.gf,gf,undelegated inactive,inactive
e.gg,gg,active,active
e.gh,gh,disallowed,disallowed
e.gi,gi,undelegated inactive,inactive
e.gl,gl,active,active
e.gm,gm,undelegated,undelegated
e.gn,gn,disallowed,disallowed
e.gp,gp,active,active
e.gq,gq,undelegated inactive,inactive
e.gr,gr,undelegated active,active
e.gs,gs,active,active
e.gt,gt,active,active
e.gu,gu,undelegated,undelegated
e.gw,gw,undelegated,undelegated
e.gy,gy,marketed priced active,active
e.hk,hk,reserved,reserved
e.hm,hm,active,active
e.hn,hn,undelegated active,active
e.hr,hr,active,active
e.ht,ht,active,active
e.hu,hu,active,active
e.id,id,reserved,reserved
e.ie,ie,active,active
e.il,il,disallowed,disallowed
e.im,im,marketed premium active,active
e.in,in,reserved,reserved
e.io,io,active,active
e.iq,iq,undelegated,undelegated
e.ir,ir,undelegated,undelegated
e.is,is,active,active
e.it,it,undelegated disallowed,disallowed
e.je,je,active,active
e.jm,jm,disallowed,disallowed
e.jo,jo,undelegated,undelegated
e.jp,jp,undelegated disallowed,disallowed
e.ke,ke,disallowed,disallowed
e.kg,kg,active,active
e.kh,kh,undelegated,undelegated
e.ki,ki,active,active
e.km,km,undelegated,undelegated
e.kn,kn,active,active
e.kp,kp,undelegated,undelegated
e.kr,kr,undelegated reserved,reserved
e.kw,kw,undelegated,undelegated
e.ky,ky,undelegated reserved,reserved
e.kz,kz,active,active
e.la,la,active,active
e.lb,lb,disallowed,disallowed
e.lc,lc,active,active
e.li,li,reserved,reserved
e.lk,lk,disallowed,disallowed
e.lr,lr,disallowed,disallowed
e.ls,ls,active,active
e.lt,lt,undelegated disallowed,disallowed
e.lu,lu,active,active
e.lv,lv,undelegated disallowed,disallowed
e.ly,ly,active,active
e.ma,ma,undelegated disallowed,disallowed
e.mc,mc,undelegated,undelegated
e.md,md,undelegated disallowed,disallowed
e.me,me,active,active
e.mf,mf,disallowed,disallowed
e.mg,mg,undelegated active,active
e.mh,mh,disallowed,disallowed
e.mk,mk,active,active
e.ml,ml,active,active
e.mm,mm,disallowed,disallowed
e.mn,mn,undelegated active,active
e.mo,mo,undelegated inactive,inactive
e.mp,mp,reserved,reserved
e.mq,mq,undelegated inactive,inactive
e.mr,mr,marketed active parked,parked
e.ms,ms,active,active
e.mt,mt,undelegated,undelegated
e.mu,mu,active,active
e.mv,mv,undelegated,undelegated
e.mw,mw,active,active
e.mx,mx,undelegated reserved,reserved
e.my,my,active,active
e.mz,mz,disallowed,disallowed
e.na,na,undelegated,undelegated
e.nc,nc,reserved,reserved
e.ne,ne,undelegated,undelegated
e.nf,nf,active,active
e.ng,ng,undelegated,undelegated
e.ni,ni,disallowed,disallowed
e.nl,nl,reserved,reserved
e.no,no,undelegated inactive,inactive
e.np,np,disallowed,disallowed
e.nr,nr,undelegated,undelegated
e.nu,nu,active,active
e.nz,nz,undelegated reserved,reserved
e.om,om,undelegated reserved,reserved
e.pa,pa,undelegated,undelegated
e.pe,pe,marketed active parked,parked
e.pf,pf,undelegated,undelegated
e.pg,pg,undelegated inactive,inactive
e.ph,ph,disallowed,disallowed
e.pk,pk,undelegated inactive,inactive
e.pl,pl,active,active
e.pm,pm,reserved,reserved
e.pn,pn,active,active
e.pr,pr,undelegated active,active
e.ps,ps,undelegated active,active
e.pt,pt,reserved,reserved
e.pw,pw,active,active
e.py,py,disallowed,disallowed
e.qa,qa,disallowed,disallowed
e.re,re,reserved,reserved
e.ro,ro,active,active
e.rs,rs,undelegated disallowed,disallowed
e.ru,ru,reserved,reserved
e.rw,rw,active,active
e.sa,sa,undelegated,undelegated
e.sb,sb,active,active
e.sc,sc,active,active
e.sd,sd,active,active
e.se,e.se,undelegated zone,zone
e.sg,sg,active,active
e.sh,sh,active,active
e.si,si,undelegated disallowed,disallowed
e.sj,sj,disallowed,disallowed
e.sk,sk,active,active
e.sl,sl,undelegated,undelegated
e.sm,sm,undelegated,undelegated
e.sn,sn,disallowed,disallowed
e.so,so,undelegated active,active
e.sr,sr,undelegated,undelegated
e.ss,ss,undelegated,undelegated
e.st,st,active,active
e.su,su,undelegated reserved,reserved
e.sv,sv,active,active
e.sx,sx,undelegated disallowed,disallowed
e.sy,sy,active,active
e.sz,sz,undelegated,undelegated
e.tc,tc,claimed active,active
e.td,td,active,active
e.tf,tf,reserved,reserved
e.tg,tg,undelegated inactive,inactive
e.th,th,disallowed,disallowed
e.tj,tj,active,active
e.tk,tk,undelegated,undelegated
e.tl,tl,active,active
e.tm,tm,active,active
e.tn,tn,undelegated,undelegated
e.to,to,marketed priced active parked,parked
e.tp,tp,disallowed,disallowed
e.tr,tr,disallowed,disallowed
e.tt,tt,active,active
e.tv,tv,active,active
e.tw,tw,undelegated inactive,inactive
e.tz,tz,disallowed,disallowed
e.ua,ua,active,active
e.ug,ug,undelegated,undelegated
e.uk,uk,active,active
e.um,um,disallowed,disallowed
e.us,us,undelegated active,active
e.uy,uy,active,active
e.uz,uz,inactive,inactive
e.va,va,active,active
e.vc,vc,undelegated active,active
e.ve,ve,disallowed,disallowed
e.vg,vg,premium active,active
e.vi,vi,disallowed,disallowed
e.vn,vn,undelegated active,active
e.vu,vu,active,active
e.wf,wf,reserved,reserved
e.ws,ws,inactive premium,premium
e.ye,ye,disallowed,disallowed
e.yt,yt,reserved,reserved
e.za,za,disallowed,disallowed
e.zm,zm,undelegated inactive,inactive
e.zw,zw,undelegated,undelegated
f.ac,ac,marketed active,active
f.ad,ad,undelegated inactive,inactive
f.ae,ae,undelegated disallowed,disallowed
f.af,af,active,active
f.ag,ag,active,active
f.ai,ai,active,active
f.al,al,undelegated,undelegated
f.am,am,marketed active parked,parked
f.an,an,disallowed,disallowed
f.ao,ao,undelegated,undelegated
f.aq,aq,undelegated,undelegated
f.ar,ar,undelegated,undelegated
f.as,as,reserved,reserved
f.at,at,marketed active,active
f.au,au,undelegated reserved,reserved
f.aw,aw,undelegated,undelegated
f.ax,ax,undelegated disallowed,disallowed
f.az,az,reserved,reserved
f.ba,ba,undelegated,undelegated
f.bb,bb,undelegated,undelegated
f.bd,bd,disallowed,disallowed
f.be,be,reserved,reserved
f.bf,bf,undelegated inactive,inactive
f.bg,f.bg,undelegated zone,zone
f.bh,bh,undelegated inactive premium,premium
f.bi,bi,active,active
f.bj,bj,undelegated,undelegated
f.bm,bm,undelegated inactive,inactive
f.bn,bn,undelegated inactive,inactive
f.bo,bo,active,active
f.br,br,undelegated disallowed,disallowed
f.bs,bs,undelegated,undelegated
f.bt,bt,undelegated,undelegated
f.bv,bv,disallowed,disallowed
f.bw,bw,active,active
f.by,by,undelegated,undelegated
f.bz,bz,active,active
f.ca,ca,reserved,reserved
f.cc,cc,active,active
f.cd,cd,active,active
f.cf,cf,undelegated,undelegated
f.cg,cg,marketed active parked,parked
f.ch,ch,reserved,reserved
f.ci,ci,active,active
f.ck,ck,disallowed,disallowed
f.cl,cl,marketed active parked,parked
f.cm,cm,active,active
f.cn,cn,active,active
f.co,co,marketed active,active
f.cr,cr,marketed active parked,parked
f.cu,cu,undelegated,undelegated
f.cv,cv,active,active
f.cw,cw,undelegated,undelegated
f.cx,cx,active,active
f.cy,cy,disallowed,disallowed
f.cz,cz,active,active
f.de,de,active,active
f.dj,dj,active,active
f.dk,dk,active,active
f.dm,dm,active,active
f.do,do,undelegated,undelegated
f.dz,dz,undelegated,undelegated
f.ec,ec,undelegated disallowed,disallowed
f.ee,ee,active,active
f.eg,eg,undelegated,undelegated
f.er,er,disallowed,disallowed
f.es,es,undelegated disallowed,disallowed
f.et,et,active,active
f.eu,eu,reserved,reserved
f.fi,fi,active,active
f.fj,fj,undelegated inactive,inactive
f.fk,fk,disallowed,disallowed
f.fm,fm,active,active
f.fo,fo,active,active
f.fr,fr,reserved,reserved
f.ga,ga,undelegated active,active
f.gb,gb,disallowed,disallowed
f.gd,gd,active,active
f.ge,ge,undelegated active,active
f.gf,gf,undelegated inactive,inactive
f.gg,gg,active,active
f.gh,gh,disallowed,disallowed
f.gi,gi,undelegated inactive,inactive
f.gl,gl,active,active
f.gm,gm,undelegated,undelegated
f.gn,gn,disallowed,disallowed
f.gp,gp,active,active
f.gq,gq,undelegated inactive,inactive
f.gr,gr,undelegated active,active
f.gs,gs,active,active
f.gt,gt,active,active
f.gu,gu,undelegated,undelegated
f.gw,gw,undelegated,undelegated
f.gy,gy,undelegated inactive,inactive
f.hk,hk,reserved,reserved
f.hm,hm,active,active
f.hn,hn,active,active
f.hr,hr,disallowed active,active
f.ht,ht,active,active
f.hu,hu,active,active
f.id,id,reserved,reserved
f.ie,ie,active,active
f.il,il,disallowed,disallowed
f.im,im,premium active,active
f.in,in,reserved,reserved
f.io,io,active,active
f.iq,iq,undelegated,undelegated
f.ir,ir,undelegated,undelegated
f.is,is,active,active
f.it,it,undelegated disallowed,disallowed
f.je,je,active,active
f.jm,jm,disallowed,disallowed
f.jo,jo,undelegated,undelegated
f.jp,jp,undelegated disallowed,disallowed
f.ke,ke,disallowed,disallowed
f.kg,kg,active,active
f.kh,kh,undelegated,undelegated
f.ki,ki,undelegated active,active
f.km,km,undelegated,undelegated
f.kn,kn,undelegated,undelegated
f.kp,kp,undelegated,undelegated
f.kr,kr,undelegated reserved,reserved
f.kw,kw,undelegated,undelegated
f.ky,ky,undelegated reserved,reserved
f.kz,kz,active,active
f.la,la,active,active
f.lb,lb,disallowed,disallowed
f.lc,lc,active,active
f.li,li,reserved,reserved
f.lk,lk,disallowed,disallowed
f.lr,lr,disallowed,disallowed
f.ls,ls,active,active
f.lt,lt,undelegated disallowed,disallowed
f.lu,lu,marketed priced active,active
f.lv,lv,undelegated disallowed,disallowed
f.ly,ly,undelegated claimed,claimed
f.ma,ma,undelegated disallowed,disallowed
f.mc,mc,undelegated,undelegated
f.md,md,undelegated disallowed,disallowed
f.me,me,inactive premium,premium
f.mf,mf,disallowed,disallowed
f.mg,mg,undelegated active,active
f.mh,mh,disallowed,disallowed
f.mk,mk,active,active
f.ml,ml,undelegated inactive,inactive
f.mm,mm,disallowed,disallowed
f.mn,mn,undelegated active,active
f.mo,mo,undelegated inactive,inactive
f.mp,mp,reserved,reserved
f.mq,mq,undelegated inactive,inactive
f.mr,mr,active,active
f.ms,ms,active,active
f.mt,mt,active,active
f.mu,mu,undelegated active,active
f.mv,mv,undelegated,undelegated
f.mw,mw,active,active
f.mx,mx,undelegated reserved,reserved
f.my,my,undelegated active,active
f.mz,mz,disallowed,disallowed
f.na,na,undelegated,undelegated
f.nc,nc,reserved,reserved
f.ne,ne,undelegated,undelegated
f.nf,nf,active,active
f.ng,ng,undelegated,undelegated
f.ni,ni,disallowed,disallowed
f.nl,nl,reserved,reserved
f.no,no,undelegated inactive,inactive
f.np,np,disallowed,disallowed
f.nr,nr,undelegated,undelegated
f.nu,nu,active,active
f.nz,nz,active,active
f.om,om,undelegated reserved,reserved
f.pa,pa,undelegated,undelegated
f.pe,pe,active,active
f.pf,pf,undelegated,undelegated
f.pg,pg,undelegated inactive,inactive
f.ph,ph,disallowed,disallowed
f.pk,pk,undelegated inactive,inactive
f.pl,pl,disallowed,disallowed
f.pm,pm,reserved,reserved
f.pn,pn,active,active
f.pr,pr,undelegated active,active
f.ps,ps,undelegated active,active
f.pt,pt,reserved,reserved
f.pw,pw,active,active
f.py,py,disallowed,disallowed
f.qa,qa,undelegated disallowed,disallowed
f.re,re,reserved,reserved
f.ro,ro,active,active
f.rs,rs,undelegated disallowed,disallowed
f.ru,ru,reserved,reserved
f.rw,rw,undelegated,undelegated
f.sa,sa,undelegated,undelegated
f.sb,sb,undelegated claimed,claimed
f.sc,sc,undelegated inactive premium,premium
f.sd,sd,undelegated active,active
f.se,f.se,undelegated zone,zone
f.sg,sg,undelegated reserved,reserved
f.sh,sh,active,active
f.si,si,undelegated disallowed,disallowed
f.sj,sj,disallowed,disallowed
f.sk,sk,active,active
f.sl,sl,undelegated reserved,reserved
f.sm,sm,undelegated,undelegated
f.sn,sn,disallowed,disallowed
f.so,so,undelegated active,active
f.sr,sr,undelegated,undelegated
f.ss,ss,undelegated,undelegated
f.st,st,active,active
f.su,su,undelegated reserved,reserved
f.sv,sv,active,active
f.sx,sx,undelegated disallowed,disallowed
f.sy,sy,undelegated reserved,reserved
f.sz,sz,undelegated,undelegated
f.tc,tc,claimed active,active
f.td,td,active,active
f.tf,tf,reserved,reserved
f.tg,tg,undelegated inactive,inactive
f.th,th,disallowed,disallowed
f.tj,tj,active,active
f.tk,tk,undelegated,undelegated
f.tl,tl,marketed active parked,parked
f.tm,tm,active,active
f.tn,tn,undelegated,undelegated
f.to,to,marketed active,active
f.tp,tp,disallowed,disallowed
f.tr,tr,disallowed,disallowed
f.tt,tt,active,active
f.tv,tv,active,active
f.tw,tw,undelegated inactive,inactive
f.tz,tz,disallowed,disallowed
f.ua,ua,active,active
f.ug,ug,undelegated,undelegated
f.uk,uk,active,active
f.um,um,disallowed,disallowed
f.us,us,undelegated active,active
f.uy,uy,marketed active parked,parked
f.uz,uz,undelegated inactive,inactive
f.va,va,undelegated active,active
f.vc,vc,undelegated active,active
f.ve,ve,disallowed,disallowed
f.vg,vg,marketed premium active,active
f.vi,vi,disallowed,disallowed
f.vn,vn,undelegated active,active
f.vu,vu,active,active
f.wf,wf,reserved,reserved
f.ws,ws,inactive premium,premium
f.ye,ye,disallowed,disallowed
f.yt,yt,reserved,reserved
f.za,za,disallowed,disallowed
f.zm,zm,undelegated inactive,inactive
f.zw,zw,undelegated,undelegated
g.ac,ac,active,active
g.ad,ad,undelegated inactive,inactive
g.ae,ae,undelegated disallowed,disallowed
g.af,af,active,active
g.ag,ag,active,active
g.ai,ai,active,active
g.al,al,undelegated,undelegated
g.am,am,marketed active parked,parked
g.an,an,disallowed,disallowed
g.ao,ao,undelegated,undelegated
g.aq,aq,undelegated,undelegated
g.ar,ar,active,active
g.as,as,reserved,reserved
g.at,at,active,active
g.au,au,undelegated reserved,reserved
g.aw,aw,undelegated,undelegated
g.ax,ax,undelegated disallowed,disallowed
g.az,az,reserved,reserved
g.ba,ba,undelegated,undelegated
g.bb,bb,undelegated,undelegated
g.bd,bd,disallowed,disallowed
g.be,be,reserved,reserved
g.bf,bf,undelegated inactive,inactive
g.bg,g.bg,undelegated zone,zone
g.bh,bh,undelegated inactive premium,premium
g.bi,bi,undelegated reserved,reserved
g.bj,bj,undelegated,undelegated
g.bm,bm,undelegated inactive,inactive
g.bn,bn,undelegated inactive,inactive
g.bo,bo,active,active
g.br,br,undelegated disallowed,disallowed
g.bs,bs,undelegated,undelegated
g.bt,bt,undelegated,undelegated
g.bv,bv,disallowed,disallowed
g.bw,bw,active,active
g.by,by,undelegated,undelegated
g.bz,bz,active,active
g.ca,ca,reserved,reserved
g.cc,cc,active,active
g.cd,cd,active,active
g.cf,cf,undelegated,undelegated
g.cg,cg,undelegated,undelegated
g.ch,ch,reserved,reserved
g.ci,ci,undelegated active,active
g.ck,ck,disallowed,disallowed
g.cl,cl,marketed active parked,parked
g.cm,cm,active,active
g.cn,cn,active,active
g.co,co,active,active
g.cr,cr,active,active
g.cu,cu,undelegated,undelegated
g.cv,cv,active,active
g.cw,cw,undelegated,undelegated
g.cx,cx,active,active
g.cy,cy,disallowed,disallowed
g.cz,cz,active,active
g.de,de,active,active
g.dj,dj,undelegated,undelegated
g.dk,dk,active,active
g.dm,dm,active,active
g.do,do,undelegated,undelegated
g.dz,dz,undelegated,undelegated
g.ec,ec,undelegated disallowed,disallowed
g.ee,ee,active,active
g.eg,eg,undelegated,undelegated
g.er,er,disallowed,disallowed
g.es,es,undelegated disallowed,disallowed
g.et,et,marketed priced active,active
g.eu,eu,reserved,reserved
g.fi,fi,active,active
g.fj,fj,undelegated inactive,inactive
g.fk,fk,disallowed,disallowed
g.fm,fm,active,active
g.fo,fo,active,active
g.fr,fr,reserved,reserved
g.ga,ga,undelegated active,active
g.gb,gb,disallowed,disallowed
g.gd,gd,active,active
g.ge,ge,undelegated active,active
g.gf,gf,undelegated inactive,inactive
g.gg,gg,marketed active,active
g.gh,gh,disallowed,disallowed
g.gi,gi,undelegated inactive,inactive
g.gl,gl,active,active
g.gm,gm,undelegated,undelegated
g.gn,gn,disallowed,disallowed
g.gp,gp,active,active
g.gq,gq,undelegated inactive,inactive
g.gr,gr,undelegated active,active
g.gs,gs,undelegated active,active
g.gt,gt,marketed active parked,parked
g.gu,gu,undelegated,undelegated
g.gw,gw,undelegated,undelegated
g.gy,gy,active,active
g.hk,hk,reserved,reserved
g.hm,hm,active,active
g.hn,hn,active,active
g.hr,hr,active,active
g.ht,ht,active,active
g.hu,hu,undelegated disallowed,disallowed
g.id,id,reserved,reserved
g.ie,ie,active,active
g.il,il,disallowed,disallowed
g.im,im,marketed priced premium active,active
g.in,in,reserved,reserved
g.io,io,marketed active,active
g.iq,iq,undelegated,undelegated
g.ir,ir,undelegated,undelegated
g.is,is,active,active
g.it,it,undelegated disallowed,disallowed
g.je,je,active,active
g.jm,jm,disallowed,disallowed
g.jo,jo,undelegated,undelegated
g.jp,jp,undelegated disallowed,disallowed
g.ke,ke,disallowed,disallowed
g.kg,kg,active,active
g.kh,kh,undelegated,undelegated
g.ki,ki,undelegated active,active
g.km,km,undelegated,undelegated
g.kn,kn,undelegated,undelegated
g.kp,kp,undelegated,undelegated
g.kr,kr,undelegated reserved,reserved
g.kw,kw,undelegated,undelegated
g.ky,ky,undelegated reserved,reserved
g.kz,kz,active,active
g.la,la,active,active
g.lb,lb,disallowed,disallowed
g.lc,lc,active,active
g.li,li,reserved,reserved
g.lk,lk,disallowed,disallowed
g.lr,lr,disallowed,disallowed
g.ls,ls,active,active
g.lt,lt,undelegated disallowed,disallowed
g.lu,lu,active,active
g.lv,lv,undelegated disallowed,disallowed
g.ly,ly,active,active
g.ma,ma,undelegated disallowed,disallowed
g.mc,mc,undelegated,undelegated
g.md,md,marketed undelegated disallowed,disallowed
g.me,me,active,active
g.mf,mf,disallowed,disallowed
g.mg,mg,undelegated active,active
g.mh,mh,disallowed,disallowed
g.mk,mk,undelegated active,active
g.ml,ml,marketed active parked,parked
g.mm,mm,disallowed,disallowed
g.mn,mn,undelegated active,active
g.mo,mo,undelegated inactive,inactive
g.mp,mp,reserved,reserved
g.mq,mq,undelegated inactive,inactive
g.mr,mr,marketed active,active
g.ms,ms,active,active
g.mt,mt,undelegated,undelegated
g.mu,mu,undelegated active,active
g.mv,mv,undelegated,undelegated
g.mw,mw,active,active
g.mx,mx,undelegated reserved,reserved
g.my,my,undelegated active,active
g.mz,mz,disallowed,disallowed
g.na,na,undelegated,undelegated
g.nc,nc,reserved,reserved
g.ne,ne,undelegated,undelegated
g.nf,nf,marketed active parked,parked
g.ng,ng,undelegated,undelegated
g.ni,ni,disallowed,disallowed
g.nl,nl,reserved,reserved
g.no,no,undelegated inactive,inactive
g.np,np,disallowed,disallowed
g.nr,nr,undelegated,undelegated
g.nu,nu,active,active
g.nz,nz,undelegated reserved,reserved
g.om,om,undelegated reserved,reserved
g.pa,pa,undelegated,undelegated
g.pe,pe,active,active
g.pf,pf,undelegated,undelegated
g.pg,pg,undelegated inactive,inactive
g.ph,ph,disallowed,disallowed
g.pk,pk,undelegated inactive,inactive
g.pl,pl,active,active
g.pm,pm,reserved,reserved
g.pn,pn,active,active
g.pr,pr,undelegated active,active
g.ps,ps,undelegated active,active
g.pt,pt,reserved,reserved
g.pw,pw,undelegated inactive premium,premium
g.py,py,disallowed,disallowed
g.qa,qa,undelegated disallowed,disallowed
g.re,re,reserved,reserved
g.ro,ro,marketed active parked,parked
g.rs,rs,undelegated disallowed,disallowed
g.ru,ru,reserved,reserved
g.rw,rw,active,active
g.sa,sa,undelegated,undelegated
g.sb,sb,active,active
g.sc,sc,marketed priced active,active
g.sd,sd,undelegated active,active
g.se,g.se,undelegated zone,zone
g.sg,sg,active,active
g.sh,sh,active,active
g.si,si,undelegated disallowed,disallowed
g.sj,sj,disallowed,disallowed
g.sk,sk,undelegated active,active
g.sl,sl,undelegated reserved,reserved
g.sm,sm,undelegated,undelegated
g.sn,sn,disallowed,disallowed
g.so,so,undelegated active,active
g.sr,sr,undelegated,undelegated
g.ss,ss,undelegated,undelegated
g.st,st,active,active
g.su,su,undelegated reserved,reserved
g.sv,sv,active,active
g.sx,sx,undelegated disallowed,disallowed
g.sy,sy,undelegated reserved,reserved
g.sz,sz,undelegated,undelegated
g.tc,tc,active,active
g.td,td,active,active
g.tf,tf,reserved,reserved
g.tg,tg,inactive,inactive
g.th,th,disallowed,disallowed
g.tj,tj,active,active
g.tk,tk,undelegated,undelegated
g.tl,tl,active,active
g.tm,tm,active,active
g.tn,tn,undelegated,undelegated
g.to,to,marketed active,active
g.tp,tp,disallowed,disallowed
g.tr,tr,disallowed,disallowed
g.tt,tt,active,active
g.tv,tv,undelegated reserved,reserved
g.tw,tw,undelegated inactive,inactive
g.tz,tz,disallowed,disallowed
g.ua,ua,active,active
g.ug,ug,undelegated,undelegated
g.uk,uk,active,active
g.um,um,disallowed,disallowed
g.us,us,undelegated active,active
g.uy,uy,marketed priced active parked,parked
g.uz,uz,undelegated inactive,inactive
g.va,va,undelegated active,active
g.vc,vc,undelegated active,active
g.ve,ve,disallowed,disallowed
g.vg,vg,premium active,active
g.vi,vi,disallowed,disallowed
g.vn,vn,undelegated active,active
g.vu,vu,active,active
g.wf,wf,reserved,reserved
g.ws,ws,inactive premium,premium
g.ye,ye,disallowed,disallowed
g.yt,yt,reserved,reserved
g.za,za,disallowed,disallowed
g.zm,zm,undelegated inactive,inactive
g.zw,zw,undelegated,undelegated
h.ac,ac,active,active
h.ad,ad,undelegated inactive,inactive
h.ae,ae,undelegated disallowed,disallowed
h.af,af,active,active
h.ag,ag,active,active
h.ai,ai,active,active
h.al,al,undelegated,undelegated
h.am,am,active,active
h.an,an,disallowed,disallowed
h.ao,ao,undelegated,undelegated
h.aq,aq,undelegated,undelegated
h.ar,ar,active,active
h.as,as,reserved,reserved
h.at,at,active,active
h.au,au,undelegated reserved,reserved
h.aw,aw,undelegated,undelegated
h.ax,ax,undelegated disallowed,disallowed
h.az,az,reserved,reserved
h.ba,ba,undelegated,undelegated
h.bb,bb,undelegated,undelegated
h.bd,bd,disallowed,disallowed
h.be,be,reserved,reserved
h.bf,bf,undelegated inactive,inactive
h.bg,h.bg,undelegated zone,zone
h.bh,bh,undelegated inactive premium,premium
h.bi,bi,undelegated reserved,reserved
h.bj,bj,undelegated,undelegated
h.bm,bm,undelegated inactive,inactive
h.bn,bn,undelegated inactive,inactive
h.bo,bo,active,active
h.br,br,undelegated disallowed,disallowed
h.bs,bs,undelegated,undelegated
h.bt,bt,undelegated,undelegated
h.bv,bv,disallowed,disallowed
h.bw,bw,active,active
h.by,by,undelegated,undelegated
h.bz,bz,marketed active parked,parked
h.ca,ca,reserved,reserved
h.cc,cc,active,active
h.cd,cd,active,active
h.cf,cf,undelegated,undelegated
h.cg,cg,active,active
h.ch,ch,reserved,reserved
h.ci,ci,active,active
h.ck,ck,disallowed,disallowed
h.cl,cl,marketed active parked,parked
h.cm,cm,reserved,reserved
h.cn,cn,active,active
h.co,co,active,active
h.cr,cr,active,active
h.cu,cu,undelegated,undelegated
h.cv,cv,undelegated,undelegated
h.cw,cw,undelegated,undelegated
h.cx,cx,active,active
h.cy,cy,disallowed,disallowed
h.cz,cz,active,active
h.de,de,active,active
h.dj,dj,undelegated,undelegated
h.dk,dk,active,active
h.dm,dm,active,active
h.do,do,undelegated,undelegated
h.dz,dz,undelegated,undelegated
h.ec,ec,undelegated disallowed,disallowed
h.ee,ee,active,active
h.eg,eg,undelegated,undelegated
h.er,er,disallowed,disallowed
h.es,es,undelegated disallowed,disallowed
h.et,et,active,active
h.eu,eu,reserved,reserved
h.fi,fi,disallowed active,active
h.fj,fj,undelegated inactive,inactive
h.fk,fk,disallowed,disallowed
h.fm,fm,marketed active parked,parked
h.fo,fo,active,active
h.fr,fr,reserved,reserved
h.ga,ga,undelegated active,active
h.gb,gb,disallowed,disallowed
h.gd,gd,active,active
h.ge,ge,undelegated active,active
h.gf,gf,undelegated inactive,inactive
h.gg,gg,active,active
h.gh,gh,disallowed,disallowed
h.gi,gi,undelegated inactive,inactive
h.gl,gl,active,active
h.gm,gm,undelegated,undelegated
h.gn,gn,disallowed,disallowed
h.gp,gp,active,active
h.gq,gq,undelegated inactive,inactive
h.gr,gr,undelegated active,active
h.gs,gs,marketed priced undelegated active,active
h.gt,gt,active,active
h.gu,gu,undelegated,undelegated
h.gw,gw,undelegated,undelegated
h.gy,gy,undelegated inactive,inactive
h.hk,hk,reserved,reserved
h.hm,hm,active,active
h.hn,hn,active,active
h.hr,hr,active,active
h.ht,ht,active,active
h.hu,hu,undelegated disallowed,disallowed
h.id,id,reserved,reserved
h.ie,ie,active,active
h.il,il,disallowed,disallowed
h.im,im,premium active,active
h.in,in,reserved,reserved
h.io,io,active,active
h.iq,iq,undelegated,undelegated
h.ir,ir,undelegated,undelegated
h.is,is,active,active
h.it,it,undelegated disallowed,disallowed
h.je,je,active,active
h.jm,jm,disallowed,disallowed
h.jo,jo,undelegated,undelegated
h.jp,jp,undelegated disallowed,disallowed
h.ke,ke,disallowed,disallowed
h.kg,kg,active,active
h.kh,kh,undelegated,undelegated
h.ki,ki,active,active
h.km,km,undelegated,undelegated
h.kn,kn,undelegated,undelegated
h.kp,kp,undelegated,undelegated
h.kr,kr,undelegated reserved,reserved
h.kw,kw,undelegated,undelegated
h.ky,ky,undelegated reserved,reserved
h.kz,kz,active,active
h.la,la,active,active
h.lb,lb,disallowed,disallowed
h.lc,lc,active,active
h.li,li,reserved,reserved
h.lk,lk,disallowed,disallowed
h.lr,lr,disallowed,disallowed
h.ls,ls,active,active
h.lt,lt,undelegated disallowed,disallowed
h.lu,lu,active,active
h.lv,lv,undelegated disallowed,disallowed
h.ly,ly,claimed active,active
h.ma,ma,undelegated disallowed,disallowed
h.mc,mc,undelegated,undelegated
h.md,md,undelegated claimed,claimed
h.me,me,active,active
h.mf,mf,disallowed,disallowed
h.mg,mg,undelegated active,active
h.mh,mh,disallowed,disallowed
h.mk,mk,undelegated active,active
h.ml,ml,undelegated inactive,inactive
h.mm,mm,disallowed,disallowed
h.mn,mn,undelegated active,active
h.mo,mo,undelegated inactive,inactive
h.mp,mp,reserved,reserved
h.mq,mq,undelegated inactive,inactive
h.mr,mr,active,active
h.ms,ms,active,active
h.mt,mt,active,active
h.mu,mu,undelegated active,active
h.mv,mv,undelegated,undelegated
h.mw,mw,active,active
h.mx,mx,undelegated reserved,reserved
h.my,my,undelegated active,active
h.mz,mz,disallowed,disallowed
h.na,na,undelegated,undelegated
h.nc,nc,reserved,reserved
h.ne,ne,undelegated,undelegated
h.nf,nf,marketed active parked,parked
h.ng,ng,undelegated,undelegated
h.ni,ni,disallowed,disallowed
h.nl,nl,reserved,reserved
h.no,no,undelegated inactive,inactive
h.np,np,disallowed,disallowed
h.nr,nr,undelegated,undelegated
h.nu,nu,marketed active parked,parked
h.nz,nz,active,active
h.om,om,undelegated reserved,reserved
h.pa,pa,undelegated,undelegated
h.pe,pe,marketed active parked,parked
h.pf,pf,undelegated,undelegated
h.pg,pg,undelegated inactive,inactive
h.ph,ph,disallowed,disallowed
h.pk,pk,undelegated inactive,inactive
h.pl,pl,active,active
h.pm,pm,reserved,reserved
h.pn,pn,active,active
h.pr,pr,undelegated active,active
h.ps,ps,undelegated active,active
h.pt,pt,reserved,reserved
h.pw,pw,active,active
h.py,py,disallowed,disallowed
h.qa,qa,undelegated disallowed,disallowed
h.re,re,reserved,reserved
h.ro,ro,marketed active,active
h.rs,rs,undelegated disallowed,disallowed
h.ru,ru,reserved,reserved
h.rw,rw,marketed priced active,active
h.sa,sa,undelegated,undelegated
h.sb,sb,marketed active parked,parked
h.sc,sc,undelegated inactive premium,premium
h.sd,sd,active,active
h.se,h.se,undelegated zone,zone
h.sg,sg,undelegated reserved,reserved
h.sh,sh,active,active
h.si,si,undelegated disallowed,disallowed
h.sj,sj,disallowed,disallowed
h.sk,sk,active,active
h.sl,sl,undelegated,undelegated
h.sm,sm,undelegated,undelegated
h.sn,sn,disallowed,disallowed
h.so,so,undelegated disallowed,disallowed
h.sr,sr,undelegated,undelegated
h.ss,ss,undelegated,undelegated
h.st,st,active,active
h.su,su,undelegated reserved,reserved
h.sv,sv,active,active
h.sx,sx,undelegated disallowed,disallowed
h.sy,sy,undelegated reserved,reserved
h.sz,sz,undelegated,undelegated
h.tc,tc,active,active
h.td,td,active,active
h.tf,tf,reserved,reserved
h.tg,tg,undelegated inactive,inactive
h.th,th,disallowed,disallowed
h.tj,tj,active,active
h.tk,tk,undelegated,undelegated
h.tl,tl,active,active
h.tm,tm,active,active
h.tn,tn,undelegated,undelegated
h.to,to,marketed active parked,parked
h.tp,tp,disallowed,disallowed
h.tr,tr,disallowed,disallowed
h.tt,tt,undelegated,undelegated
h.tv,tv,marketed active,active
h.tw,tw,undelegated inactive,inactive
h.tz,tz,disallowed,disallowed
h.ua,ua,active,active
h.ug,ug,undelegated,undelegated
h.uk,uk,active,active
h.um,um,disallowed,disallowed
h.us,us,undelegated active,active
h.uy,uy,active,active
h.uz,uz,inactive,inactive
h.va,va,undelegated active,active
h.vc,vc,active,active
h.ve,ve,disallowed,disallowed
h.vg,vg,premium active,active
h.vi,vi,disallowed,disallowed
h.vn,vn,undelegated active,active
h.vu,vu,undelegated,undelegated
h.wf,wf,reserved,reserved
h.ws,ws,inactive premium,premium
h.ye,ye,disallowed,disallowed
h.yt,yt,reserved,reserved
h.za,za,disallowed,disallowed
h.zm,zm,undelegated inactive,inactive
h.zw,zw,undelegated,undelegated
i.ac,ac,active,active
i.ad,ad,undelegated inactive,inactive
i.ae,ae,undelegated disallowed,disallowed
i.af,af,active,active
i.ag,ag,undelegated reserved,reserved
i.ai,ai,active,active
i.al,al,undelegated,undelegated
i.am,am,active,active
i.an,an,disallowed,disallowed
i.ao,ao,undelegated,undelegated
i.aq,aq,undelegated,undelegated
i.ar,ar,marketed active,active
i.as,as,reserved,reserved
i.at,at,active,active
i.au,au,undelegated reserved,reserved
i.aw,aw,undelegated,undelegated
i.ax,ax,undelegated disallowed,disallowed
i.az,az,reserved,reserved
i.ba,ba,undelegated,undelegated
i.bb,bb,undelegated,undelegated
i.bd,bd,disallowed,disallowed
i.be,be,reserved,reserved
i.bf,bf,undelegated inactive,inactive
i.bg,i.bg,undelegated zone,zone
i.bh,bh,undelegated inactive premium,premium
i.bi,bi,undelegated reserved,reserved
i.bj,bj,undelegated,undelegated
i.bm,bm,undelegated inactive,inactive
i.bn,bn,undelegated inactive,inactive
i.bo,bo,active,active
i.br,br,undelegated disallowed,disallowed
i.bs,bs,undelegated,undelegated
i.bt,bt,undelegated,undelegated
i.bv,bv,disallowed,disallowed
i.bw,bw,active,active
i.by,by,undelegated,undelegated
i.bz,bz,undelegated reserved,reserved
i.ca,ca,reserved,reserved
i.cc,cc,marketed priced active,active
i.cd,cd,active,active
i.cf,cf,undelegated,undelegated
i.cg,cg,undelegated,undelegated
i.ch,ch,reserved,reserved
i.ci,ci,undelegated,undelegated
i.ck,ck,disallowed,disallowed
i.cl,cl,active,active
i.cm,cm,active,active
i.cn,cn,active,active
i.co,co,active parked,parked
i.cr,cr,active,active
i.cu,cu,undelegated,undelegated
i.cv,cv,active,active
i.cw,cw,undelegated,undelegated
i.cx,cx,active,active
i.cy,cy,disallowed,disallowed
i.cz,cz,active,active
i.de,de,active,active
i.dj,dj,active,active
i.dk,dk,active,active
i.dm,dm,active,active
i.do,do,undelegated,undelegated
i.dz,dz,undelegated,undelegated
i.ec,ec,undelegated disallowed,disallowed
i.ee,ee,active,active
i.eg,eg,undelegated,undelegated
i.er,er,disallowed,disallowed
i.es,es,undelegated disallowed,disallowed
i.et,et,active,active
i.eu,eu,reserved,reserved
i.fi,fi,active,active
i.fj,fj,undelegated inactive,inactive
i.fk,fk,disallowed,disallowed
i.fm,fm,reserved,reserved
i.fo,fo,active,active
i.fr,fr,reserved,reserved
i.ga,ga,undelegated active,active
i.gb,gb,disallowed,disallowed
i.gd,gd,active,active
i.ge,ge,undelegated active,active
i.gf,gf,undelegated inactive,inactive
i.gg,gg,active,active
i.gh,gh,disallowed,disallowed
i.gi,gi,undelegated inactive,inactive
i.gl,gl,undelegated active,active
i.gm,gm,undelegated,undelegated
i.gn,gn,disallowed,disallowed
i.gp,gp,active,active
i.gq,gq,undelegated inactive,inactive
i.gr,gr,undelegated active,active
i.gs,gs,marketed priced active,active
i.gt,gt,active,active
i.gu,gu,undelegated,undelegated
i.gw,gw,undelegated,undelegated
i.gy,gy,active,active
i.hk,hk,reserved,reserved
i.hm,hm,active,active
i.hn,hn,marketed active parked,parked
i.hr,hr,active,active
i.ht,ht,marketed priced active,active
i.hu,hu,undelegated disallowed,disallowed
i.id,id,reserved,reserved
i.ie,ie,marketed priced active,active
i.il,il,disallowed,disallowed
i.im,im,premium active,active
i.in,in,reserved,reserved
i.io,io,marketed priced active,active
i.iq,iq,undelegated,undelegated
i.ir,ir,undelegated,undelegated
i.is,is,active,active
i.it,it,undelegated disallowed,disallowed
i.je,je,active,active
i.jm,jm,disallowed,disallowed
i.jo,jo,undelegated,undelegated
i.jp,jp,undelegated disallowed,disallowed
i.ke,ke,disallowed,disallowed
i.kg,kg,active,active
i.kh,kh,undelegated,undelegated
i.ki,ki,active,active
i.km,km,undelegated,undelegated
i.kn,kn,active,active
i.kp,kp,undelegated,undelegated
i.kr,kr,undelegated reserved,reserved
i.kw,kw,undelegated,undelegated
i.ky,ky,undelegated reserved,reserved
i.kz,kz,active,active
i.la,la,marketed priced active,active
i.lb,lb,disallowed,disallowed
i.lc,lc,active,active
i.li,li,reserved,reserved
i.lk,lk,undelegated disallowed,disallowed
i.lr,lr,disallowed,disallowed
i.ls,ls,active,active
i.lt,lt,undelegated disallowed,disallowed
i.lu,lu,active,active
i.lv,lv,undelegated disallowed,disallowed
i.ly,ly,active,active
i.ma,ma,undelegated disallowed,disallowed
i.mc,mc,undelegated,undelegated
i.md,md,undelegated disallowed,disallowed
i.me,me,active,active
i.mf,mf,disallowed,disallowed
i.mg,mg,undelegated active,active
i.mh,mh,disallowed,disallowed
i.mk,mk,active,active
i.ml,ml,marketed active parked,parked
i.mm,mm,disallowed,disallowed
i.mn,mn,undelegated active,active
i.mo,mo,undelegated inactive,inactive
i.mp,mp,reserved,reserved
i.mq,mq,undelegated inactive,inactive
i.mr,mr,active,active
i.ms,ms,active,active
i.mt,mt,undelegated,undelegated
i.mu,mu,undelegated active,active
i.mv,mv,undelegated,undelegated
i.mw,mw,active,active
i.mx,mx,undelegated reserved,reserved
i.my,my,active,active
i.mz,mz,disallowed,disallowed
i.na,na,undelegated,undelegated
i.nc,nc,reserved,reserved
i.ne,ne,undelegated,undelegated
i.nf,nf,active,active
i.ng,i.ng,undelegated zone,zone
i.ni,ni,disallowed,disallowed
i.nl,nl,reserved,reserved
i.no,no,undelegated inactive,inactive
i.np,np,disallowed,disallowed
i.nr,nr,unknown,unknown
i.nu,nu,active,active
i.nz,nz,undelegated reserved,reserved
i.om,om,undelegated reserved,reserved
i.pa,pa,undelegated,undelegated
i.pe,pe,active,active
i.pf,pf,undelegated,undelegated
i.pg,pg,undelegated inactive,inactive
i.ph,i.ph,active zone,zone
i.pk,pk,undelegated inactive,inactive
i.pl,pl,active,active
i.pm,pm,reserved,reserved
i.pn,pn,active,active
i.pr,pr,undelegated active,active
i.ps,ps,undelegated active,active
i.pt,pt,reserved,reserved
i.pw,pw,undelegated inactive premium,premium
i.py,py,disallowed,disallowed
i.qa,qa,disallowed,disallowed
i.re,re,reserved,reserved
i.ro,ro,active,active
i.rs,rs,undelegated,undelegated
i.ru,ru,reserved,reserved
i.rw,rw,marketed priced active,active
i.sa,sa,undelegated,undelegated
i.sb,sb,active,active
i.sc,sc,undelegated inactive premium,premium
i.sd,sd,undelegated active,active
i.se,i.se,undelegated zone,zone
i.sg,sg,active,active
i.sh,sh,active,active
i.si,si,undelegated disallowed,disallowed
i.sj,sj,disallowed,disallowed
i.sk,sk,active,active
i.sl,sl,undelegated reserved,reserved
i.sm,sm,undelegated,undelegated
i.sn,sn,disallowed,disallowed
i.so,so,undelegated disallowed,disallowed
i.sr,sr,undelegated,undelegated
i.ss,ss,undelegated,undelegated
i.st,st,active,active
i.su,su,undelegated reserved,reserved
i.sv,sv,active,active
i.sx,sx,undelegated disallowed,disallowed
i.sy,sy,undelegated reserved,reserved
i.sz,sz,undelegated,undelegated
i.tc,tc,claimed active,active
i.td,td,active,active
i.tf,tf,reserved,reserved
i.tg,tg,undelegated inactive,inactive
i.th,th,disallowed,disallowed
i.tj,tj,active,active
i.tk,tk,undelegated,undelegated
i.tl,tl,active,active
i.tm,tm,active,active
i.tn,tn,undelegated,undelegated
i.to,to,active,active
i.tp,tp,disallowed,disallowed
i.tr,tr,disallowed,disallowed
i.tt,tt,active,active
i.tv,tv,undelegated active,active
i.tw,tw,undelegated inactive,inactive
i.tz,tz,disallowed,disallowed
i.ua,ua,active,active
i.ug,ug,undelegated,undelegated
i.uk,uk,active,active
i.um,um,disallowed,disallowed
i.us,us,undelegated active,active
i.uy,uy,marketed active,active
i.uz,uz,undelegated inactive,inactive
i.va,va,undelegated active,active
i.vc,vc,undelegated active,active
i.ve,ve,disallowed,disallowed
i.vg,vg,premium active,active
i.vi,vi,disallowed,disallowed
i.vn,vn,undelegated active,active
i.vu,vu,active,active
i.wf,wf,reserved,reserved
i.ws,ws,inactive premium,premium
i.ye,ye,disallowed,disallowed
i.yt,yt,reserved,reserved
i.za,za,disallowed,disallowed
i.zm,zm,undelegated inactive,inactive
i.zw,zw,undelegated,undelegated
j.ac,ac,active,active
j.ad,ad,undelegated inactive,inactive
j.ae,ae,undelegated disallowed,disallowed
j.af,af,marketed active parked,parked
j.ag,ag,active,active
j.ai,ai,marketed priced active,active
j.al,al,undelegated,undelegated
j.am,am,marketed active parked,parked
j.an,an,disallowed,disallowed
j.ao,ao,undelegated,undelegated
j.aq,aq,undelegated,undelegated
j.ar,ar,marketed active,active
j.as,as,reserved,reserved
j.at,at,marketed active parked,parked
j.au,au,undelegated reserved,reserved
j.aw,aw,undelegated,undelegated
j.ax,ax,undelegated disallowed,disallowed
j.az,az,reserved,reserved
j.ba,ba,undelegated,undelegated
j.bb,bb,undelegated,undelegated
j.bd,bd,disallowed,disallowed
j.be,be,reserved,reserved
j.bf,bf,undelegated inactive,inactive
j.bg,j.bg,undelegated zone,zone
j.bh,bh,undelegated inactive premium,premium
j.bi,bi,undelegated reserved,reserved
j.bj,bj,undelegated,undelegated
j.bm,bm,undelegated inactive,inactive
j.bn,bn,undelegated inactive,inactive
j.bo,bo,active,active
j.br,br,undelegated disallowed,disallowed
j.bs,bs,undelegated,undelegated
j.bt,bt,undelegated,undelegated
j.bv,bv,disallowed,disallowed
j.bw,bw,active,active
j.by,by,undelegated,undelegated
j.bz,bz,active,active
j.ca,ca,reserved,reserved
j.cc,cc,active,active
j.cd,cd,active,active
j.cf,cf,undelegated,undelegated
j.cg,cg,active,active
j.ch,ch,reserved,reserved
j.ci,ci,active,active
j.ck,ck,disallowed,disallowed
j.cl,cl,marketed active parked,parked
j.cm,cm,marketed priced active,active
j.cn,cn,active,active
j.co,co,marketed active,active
j.cr,cr,active,active
j.cu,cu,undelegated,undelegated
j.cv,cv,active,active
j.cw,cw,undelegated,undelegated
j.cx,cx,active,active
j.cy,cy,disallowed,disallowed
j.cz,cz,active,active
j.de,de,marketed active,active
j.dj,dj,active,active
j.dk,dk,active,active
j.dm,dm,undelegated active,active
j.do,do,undelegated,undelegated
j.dz,dz,undelegated,undelegated
j.ec,ec,undelegated disallowed,disallowed
j.ee,ee,active,active
j.eg,eg,undelegated,undelegated
j.er,er,disallowed,disallowed
j.es,es,undelegated disallowed,disallowed
j.et,et,active,active
j.eu,eu,reserved,reserved
j.fi,fi,active,active
j.fj,fj,undelegated inactive,inactive
j.fk,fk,disallowed,disallowed
j.fm,fm,active,active
j.fo,fo,active,active
j.fr,fr,reserved,reserved
j.ga,ga,undelegated active,active
j.gb,gb,disallowed,disallowed
j.gd,gd,active,active
j.ge,ge,undelegated active,active
j.gf,gf,undelegated inactive,inactive
j.gg,gg,marketed active,active
j.gh,gh,disallowed,disallowed
j.gi,gi,undelegated inactive,inactive
j.gl,gl,undelegated active,active
j.gm,gm,undelegated,undelegated
j.gn,gn,disallowed,disallowed
j.gp,gp,active,active
j.gq,gq,active,active
j.gr,gr,undelegated active,active
j.gs,gs,active,active
j.gt,gt,active,active
j.gu,gu,undelegated,undelegated
j.gw,gw,undelegated,undelegated
j.gy,gy,undelegated inactive,inactive
j.hk,hk,reserved,reserved
j.hm,hm,active,active
j.hn,hn,active,active
j.hr,hr,disallowed active,active
j.ht,ht,active,active
j.hu,hu,undelegated disallowed,disallowed
j.id,id,reserved,reserved
j.ie,ie,active,active
j.il,il,disallowed,disallowed
j.im,im,marketed priced undelegated premium active,active
j.in,in,reserved,reserved
j.io,io,marketed active,active
j.iq,iq,undelegated,undelegated
j.ir,ir,undelegated,undelegated
j.is,is,active,active
j.it,it,undelegated disallowed,disallowed
j.je,je,active,active
j.jm,jm,disallowed,disallowed
j.jo,jo,undelegated,undelegated
j.jp,jp,undelegated disallowed,disallowed
j.ke,ke,disallowed,disallowed
j.kg,kg,active,active
j.kh,kh,undelegated,undelegated
j.ki,ki,undelegated active,active
j.km,km,undelegated,undelegated
j.kn,kn,undelegated,undelegated
j.kp,kp,undelegated,undelegated
j.kr,kr,undelegated reserved,reserved
j.kw,kw,undelegated,undelegated
j.ky,ky,undelegated reserved,reserved
j.kz,kz,active,active
j.la,la,active,active
j.lb,lb,disallowed,disallowed
j.lc,lc,active,active
j.li,li,reserved,reserved
j.lk,lk,disallowed,disallowed
j.lr,lr,disallowed,disallowed
j.ls,ls,active,active
j.lt,lt,undelegated disallowed,disallowed
j.lu,lu,active,active
j.lv,lv,undelegated disallowed,disallowed
j.ly,ly,claimed active,active
j.ma,ma,undelegated disallowed,disallowed
j.mc,mc,undelegated,undelegated
j.md,md,marketed active parked,parked
j.me,me,inactive premium,premium
j.mf,mf,disallowed,disallowed
j.mg,mg,undelegated active,active
j.mh,mh,disallowed,disallowed
j.mk,mk,undelegated active,active
j.ml,ml,undelegated inactive,inactive
j.mm,mm,disallowed,disallowed
j.mn,mn,undelegated active,active
j.mo,mo,undelegated inactive,inactive
j.mp,mp,reserved,reserved
j.mq,mq,undelegated inactive,inactive
j.mr,mr,active,active
j.ms,ms,active,active
j.mt,mt,undelegated,undelegated
j.mu,mu,active,active
j.mv,mv,undelegated,undelegated
j.mw,mw,active,active
j.mx,mx,undelegated reserved,reserved
j.my,my,undelegated active,active
j.mz,mz,disallowed,disallowed
j.na,na,undelegated,undelegated
j.nc,nc,reserved,reserved
j.ne,ne,undelegated,undelegated
j.nf,nf,active,active
j.ng,ng,undelegated,undelegated
j.ni,ni,disallowed,disallowed
j.nl,nl,reserved,reserved
j.no,no,undelegated inactive,inactive
j.np,np,disallowed,disallowed
j.nr,nr,undelegated,undelegated
j.nu,nu,undelegated active,active
j.nz,nz,active,active
j.om,om,undelegated reserved,reserved
j.pa,pa,undelegated,undelegated
j.pe,pe,active,active
j.pf,pf,undelegated,undelegated
j.pg,pg,undelegated inactive,inactive
j.ph,ph,disallowed,disallowed
j.pk,pk,undelegated inactive,inactive
j.pl,pl,active,active
j.pm,pm,reserved,reserved
j.pn,pn,active,active
j.pr,pr,undelegated active,active
j.ps,ps,undelegated active,active
j.pt,pt,reserved,reserved
j.pw,pw,undelegated inactive premium,premium
j.py,py,disallowed,disallowed
j.qa,qa,disallowed,disallowed
j.re,re,reserved,reserved
j.ro,ro,undelegated active,active
j.rs,rs,undelegated disallowed,disallowed
j.ru,ru,reserved,reserved
j.rw,rw,marketed priced active,active
j.sa,sa,undelegated,undelegated
j.sb,sb,claimed,claimed
j.sc,sc,active,active
j.sd,sd,undelegated active,active
j.se,se,active,active
j.sg,sg,undelegated reserved,reserved
j.sh,sh,active,active
j.si,si,undelegated disallowed,disallowed
j.sj,sj,disallowed,disallowed
j.sk,sk,undelegated active,active
j.sl,sl,undelegated reserved,reserved
j.sm,sm,undelegated,undelegated
j.sn,sn,disallowed,disallowed
j.so,so,undelegated active,active
j.sr,sr,undelegated,undelegated
j.ss,ss,undelegated,undelegated
j.st,st,active,active
j.su,su,undelegated reserved,reserved
j.sv,sv,active,active
j.sx,sx,undelegated disallowed,disallowed
j.sy,sy,undelegated reserved,reserved
j.sz,sz,undelegated,undelegated
j.tc,tc,active,active
j.td,td,marketed priced active,active
j.tf,tf,reserved,reserved
j.tg,tg,undelegated inactive,inactive
j.th,th,disallowed,disallowed
j.tj,tj,active,active
j.tk,tk,undelegated,undelegated
j.tl,tl,active,active
j.tm,tm,active,active
j.tn,tn,undelegated,undelegated
j.to,to,active,active
j.tp,tp,disallowed,disallowed
j.tr,tr,disallowed,disallowed
j.tt,tt,marketed priced undelegated,undelegated
j.tv,tv,active,active
j.tw,tw,undelegated,undelegated
j.tz,tz,disallowed,disallowed
j.ua,ua,active,active
j.ug,ug,undelegated,undelegated
j.uk,uk,marketed priced active,active
j.um,um,disallowed,disallowed
j.us,us,undelegated active,active
j.uy,uy,active,active
j.uz,uz,undelegated inactive,inactive
j.va,va,undelegated active,active
j.vc,vc,undelegated active,active
j.ve,ve,disallowed,disallowed
j.vg,vg,premium active,active
j.vi,vi,disallowed,disallowed
j.vn,vn,undelegated active,active
j.vu,vu,active,active
j.wf,wf,reserved,reserved
j.ws,ws,inactive premium,premium
j.ye,ye,disallowed,disallowed
j.yt,yt,reserved,reserved
j.za,za,disallowed,disallowed
j.zm,zm,undelegated inactive,inactive
j.zw,zw,undelegated,undelegated
k.ac,ac,active,active
k.ad,ad,undelegated inactive,inactive
k.ae,ae,undelegated disallowed,disallowed
k.af,af,active,active
k.ag,ag,active,active
k.ai,ai,active,active
k.al,al,undelegated,undelegated
k.am,am,undelegated claimed,claimed
k.an,an,disallowed,disallowed
k.ao,ao,undelegated,undelegated
k.aq,aq,undelegated,undelegated
k.ar,ar,marketed active parked,parked
k.as,as,reserved,reserved
k.at,at,active,active
k.au,au,undelegated reserved,reserved
k.aw,aw,undelegated,undelegated
k.ax,ax,undelegated disallowed,disallowed
k.az,az,reserved,reserved
k.ba,ba,undelegated,undelegated
k.bb,bb,undelegated,undelegated
k.bd,bd,disallowed,disallowed
k.be,be,reserved,reserved
k.bf,bf,undelegated inactive,inactive
k.bg,k.bg,undelegated zone,zone
k.bh,bh,undelegated inactive premium,premium
k.bi,bi,undelegated reserved,reserved
k.bj,bj,undelegated,undelegated
k.bm,bm,undelegated inactive,inactive
k.bn,bn,undelegated inactive,inactive
k.bo,bo,active,active
k.br,br,undelegated disallowed,disallowed
k.bs,bs,undelegated,undelegated
k.bt,bt,undelegated,undelegated
k.bv,bv,disallowed,disallowed
k.bw,bw,active,active
k.by,by,undelegated,undelegated
k.bz,bz,active,active
k.ca,ca,reserved,reserved
k.cc,cc,active,active
k.cd,cd,active,active
k.cf,cf,undelegated,undelegated
k.cg,cg,active,active
k.ch,ch,reserved,reserved
k.ci,ci,undelegated active,active
k.ck,ck,disallowed,disallowed
k.cl,cl,active,active
k.cm,cm,active,active
k.cn,cn,marketed active,active
k.co,co,active,active
k.cr,cr,marketed undelegated active,active
k.cu,cu,undelegated,undelegated
k.cv,cv,undelegated,undelegated
k.cw,cw,undelegated,undelegated
k.cx,cx,active,active
k.cy,cy,disallowed,disallowed
k.cz,cz,active,active
k.de,de,active,active
k.dj,dj,undelegated,undelegated
k.dk,dk,active,active
k.dm,dm,undelegated active,active
k.do,do,undelegated,undelegated
k.dz,dz,undelegated,undelegated
k.ec,ec,undelegated disallowed,disallowed
k.ee,ee,marketed active parked,parked
k.eg,eg,undelegated,undelegated
k.er,er,disallowed,disallowed
k.es,es,undelegated disallowed,disallowed
k.et,et,active,active
k.eu,eu,reserved,reserved
k.fi,fi,active,active
k.fj,fj,undelegated inactive,inactive
k.fk,fk,disallowed,disallowed
k.fm,fm,active,active
k.fo,fo,marketed priced active,active
k.fr,fr,reserved,reserved
k.ga,ga,undelegated active,active
k.gb,gb,disallowed,disallowed
k.gd,gd,active,active
k.ge,ge,undelegated active,active
k.gf,gf,undelegated inactive,inactive
k.gg,gg,active,active
k.gh,gh,disallowed,disallowed
k.gi,gi,undelegated inactive,inactive
k.gl,gl,active,active
k.gm,gm,undelegated,undelegated
k.gn,gn,disallowed,disallowed
k.gp,gp,active,active
k.gq,gq,undelegated inactive,inactive
k.gr,gr,undelegated active,active
k.gs,gs,active,active
k.gt,gt,active,active
k.gu,gu,undelegated,undelegated
k.gw,gw,undelegated,undelegated
k.gy,gy,undelegated inactive,inactive
k.hk,hk,reserved,reserved
k.hm,hm,active,active
k.hn,hn,active,active
k.hr,hr,active,active
k.ht,ht,active,active
k.hu,hu,undelegated disallowed,disallowed
k.id,id,reserved,reserved
k.ie,ie,marketed active,active
k.il,il,disallowed,disallowed
k.im,im,premium active,active
k.in,in,reserved,reserved
k.io,io,active,active
k.iq,iq,undelegated,undelegated
k.ir,ir,undelegated,undelegated
k.is,is,active,active
k.it,it,undelegated disallowed,disallowed
k.je,je,active,active
k.jm,jm,disallowed,disallowed
k.jo,jo,undelegated,undelegated
k.jp,jp,undelegated disallowed,disallowed
k.ke,ke,disallowed,disallowed
k.kg,kg,undelegated disallowed,disallowed
k.kh,kh,undelegated,undelegated
k.ki,ki,active,active
k.km,km,undelegated,undelegated
k.kn,kn,active,active
k.kp,kp,undelegated,undelegated
k.kr,kr,undelegated reserved,reserved
k.kw,kw,undelegated,undelegated
k.ky,ky,undelegated reserved,reserved
k.kz,kz,active,active
k.la,la,active,active
k.lb,lb,disallowed,disallowed
k.lc,lc,active,active
k.li,li,reserved,reserved
k.lk,lk,disallowed,disallowed
k.lr,lr,disallowed,disallowed
k.ls,ls,active,active
k.lt,lt,undelegated disallowed,disallowed
k.lu,lu,active,active
k.lv,lv,undelegated disallowed,disallowed
k.ly,ly,claimed active,active
k.ma,ma,undelegated disallowed,disallowed
k.mc,mc,undelegated,undelegated
k.md,md,undelegated disallowed,disallowed
k.me,me,active,active
k.mf,mf,disallowed,disallowed
k.mg,mg,undelegated active,active
k.mh,mh,disallowed,disallowed
k.mk,mk,active,active
k.ml,ml,undelegated inactive,inactive
k.mm,mm,disallowed,disallowed
k.mn,mn,undelegated active,active
k.mo,mo,undelegated inactive,inactive
k.mp,mp,reserved,reserved
k.mq,mq,undelegated inactive,inactive
k.mr,mr,marketed priced active,active
k.ms,ms,active,active
k.mt,mt,undelegated,undelegated
k.mu,mu,undelegated active,active
k.mv,mv,undelegated,undelegated
k.mw,mw,active,active
k.mx,mx,undelegated reserved,reserved
k.my,my,undelegated active,active
k.mz,mz,disallowed,disallowed
k.na,na,undelegated,undelegated
k.nc,nc,reserved,reserved
k.ne,ne,undelegated,undelegated
k.nf,nf,active,active
k.ng,ng,undelegated,undelegated
k.ni,ni,disallowed,disallowed
k.nl,nl,reserved,reserved
k.no,no,undelegated inactive,inactive
k.np,np,disallowed,disallowed
k.nr,nr,undelegated,undelegated
k.nu,nu,active,active
k.nz,nz,marketed undelegated active,active
k.om,om,undelegated reserved,reserved
k.pa,pa,undelegated,undelegated
k.pe,pe,active,active
k.pf,pf,undelegated,undelegated
k.pg,pg,undelegated inactive,inactive
k.ph,ph,disallowed,disallowed
k.pk,pk,undelegated inactive,inactive
k.pl,pl,active,active
k.pm,pm,reserved,reserved
k.pn,pn,marketed active,active
k.pr,pr,undelegated active,active
k.ps,ps,undelegated active,active
k.pt,pt,reserved,reserved
k.pw,pw,undelegated inactive premium,premium
k.py,py,disallowed,disallowed
k.qa,qa,disallowed,disallowed
k.re,re,reserved,reserved
k.ro,ro,active,active
k.rs,rs,undelegated disallowed,disallowed
k.ru,ru,reserved,reserved
k.rw,rw,marketed active parked,parked
k.sa,sa,undelegated,undelegated
k.sb,sb,claimed,claimed
k.sc,sc,undelegated inactive premium,premium
k.sd,sd,undelegated active,active
k.se,k.se,undelegated zone,zone
k.sg,sg,undelegated reserved,reserved
k.sh,sh,active,active
k.si,si,undelegated disallowed,disallowed
k.sj,sj,disallowed,disallowed
k.sk,sk,active,active
k.sl,sl,undelegated,undelegated
k.sm,sm,undelegated,undelegated
k.sn,sn,disallowed,disallowed
k.so,so,undelegated active,active
k.sr,sr,undelegated,undelegated
k.ss,ss,undelegated,undelegated
k.st,st,active,active
k.su,su,undelegated reserved,reserved
k.sv,sv,active,active
k.sx,sx,undelegated disallowed,disallowed
k.sy,sy,undelegated reserved,reserved
k.sz,sz,undelegated,undelegated
k.tc,tc,active,active
k.td,td,active,active
k.tf,tf,reserved,reserved
k.tg,tg,inactive,inactive
k.th,th,disallowed,disallowed
k.tj,tj,active,active
k.tk,tk,active,active
k.tl,tl,marketed active,active
k.tm,tm,active,active
k.tn,tn,undelegated,undelegated
k.to,to,active,active
k.tp,tp,disallowed,disallowed
k.tr,tr,disallowed,disallowed
k.tt,tt,active,active
k.tv,tv,marketed active,active
k.tw,tw,undelegated inactive,inactive
k.tz,tz,disallowed,disallowed
k.ua,ua,active,active
k.ug,ug,undelegated,undelegated
k.uk,uk,active,active
k.um,um,disallowed,disallowed
k.us,us,undelegated active,active
k.uy,uy,marketed active,active
k.uz,uz,inactive,inactive
k.va,va,undelegated active,active
k.vc,vc,undelegated active,active
k.ve,ve,disallowed,disallowed
k.vg,vg,premium active,active
k.vi,vi,disallowed,disallowed
k.vn,vn,undelegated active,active
k.vu,vu,active,active
k.wf,wf,reserved,reserved
k.ws,ws,inactive premium,premium
k.ye,ye,disallowed,disallowed
k.yt,yt,reserved,reserved
k.za,za,disallowed,disallowed
k.zm,zm,undelegated inactive,inactive
k.zw,zw,undelegated,undelegated
l.ac,ac,active,active
l.ad,ad,undelegated inactive,inactive
l.ae,ae,undelegated disallowed,disallowed
l.af,af,active,active
l.ag,ag,active,active
l.ai,ai,active,active
l.al,al,undelegated,undelegated
l.am,am,marketed active parked,parked
l.an,an,disallowed,disallowed
l.ao,ao,undelegated,undelegated
l.aq,aq,undelegated,undelegated
l.ar,ar,marketed active parked,parked
l.as,as,reserved,reserved
l.at,at,active,active
l.au,au,undelegated reserved,reserved
l.aw,aw,undelegated,undelegated
l.ax,ax,undelegated disallowed,disallowed
l.az,az,reserved,reserved
l.ba,ba,undelegated,undelegated
l.bb,bb,undelegated,undelegated
l.bd,bd,disallowed,disallowed
l.be,be,reserved,reserved
l.bf,bf,undelegated inactive,inactive
l.bg,l.bg,undelegated zone,zone
l.bh,bh,undelegated premium active,active
l.bi,bi,undelegated reserved,reserved
l.bj,bj,undelegated,undelegated
l.bm,bm,undelegated inactive,inactive
l.bn,bn,undelegated inactive,inactive
l.bo,bo,active,active
l.br,br,undelegated disallowed,disallowed
l.bs,bs,undelegated,undelegated
l.bt,bt,undelegated,undelegated
l.bv,bv,disallowed,disallowed
l.bw,bw,active,active
l.by,by,undelegated,undelegated
l.bz,bz,active,active
l.ca,ca,reserved,reserved
l.cc,cc,active,active
l.cd,cd,active,active
l.cf,cf,undelegated,undelegated
l.cg,cg,marketed active parked,parked
l.ch,ch,reserved,reserved
l.ci,ci,undelegated active,active
l.ck,ck,disallowed,disallowed
l.cl,cl,marketed active parked,parked
l.cm,cm,marketed active parked,parked
l.cn,cn,active,active
l.co,co,active,active
l.cr,cr,active,active
l.cu,cu,undelegated,undelegated
l.cv,cv,active,active
l.cw,cw,undelegated,undelegated
l.cx,cx,marketed priced active parked,parked
l.cy,cy,disallowed,disallowed
l.cz,cz,active,active
l.de,de,active,active
l.dj,dj,undelegated,undelegated
l.dk,dk,active,active
l.dm,dm,undelegated active,active
l.do,do,undelegated,undelegated
l.dz,dz,undelegated,undelegated
l.ec,ec,undelegated disallowed,disallowed
l.ee,ee,marketed undelegated active,active
l.eg,eg,undelegated,undelegated
l.er,er,disallowed,disallowed
l.es,es,undelegated disallowed,disallowed
l.et,et,active,active
l.eu,eu,reserved,reserved
l.fi,fi,undelegated disallowed,disallowed
l.fj,fj,undelegated inactive,inactive
l.fk,fk,disallowed,disallowed
l.fm,fm,marketed active parked,parked
l.fo,fo,active,active
l.fr,fr,reserved,reserved
l.ga,ga,undelegated active,active
l.gb,gb,disallowed,disallowed
l.gd,gd,premium active,active
l.ge,ge,undelegated active,active
l.gf,gf,undelegated inactive,inactive
l.gg,gg,active,active
l.gh,gh,disallowed,disallowed
l.gi,gi,undelegated inactive,inactive
l.gl,gl,marketed active parked,parked
l.gm,gm,undelegated,undelegated
l.gn,gn,disallowed,disallowed
l.gp,gp,active,active
l.gq,gq,undelegated inactive,inactive
l.gr,gr,undelegated active,active
l.gs,gs,active,active
l.gt,gt,active,active
l.gu,gu,undelegated,undelegated
l.gw,gw,undelegated,undelegated
l.gy,gy,undelegated inactive,inactive
l.hk,hk,reserved,reserved
l.hm,hm,active,active
l.hn,hn,active,active
l.hr,hr,active,active
l.ht,ht,marketed active parked,parked
l.hu,hu,undelegated disallowed,disallowed
l.id,id,reserved,reserved
l.ie,ie,active,active
l.il,il,disallowed,disallowed
l.im,im,marketed priced premium active parked,parked
l.in,in,reserved,reserved
l.io,io,marketed active,active
l.iq,iq,undelegated,undelegated
l.ir,ir,undelegated,undelegated
l.is,is,active,active
l.it,it,undelegated disallowed,disallowed
l.je,je,active,active
l.jm,jm,disallowed,disallowed
l.jo,jo,undelegated,undelegated
l.jp,jp,undelegated disallowed,disallowed
l.ke,ke,disallowed,disallowed
l.kg,kg,undelegated disallowed,disallowed
l.kh,kh,undelegated,undelegated
l.ki,ki,undelegated active,active
l.km,km,undelegated,undelegated
l.kn,kn,undelegated,undelegated
l.kp,kp,undelegated,undelegated
l.kr,kr,undelegated reserved,reserved
l.kw,kw,undelegated,undelegated
l.ky,ky,undelegated reserved,reserved
l.kz,kz,active,active
l.la,la,active,active
l.lb,lb,disallowed,disallowed
l.lc,l.lc,active zone,zone
l.li,li,reserved,reserved
l.lk,lk,disallowed,disallowed
l.lr,lr,disallowed,disallowed
l.ls,ls,marketed priced active,active
l.lt,lt,undelegated disallowed,disallowed
l.lu,lu,active,active
l.lv,lv,undelegated disallowed,disallowed
l.ly,ly,claimed active,active
l.ma,ma,undelegated disallowed,disallowed
l.mc,mc,undelegated,undelegated
l.md,md,undelegated disallowed,disallowed
l.me,me,inactive premium,premium
l.mf,mf,disallowed,disallowed
l.mg,mg,undelegated active,active
l.mh,mh,disallowed,disallowed
l.mk,mk,active,active
l.ml,ml,marketed priced active parked,parked
l.mm,mm,disallowed,disallowed
l.mn,mn,undelegated active,active
l.mo,mo,undelegated inactive,inactive
l.mp,mp,reserved,reserved
l.mq,mq,undelegated inactive,inactive
l.mr,mr,active,active
l.ms,ms,active,active
l.mt,mt,undelegated,undelegated
l.mu,mu,undelegated active,active
l.mv,mv,undelegated,undelegated
l.mw,mw,active,active
l.mx,mx,undelegated reserved,reserved
l.my,my,active,active
l.mz,mz,disallowed,disallowed
l.na,na,undelegated,undelegated
l.nc,nc,reserved,reserved
l.ne,ne,undelegated,undelegated
l.nf,nf,active,active
l.ng,ng,undelegated,undelegated
l.ni,ni,disallowed,disallowed
l.nl,nl,reserved,reserved
l.no,no,undelegated inactive,inactive
l.np,np,disallowed,disallowed
l.nr,nr,undelegated,undelegated
l.nu,nu,active,active
l.nz,nz,active,active
l.om,om,undelegated reserved,reserved
l.pa,pa,undelegated,undelegated
l.pe,pe,marketed active,active
l.pf,pf,undelegated,undelegated
l.pg,pg,undelegated inactive,inactive
l.ph,ph,disallowed,disallowed
l.pk,pk,undelegated inactive,inactive
l.pl,pl,active,active
l.pm,pm,reserved,reserved
l.pn,pn,active,active
l.pr,pr,undelegated active,active
l.ps,ps,active,active
l.pt,pt,reserved,reserved
l.pw,pw,undelegated inactive premium,premium
l.py,py,disallowed,disallowed
l.qa,qa,undelegated disallowed,disallowed
l.re,re,reserved,reserved
l.ro,ro,undelegated active,active
l.rs,rs,undelegated disallowed,disallowed
l.ru,ru,reserved,reserved
l.rw,rw,marketed priced active,active
l.sa,sa,undelegated,undelegated
l.sb,sb,active,active
l.sc,sc,marketed priced undelegated inactive premium,premium
l.sd,sd,undelegated active,active
l.se,l.se,undelegated zone,zone
l.sg,sg,active,active
l.sh,sh,active,active
l.si,si,undelegated disallowed,disallowed
l.sj,sj,disallowed,disallowed
l.sk,sk,undelegated active,active
l.sl,sl,undelegated,undelegated
l.sm,sm,undelegated,undelegated
l.sn,sn,disallowed,disallowed
l.so,so,undelegated active,active
l.sr,sr,undelegated,undelegated
l.ss,ss,undelegated,undelegated
l.st,st,active,active
l.su,su,undelegated reserved,reserved
l.sv,sv,active,active
l.sx,sx,undelegated disallowed,disallowed
l.sy,sy,undelegated reserved,reserved
l.sz,sz,undelegated,undelegated
l.tc,tc,active,active
l.td,td,marketed priced active,active
l.tf,tf,reserved,reserved
l.tg,tg,undelegated inactive,inactive
l.th,th,disallowed,disallowed
l.tj,tj,active,active
l.tk,tk,undelegated,undelegated
l.tl,tl,active,active
l.tm,tm,active,active
l.tn,tn,undelegated,undelegated
l.to,to,active,active
l.tp,tp,disallowed,disallowed
l.tr,tr,disallowed,disallowed
l.tt,tt,active,active
l.tv,tv,marketed active,active
l.tw,tw,undelegated inactive,inactive
l.tz,tz,disallowed,disallowed
l.ua,ua,active,active
l.ug,ug,undelegated,undelegated
l.uk,uk,marketed priced active,active
l.um,um,disallowed,disallowed
l.us,us,undelegated active,active
l.uy,uy,marketed priced active parked,parked
l.uz,uz,undelegated inactive,inactive
l.va,va,undelegated active,active
l.vc,vc,undelegated active,active
l.ve,ve,disallowed,disallowed
l.vg,vg,premium active,active
l.vi,vi,disallowed,disallowed
l.vn,vn,undelegated active,active
l.vu,vu,active,active
l.wf,wf,reserved,reserved
l.ws,ws,inactive premium,premium
l.ye,ye,disallowed,disallowed
l.yt,yt,reserved,reserved
l.za,za,disallowed,disallowed
l.zm,zm,undelegated inactive,inactive
l.zw,zw,undelegated,undelegated
m.ac,ac,active,active
m.ad,ad,undelegated inactive,inactive
m.ae,ae,undelegated disallowed,disallowed
m.af,af,marketed active,active
m.ag,ag,marketed active,active
m.ai,ai,active,active
m.al,al,undelegated,undelegated
m.am,am,active,active
m.an,an,disallowed,disallowed
m.ao,ao,undelegated,undelegated
m.aq,aq,undelegated,undelegated
m.ar,ar,active,active
m.as,as,reserved,reserved
m.at,at,active,active
m.au,au,undelegated reserved,reserved
m.aw,aw,undelegated,undelegated
m.ax,ax,undelegated disallowed,disallowed
m.az,az,reserved,reserved
m.ba,ba,undelegated,undelegated
m.bb,bb,undelegated,undelegated
m.bd,bd,disallowed,disallowed
m.be,be,reserved,reserved
m.bf,bf,undelegated inactive,inactive
m.bg,m.bg,undelegated zone,zone
m.bh,bh,undelegated inactive premium,premium
m.bi,bi,undelegated reserved,reserved
m.bj,bj,undelegated,undelegated
m.bm,bm,undelegated inactive,inactive
m.bn,bn,undelegated inactive,inactive
m.bo,bo,active,active
m.br,br,undelegated disallowed,disallowed
m.bs,bs,undelegated,undelegated
m.bt,bt,undelegated,undelegated
m.bv,bv,disallowed,disallowed
m.bw,bw,undelegated active,active
m.by,by,undelegated,undelegated
m.bz,bz,marketed active parked,parked
m.ca,ca,reserved,reserved
m.cc,cc,active,active
m.cd,cd,active,active
m.cf,cf,undelegated,undelegated
m.cg,cg,active,active
m.ch,ch,reserved,reserved
m.ci,ci,active,active
m.ck,ck,disallowed,disallowed
m.cl,cl,active,active
m.cm,cm,marketed priced active,active
m.cn,cn,active,active
m.co,co,active,active
m.cr,cr,marketed active parked,parked
m.cu,cu,undelegated,undelegated
m.cv,cv,active,active
m.cw,cw,undelegated,undelegated
m.cx,cx,undelegated claimed,claimed
m.cy,cy,disallowed,disallowed
m.cz,cz,active,active
m.de,de,active,active
m.dj,dj,active,active
m.dk,dk,active,active
m.dm,dm,active,active
m.do,do,undelegated,undelegated
m.dz,dz,undelegated,undelegated
m.ec,ec,undelegated disallowed,disallowed
m.ee,ee,active,active
m.eg,eg,undelegated,undelegated
m.er,er,disallowed,disallowed
m.es,es,undelegated disallowed,disallowed
m.et,et,active,active
m.eu,eu,reserved,reserved
m.fi,fi,undelegated disallowed,disallowed
m.fj,fj,undelegated inactive,inactive
m.fk,fk,disallowed,disallowed
m.fm,fm,active,active
m.fo,fo,active,active
m.fr,fr,reserved,reserved
m.ga,ga,undelegated active,active
m.gb,gb,disallowed,disallowed
m.gd,gd,active,active
m.ge,ge,undelegated active,active
m.gf,gf,undelegated inactive,inactive
m.gg,gg,active,active
m.gh,gh,disallowed,disallowed
m.gi,gi,undelegated inactive,inactive
m.gl,gl,undelegated active,active
m.gm,gm,undelegated,undelegated
m.gn,gn,disallowed,disallowed
m.gp,gp,active,active
m.gq,gq,undelegated inactive,inactive
m.gr,gr,undelegated active,active
m.gs,gs,marketed active parked,parked
m.gt,gt,active,active
m.gu,gu,undelegated,undelegated
m.gw,gw,undelegated,undelegated
m.gy,gy,undelegated inactive,inactive
m.hk,hk,reserved,reserved
m.hm,hm,active,active
m.hn,hn,active,active
m.hr,hr,active,active
m.ht,ht,active,active
m.hu,hu,undelegated disallowed,disallowed
m.id,id,reserved,reserved
m.ie,ie,active,active
m.il,il,disallowed,disallowed
m.im,im,marketed premium active,active
m.in,in,reserved,reserved
m.io,io,active,active
m.iq,iq,undelegated,undelegated
m.ir,ir,undelegated,undelegated
m.is,is,active,active
m.it,it,undelegated disallowed,disallowed
m.je,je,active,active
m.jm,jm,disallowed,disallowed
m.jo,jo,undelegated,undelegated
m.jp,jp,undelegated disallowed,disallowed
m.ke,ke,disallowed,disallowed
m.kg,kg,active,active
m.kh,kh,undelegated,undelegated
m.ki,ki,active,active
m.km,km,undelegated,undelegated
m.kn,kn,undelegated,undelegated
m.kp,kp,undelegated,undelegated
m.kr,kr,undelegated reserved,reserved
m.kw,kw,undelegated,undelegated
m.ky,ky,active,active
m.kz,kz,active,active
m.la,la,active,active
m.lb,lb,disallowed,disallowed
m.lc,lc,active,active
m.li,li,reserved,reserved
m.lk,lk,disallowed,disallowed
m.lr,lr,disallowed,disallowed
m.ls,ls,active,active
m.lt,lt,undelegated disallowed,disallowed
m.lu,lu,active,active
m.lv,lv,undelegated disallowed,disallowed
m.ly,ly,marketed priced active,active
m.ma,ma,undelegated disallowed,disallowed
m.mc,mc,undelegated,undelegated
m.md,md,undelegated disallowed,disallowed
m.me,me,active,active
m.mf,mf,disallowed,disallowed
m.mg,mg,undelegated active,active
m.mh,mh,disallowed,disallowed
m.mk,mk,active,active
m.ml,ml,marketed active parked,parked
m.mm,mm,disallowed,disallowed
m.mn,mn,undelegated active,active
m.mo,mo,undelegated inactive,inactive
m.mp,mp,reserved,reserved
m.mq,mq,undelegated inactive,inactive
m.mr,mr,marketed priced active,active
m.ms,ms,active,active
m.mt,mt,undelegated,undelegated
m.mu,mu,undelegated active,active
m.mv,mv,undelegated,undelegated
m.mw,mw,active,active
m.mx,mx,undelegated reserved,reserved
m.my,my,active,active
m.mz,mz,disallowed,disallowed
m.na,na,undelegated,undelegated
m.nc,nc,reserved,reserved
m.ne,ne,undelegated,undelegated
m.nf,nf,marketed priced active,active
m.ng,ng,undelegated,undelegated
m.ni,ni,disallowed,disallowed
m.nl,nl,reserved,reserved
m.no,no,undelegated inactive,inactive
m.np,np,disallowed,disallowed
m.nr,nr,active,active
m.nu,nu,active,active
m.nz,nz,undelegated reserved,reserved
m.om,om,undelegated reserved,reserved
m.pa,pa,undelegated,undelegated
m.pe,pe,marketed priced active parked,parked
m.pf,pf,undelegated,undelegated
m.pg,pg,undelegated inactive,inactive
m.ph,ph,disallowed,disallowed
m.pk,pk,undelegated inactive,inactive
m.pl,pl,active,active
m.pm,pm,reserved,reserved
m.pn,pn,active,active
m.pr,pr,active,active
m.ps,ps,undelegated active,active
m.pt,pt,reserved,reserved
m.pw,pw,undelegated inactive premium,premium
m.py,py,disallowed,disallowed
m.qa,qa,undelegated disallowed,disallowed
m.re,re,reserved,reserved
m.ro,ro,active,active
m.rs,rs,undelegated disallowed,disallowed
m.ru,ru,reserved,reserved
m.rw,rw,marketed active parked,parked
m.sa,sa,undelegated,undelegated
m.sb,sb,active,active
m.sc,sc,active,active
m.sd,sd,undelegated active,active
m.se,m.se,undelegated zone,zone
m.sg,sg,active,active
m.sh,sh,active,active
m.si,si,undelegated disallowed,disallowed
m.sj,sj,disallowed,disallowed
m.sk,sk,undelegated active,active
m.sl,sl,active,active
m.sm,sm,undelegated,undelegated
m.sn,sn,disallowed,disallowed
m.so,so,undelegated active,active
m.sr,sr,undelegated,undelegated
m.ss,ss,undelegated,undelegated
m.st,st,active,active
m.su,su,undelegated reserved,reserved
m.sv,sv,active,active
m.sx,sx,undelegated disallowed,disallowed
m.sy,sy,undelegated reserved,reserved
m.sz,sz,undelegated,undelegated
m.tc,tc,active,active
m.td,td,active,active
m.tf,tf,reserved,reserved
m.tg,tg,undelegated inactive,inactive
m.th,th,disallowed,disallowed
m.tj,tj,active,active
m.tk,tk,undelegated,undelegated
m.tl,tl,active,active
m.tm,tm,active,active
m.tn,tn,undelegated,undelegated
m.to,to,active,active
m.tp,tp,disallowed,disallowed
m.tr,tr,disallowed,disallowed
m.tt,tt,active,active
m.tv,tv,active,active
m.tw,tw,undelegated inactive,inactive
m.tz,tz,disallowed,disallowed
m.ua,ua,active,active
m.ug,ug,undelegated,undelegated
m.uk,uk,active,active
m.um,um,disallowed,disallowed
m.us,us,undelegated active,active
m.uy,uy,active,active
m.uz,uz,undelegated inactive,inactive
m.va,va,undelegated active,active
m.vc,vc,undelegated active,active
m.ve,ve,disallowed,disallowed
m.vg,vg,premium active,active
m.vi,vi,disallowed,disallowed
m.vn,vn,undelegated active,active
m.vu,vu,active,active
m.wf,wf,reserved,reserved
m.ws,ws,inactive premium,premium
m.ye,ye,disallowed,disallowed
m.yt,yt,reserved,reserved
m.za,za,disallowed,disallowed
m.zm,zm,undelegated inactive,inactive
m.zw,zw,undelegated,undelegated
n.ac,ac,active,active
n.ad,ad,undelegated inactive,inactive
n.ae,ae,undelegated disallowed,disallowed
n.af,af,active,active
n.ag,ag,active,active
n.ai,ai,active,active
n.al,al,undelegated,undelegated
n.am,am,active,active
n.an,an,disallowed,disallowed
n.ao,ao,undelegated,undelegated
n.aq,aq,undelegated,undelegated
n.ar,ar,marketed active,active
n.as,as,reserved,reserved
n.at,at,active,active
n.au,au,undelegated reserved,reserved
n.aw,aw,undelegated,undelegated
n.ax,ax,undelegated disallowed,disallowed
n.az,az,reserved,reserved
n.ba,ba,undelegated,undelegated
n.bb,bb,undelegated,undelegated
n.bd,bd,disallowed,disallowed
n.be,be,reserved,reserved
n.bf,bf,undelegated inactive,inactive
n.bg,n.bg,undelegated zone,zone
n.bh,bh,undelegated premium active,active
n.bi,bi,undelegated reserved,reserved
n.bj,bj,undelegated,undelegated
n.bm,bm,undelegated inactive,inactive
n.bn,bn,undelegated inactive,inactive
n.bo,bo,active,active
n.br,br,undelegated disallowed,disallowed
n.bs,bs,undelegated,undelegated
n.bt,bt,undelegated,undelegated
n.bv,bv,disallowed,disallowed
n.bw,bw,active,active
n.by,by,undelegated,undelegated
n.bz,bz,active,active
n.ca,ca,reserved,reserved
n.cc,cc,active,active
n.cd,cd,active,active
n.cf,cf,undelegated,undelegated
n.cg,cg,marketed active parked,parked
n.ch,ch,reserved,reserved
n.ci,ci,undelegated active,active
n.ck,ck,disallowed,disallowed
n.cl,cl,active,active
n.cm,cm,active,active
n.cn,cn,active,active
n.co,co,marketed active,active
n.cr,cr,active,active
n.cu,cu,undelegated,undelegated
n.cv,cv,active,active
n.cw,cw,undelegated,undelegated
n.cx,cx,active,active
n.cy,cy,disallowed,disallowed
n.cz,cz,active,active
n.de,de,active,active
n.dj,dj,undelegated,undelegated
n.dk,dk,active,active
n.dm,dm,undelegated active,active
n.do,do,undelegated,undelegated
n.dz,dz,undelegated,undelegated
n.ec,ec,undelegated disallowed,disallowed
n.ee,ee,active,active
n.eg,eg,undelegated,undelegated
n.er,er,disallowed,disallowed
n.es,es,undelegated disallowed,disallowed
n.et,et,active,active
n.eu,eu,reserved,reserved
n.fi,fi,undelegated disallowed,disallowed
n.fj,fj,undelegated inactive,inactive
n.fk,fk,disallowed,disallowed
n.fm,fm,active,active
n.fo,fo,active,active
n.fr,fr,reserved,reserved
n.ga,ga,undelegated active,active
n.gb,gb,disallowed,disallowed
n.gd,gd,premium active,active
n.ge,ge,undelegated active,active
n.gf,gf,undelegated inactive,inactive
n.gg,gg,active,active
n.gh,gh,disallowed,disallowed
n.gi,gi,undelegated inactive,inactive
n.gl,gl,active,active
n.gm,gm,undelegated,undelegated
n.gn,gn,disallowed,disallowed
n.gp,gp,active,active
n.gq,gq,undelegated inactive,inactive
n.gr,gr,undelegated active,active
n.gs,gs,active,active
n.gt,gt,active,active
n.gu,gu,undelegated,undelegated
n.gw,gw,undelegated,undelegated
n.gy,gy,undelegated active,active
n.hk,hk,reserved,reserved
n.hm,hm,active,active
n.hn,hn,active,active
n.hr,hr,active,active
n.ht,ht,marketed priced active,active
n.hu,hu,undelegated disallowed,disallowed
n.id,id,reserved,reserved
n.ie,ie,marketed active,active
n.il,il,disallowed,disallowed
n.im,im,undelegated premium active,active
n.in,in,reserved,reserved
n.io,io,marketed undelegated premium reserved,reserved
n.iq,iq,undelegated,undelegated
n.ir,ir,undelegated,undelegated
n.is,is,active,active
n.it,it,undelegated disallowed,disallowed
n.je,je,active,active
n.jm,jm,disallowed,disallowed
n.jo,jo,undelegated,undelegated
n.jp,jp,undelegated disallowed,disallowed
n.ke,ke,disallowed,disallowed
n.kg,kg,active,active
n.kh,kh,undelegated,undelegated
n.ki,ki,active,active
n.km,km,undelegated,undelegated
n.kn,kn,undelegated,undelegated
n.kp,kp,undelegated,undelegated
n.kr,kr,undelegated reserved,reserved
n.kw,kw,undelegated,undelegated
n.ky,ky,undelegated reserved,reserved
n.kz,kz,active,active
n.la,la,active,active
n.lb,lb,disallowed,disallowed
n.lc,lc,active,active
n.li,li,reserved,reserved
n.lk,lk,disallowed,disallowed
n.lr,lr,disallowed,disallowed
n.ls,ls,active,active
n.lt,lt,undelegated disallowed,disallowed
n.lu,lu,active,active
n.lv,lv,undelegated disallowed,disallowed
n.ly,ly,claimed active,active
n.ma,ma,undelegated disallowed,disallowed
n.mc,mc,undelegated,undelegated
n.md,md,marketed undelegated claimed,claimed
n.me,me,active,active
n.mf,mf,disallowed,disallowed
n.mg,mg,undelegated active,active
n.mh,mh,disallowed,disallowed
n.mk,mk,active,active
n.ml,ml,undelegated inactive,inactive
n.mm,mm,disallowed,disallowed
n.mn,mn,undelegated active,active
n.mo,mo,undelegated inactive,inactive
n.mp,mp,reserved,reserved
n.mq,mq,undelegated inactive,inactive
n.mr,mr,active,active
n.ms,ms,marketed priced active,active
n.mt,mt,undelegated,undelegated
n.mu,mu,undelegated active,active
n.mv,mv,undelegated,undelegated
n.mw,mw,active,active
n.mx,mx,undelegated reserved,reserved
n.my,my,active,active
n.mz,mz,disallowed,disallowed
n.na,na,undelegated,undelegated
n.nc,nc,reserved,reserved
n.ne,ne,undelegated,undelegated
n.nf,nf,active,active
n.ng,ng,undelegated,undelegated
n.ni,ni,disallowed,disallowed
n.nl,nl,reserved,reserved
n.no,no,undelegated inactive,inactive
n.np,np,disallowed,disallowed
n.nr,nr,undelegated,undelegated
n.nu,nu,active,active
n.nz,nz,undelegated reserved,reserved
n.om,om,undelegated reserved,reserved
n.pa,pa,undelegated,undelegated
n.pe,pe,marketed priced active,active
n.pf,pf,undelegated,undelegated
n.pg,pg,undelegated inactive,inactive
n.ph,ph,disallowed,disallowed
n.pk,pk,undelegated inactive,inactive
n.pl,pl,active,active
n.pm,pm,reserved,reserved
n.pn,pn,active,active
n.pr,pr,active,active
n.ps,ps,undelegated active,active
n.pt,pt,reserved,reserved
n.pw,pw,undelegated inactive premium,premium
n.py,py,disallowed,disallowed
n.qa,qa,undelegated disallowed,disallowed
n.re,re,reserved,reserved
n.ro,ro,active,active
n.rs,rs,undelegated disallowed,disallowed
n.ru,ru,reserved,reserved
n.rw,rw,marketed priced active,active
n.sa,sa,undelegated,undelegated
n.sb,sb,marketed active parked,parked
n.sc,sc,undelegated inactive premium,premium
n.sd,sd,active,active
n.se,n.se,undelegated zone,zone
n.sg,sg,undelegated reserved,reserved
n.sh,sh,active,active
n.si,si,undelegated disallowed,disallowed
n.sj,sj,disallowed,disallowed
n.sk,sk,active,active
n.sl,sl,marketed active,active
n.sm,sm,undelegated,undelegated
n.sn,sn,disallowed,disallowed
n.so,so,undelegated active,active
n.sr,sr,undelegated,undelegated
n.ss,ss,undelegated,undelegated
n.st,st,marketed active,active
n.su,su,undelegated reserved,reserved
n.sv,sv,active,active
n.sx,sx,undelegated disallowed,disallowed
n.sy,sy,undelegated reserved,reserved
n.sz,sz,undelegated,undelegated
n.tc,tc,active,active
n.td,td,marketed active,active
n.tf,tf,reserved,reserved
n.tg,tg,undelegated inactive,inactive
n.th,th,disallowed,disallowed
n.tj,tj,active,active
n.tk,tk,undelegated,undelegated
n.tl,tl,active,active
n.tm,tm,active,active
n.tn,tn,undelegated,undelegated
n.to,to,active,active
n.tp,tp,disallowed,disallowed
n.tr,tr,disallowed,disallowed
n.tt,tt,active,active
n.tv,tv,active,active
n.tw,tw,undelegated inactive,inactive
n.tz,tz,disallowed,disallowed
n.ua,ua,active,active
n.ug,ug,undelegated,undelegated
n.uk,uk,active,active
n.um,um,disallowed,disallowed
n.us,us,undelegated active,active
n.uy,uy,active,active
n.uz,uz,undelegated inactive,inactive
n.va,va,undelegated active,active
n.vc,vc,undelegated active,active
n.ve,ve,disallowed,disallowed
n.vg,vg,premium active,active
n.vi,vi,disallowed,disallowed
n.vn,vn,undelegated active,active
n.vu,vu,marketed active parked,parked
n.wf,wf,reserved,reserved
n.ws,ws,inactive premium,premium
n.ye,ye,disallowed,disallowed
n.yt,yt,reserved,reserved
n.za,za,disallowed,disallowed
n.zm,zm,undelegated inactive,inactive
n.zw,zw,undelegated,undelegated
o.ac,ac,active,active
o.ad,ad,undelegated inactive,inactive
o.ae,ae,undelegated disallowed,disallowed
o.af,af,active,active
o.ag,ag,active,active
o.ai,ai,undelegated active,active
o.al,al,undelegated,undelegated
o.am,am,active,active
o.an,an,disallowed,disallowed
o.ao,ao,undelegated,undelegated
o.aq,aq,undelegated,undelegated
o.ar,ar,active,active
o.as,as,reserved,reserved
o.at,at,active,active
o.au,au,undelegated reserved,reserved
o.aw,aw,undelegated,undelegated
o.ax,ax,undelegated disallowed,disallowed
o.az,az,reserved,reserved
o.ba,ba,undelegated,undelegated
o.bb,bb,undelegated,undelegated
o.bd,bd,disallowed,disallowed
o.be,be,reserved,reserved
o.bf,bf,undelegated inactive,inactive
o.bg,o.bg,undelegated zone,zone
o.bh,bh,undelegated inactive premium,premium
o.bi,bi,undelegated reserved,reserved
o.bj,bj,undelegated,undelegated
o.bm,bm,undelegated inactive,inactive
o.bn,bn,undelegated inactive,inactive
o.bo,bo,active,active
o.br,br,undelegated disallowed,disallowed
o.bs,bs,undelegated,undelegated
o.bt,bt,undelegated,undelegated
o.bv,bv,disallowed,disallowed
o.bw,bw,active,active
o.by,by,undelegated,undelegated
o.bz,bz,undelegated reserved,reserved
o.ca,ca,reserved,reserved
o.cc,cc,marketed priced active,active
o.cd,cd,active,active
o.cf,cf,undelegated,undelegated
o.cg,cg,active,active
o.ch,ch,reserved,reserved
o.ci,ci,undelegated active,active
o.ck,ck,disallowed,disallowed
o.cl,cl,marketed active parked,parked
o.cm,cm,active,active
o.cn,cn,active,active
o.co,co,active,active
o.cr,cr,active,active
o.cu,cu,undelegated,undelegated
o.cv,cv,active,active
o.cw,cw,undelegated,undelegated
o.cx,cx,active,active
o.cy,cy,disallowed,disallowed
o.cz,cz,active,active
o.de,de,active,active
o.dj,dj,undelegated,undelegated
o.dk,dk,active,active
o.dm,dm,undelegated active,active
o.do,do,undelegated,undelegated
o.dz,dz,undelegated,undelegated
o.ec,ec,undelegated disallowed,disallowed
o.ee,ee,active,active
o.eg,eg,undelegated,undelegated
o.er,er,disallowed,disallowed
o.es,es,undelegated disallowed,disallowed
o.et,et,marketed active parked,parked
o.eu,eu,reserved,reserved
o.fi,fi,undelegated disallowed,disallowed
o.fj,fj,undelegated inactive,inactive
o.fk,fk,disallowed,disallowed
o.fm,fm,active,active
o.fo,fo,undelegated active,active
o.fr,fr,reserved,reserved
o.ga,ga,undelegated active,active
o.gb,gb,disallowed,disallowed
o.gd,gd,active,active
o.ge,ge,undelegated active,active
o.gf,gf,undelegated inactive,inactive
o.gg,gg,active,active
o.gh,gh,disallowed,disallowed
o.gi,gi,undelegated inactive,inactive
o.gl,gl,undelegated active,active
o.gm,gm,undelegated,undelegated
o.gn,gn,disallowed,disallowed
o.gp,gp,active,active
o.gq,gq,undelegated inactive,inactive
o.gr,gr,undelegated active,active
o.gs,gs,marketed priced active,active
o.gt,gt,undelegated,undelegated
o.gu,gu,undelegated,undelegated
o.gw,gw,undelegated,undelegated
o.gy,gy,marketed priced active,active
o.hk,hk,reserved,reserved
o.hm,hm,active,active
o.hn,hn,active,active
o.hr,hr,undelegated disallowed,disallowed
o.ht,ht,active,active
o.hu,hu,undelegated disallowed,disallowed
o.id,id,reserved,reserved
o.ie,ie,active,active
o.il,il,disallowed,disallowed
o.im,im,undelegated premium active,active
o.in,in,reserved,reserved
o.io,io,active,active
o.iq,iq,undelegated,undelegated
o.ir,ir,undelegated,undelegated
o.is,is,active,active
o.it,it,undelegated disallowed,disallowed
o.je,je,active,active
o.jm,jm,disallowed,disallowed
o.jo,jo,undelegated,undelegated
o.jp,jp,undelegated disallowed,disallowed
o.ke,ke,disallowed,disallowed
o.kg,kg,active,active
o.kh,kh,undelegated,undelegated
o.ki,ki,active,active
o.km,km,undelegated,undelegated
o.kn,kn,undelegated,undelegated
o.kp,kp,undelegated,undelegated
o.kr,kr,undelegated reserved,reserved
o.kw,kw,undelegated,undelegated
o.ky,ky,undelegated reserved,reserved
o.kz,kz,active,active
o.la,la,active,active
o.lb,lb,disallowed,disallowed
o.lc,lc,active,active
o.li,li,reserved,reserved
o.lk,lk,disallowed,disallowed
o.lr,lr,disallowed,disallowed
o.ls,ls,active,active
o.lt,lt,undelegated disallowed,disallowed
o.lu,lu,active,active
o.lv,lv,undelegated disallowed,disallowed
o.ly,ly,active,active
o.ma,ma,undelegated disallowed,disallowed
o.mc,mc,undelegated,undelegated
o.md,md,marketed undelegated disallowed,disallowed
o.me,me,active,active
o.mf,mf,disallowed,disallowed
o.mg,mg,undelegated active,active
o.mh,mh,disallowed,disallowed
o.mk,mk,active,active
o.ml,ml,undelegated inactive premium,premium
o.mm,mm,disallowed,disallowed
o.mn,mn,undelegated active,active
o.mo,mo,undelegated inactive,inactive
o.mp,mp,reserved,reserved
o.mq,mq,undelegated inactive,inactive
o.mr,mr,active,active
o.ms,ms,active,active
o.mt,mt,unknown,unknown
o.mu,mu,undelegated active,active
o.mv,mv,undelegated,undelegated
o.mw,mw,active,active
o.mx,mx,undelegated reserved,reserved
o.my,my,active,active
o.mz,mz,disallowed,disallowed
o.na,na,undelegated,undelegated
o.nc,nc,reserved,reserved
o.ne,ne,marketed priced active,active
o.nf,nf,active,active
o.ng,ng,undelegated,undelegated
o.ni,ni,disallowed,disallowed
o.nl,nl,reserved,reserved
o.no,no,undelegated inactive,inactive
o.np,np,disallowed,disallowed
o.nr,nr,undelegated,undelegated
o.nu,nu,active,active
o.nz,nz,active,active
o.om,om,undelegated reserved,reserved
o.pa,pa,undelegated,undelegated
o.pe,pe,active,active
o.pf,pf,undelegated,undelegated
o.pg,pg,undelegated,undelegated
o.ph,ph,disallowed,disallowed
o.pk,pk,undelegated inactive,inactive
o.pl,pl,active,active
o.pm,pm,reserved,reserved
o.pn,pn,active,active
o.pr,pr,undelegated active,active
o.ps,ps,undelegated active,active
o.pt,pt,reserved,reserved
o.pw,pw,undelegated inactive premium,premium
o.py,py,disallowed,disallowed
o.qa,qa,disallowed,disallowed
o.re,re,reserved,reserved
o.ro,ro,active,active
o.rs,rs,undelegated disallowed,disallowed
o.ru,ru,reserved,reserved
o.rw,rw,marketed priced active,active
o.sa,sa,undelegated,undelegated
o.sb,sb,marketed active parked,parked
o.sc,sc,active,active
o.sd,sd,undelegated active,active
o.se,o.se,undelegated zone,zone
o.sg,sg,undelegated reserved,reserved
o.sh,sh,active,active
o.si,si,undelegated disallowed,disallowed
o.sj,sj,disallowed,disallowed
o.sk,sk,active,active
o.sl,sl,undelegated,undelegated
o.sm,sm,undelegated,undelegated
o.sn,sn,disallowed,disallowed
o.so,so,undelegated active,active
o.sr,sr,undelegated,undelegated
o.ss,ss,undelegated,undelegated
o.st,st,active,active
o.su,su,undelegated reserved,reserved
o.sv,sv,active,active
o.sx,sx,undelegated disallowed,disallowed
o.sy,sy,undelegated reserved,reserved
o.sz,sz,undelegated,undelegated
o.tc,tc,active,active
o.td,td,marketed priced active,active
o.tf,tf,reserved,reserved
o.tg,tg,undelegated inactive,inactive
o.th,th,disallowed,disallowed
o.tj,tj,active,active
o.tk,tk,undelegated,undelegated
o.tl,tl,active,active
o.tm,tm,active,active
o.tn,tn,undelegated,undelegated
o.to,to,active,active
o.tp,tp,disallowed,disallowed
o.tr,tr,disallowed,disallowed
o.tt,tt,active,active
o.tv,tv,active,active
o.tw,tw,undelegated inactive,inactive
o.tz,tz,disallowed,disallowed
o.ua,ua,active,active
o.ug,ug,undelegated,undelegated
o.uk,uk,active,active
o.um,um,disallowed,disallowed
o.us,us,undelegated active,active
o.uy,uy,marketed active,active
o.uz,uz,undelegated inactive,inactive
o.va,va,active,active
o.vc,vc,undelegated active,active
o.ve,ve,disallowed,disallowed
o.vg,vg,premium active,active
o.vi,vi,disallowed,disallowed
o.vn,vn,undelegated active,active
o.vu,vu,active,active
o.wf,wf,reserved,reserved
o.ws,ws,inactive premium,premium
o.ye,ye,disallowed,disallowed
o.yt,yt,reserved,reserved
o.za,za,disallowed,disallowed
o.zm,zm,undelegated inactive,inactive
o.zw,zw,undelegated,undelegated
p.ac,ac,active,active
p.ad,ad,undelegated inactive,inactive
p.ae,ae,undelegated disallowed,disallowed
p.af,af,marketed priced active parked,parked
p.ag,ag,active,active
p.ai,ai,active,active
p.al,al,undelegated,undelegated
p.am,am,active,active
p.an,an,disallowed,disallowed
p.ao,ao,undelegated,undelegated
p.aq,aq,undelegated,undelegated
p.ar,ar,active,active
p.as,as,reserved,reserved
p.at,at,active,active
p.au,au,undelegated reserved,reserved
p.aw,aw,undelegated,undelegated
p.ax,ax,undelegated disallowed,disallowed
p.az,az,reserved,reserved
p.ba,ba,undelegated,undelegated
p.bb,bb,undelegated,undelegated
p.bd,bd,disallowed,disallowed
p.be,be,reserved,reserved
p.bf,bf,undelegated inactive,inactive
p.bg,p.bg,undelegated zone,zone
p.bh,bh,undelegated inactive premium,premium
p.bi,bi,undelegated reserved,reserved
p.bj,bj,undelegated,undelegated
p.bm,bm,undelegated inactive,inactive
p.bn,bn,undelegated inactive,inactive
p.bo,bo,active,active
p.br,br,undelegated disallowed,disallowed
p.bs,bs,undelegated,undelegated
p.bt,bt,undelegated,undelegated
p.bv,bv,disallowed,disallowed
p.bw,bw,active,active
p.by,by,undelegated,undelegated
p.bz,bz,marketed active,active
p.ca,ca,reserved,reserved
p.cc,cc,marketed priced active,active
p.cd,cd,active,active
p.cf,cf,undelegated,undelegated
p.cg,cg,active,active
p.ch,ch,reserved,reserved
p.ci,ci,undelegated active,active
p.ck,ck,disallowed,disallowed
p.cl,cl,active,active
p.cm,cm,marketed active,active
p.cn,cn,active,active
p.co,co,marketed active,active
p.cr,cr,marketed priced active,active
p.cu,cu,undelegated,undelegated
p.cv,cv,active,active
p.cw,cw,undelegated,undelegated
p.cx,cx,active,active
p.cy,cy,disallowed,disallowed
p.cz,cz,active,active
p.de,de,active,active
p.dj,dj,undelegated,undelegated
p.dk,dk,active,active
p.dm,dm,active,active
p.do,do,undelegated,undelegated
p.dz,dz,undelegated,undelegated
p.ec,ec,undelegated disallowed,disallowed
p.ee,ee,marketed undelegated active,active
p.eg,eg,undelegated,undelegated
p.er,er,disallowed,disallowed
p.es,es,undelegated disallowed,disallowed
p.et,et,active,active
p.eu,eu,reserved,reserved
p.fi,fi,undelegated disallowed,disallowed
p.fj,fj,inactive,inactive
p.fk,fk,disallowed,disallowed
p.fm,fm,active,active
p.fo,fo,active,active
p.fr,fr,reserved,reserved
p.ga,ga,undelegated active,active
p.gb,gb,disallowed,disallowed
p.gd,gd,active,active
p.ge,ge,undelegated active,active
p.gf,gf,undelegated inactive,inactive
p.gg,gg,active,active
p.gh,gh,disallowed,disallowed
p.gi,gi,undelegated inactive,inactive
p.gl,gl,marketed active parked,parked
p.gm,gm,undelegated,undelegated
p.gn,gn,disallowed,disallowed
p.gp,gp,active,active
p.gq,gq,undelegated inactive,inactive
p.gr,gr,undelegated active,active
p.gs,gs,marketed priced active,active
p.gt,gt,active,active
p.gu,gu,undelegated,undelegated
p.gw,gw,undelegated,undelegated
p.gy,gy,active,active
p.hk,hk,reserved,reserved
p.hm,hm,active,active
p.hn,hn,active,active
p.hr,hr,disallowed active,active
p.ht,ht,undelegated active,active
p.hu,hu,active,active
p.id,id,reserved,reserved
p.ie,ie,active,active
p.il,il,disallowed,disallowed
p.im,im,premium active,active
p.in,in,reserved,reserved
p.io,io,marketed priced active,active
p.iq,iq,undelegated,undelegated
p.ir,ir,undelegated,undelegated
p.is,is,active,active
p.it,it,undelegated disallowed,disallowed
p.je,je,active,active
p.jm,jm,disallowed,disallowed
p.jo,jo,undelegated,undelegated
p.jp,jp,disallowed,disallowed
p.ke,ke,disallowed,disallowed
p.kg,kg,active,active
p.kh,kh,undelegated,undelegated
p.ki,ki,active,active
p.km,km,undelegated,undelegated
p.kn,kn,undelegated,undelegated
p.kp,kp,undelegated,undelegated
p.kr,kr,undelegated reserved,reserved
p.kw,kw,undelegated,undelegated
p.ky,ky,reserved,reserved
p.kz,kz,active,active
p.la,la,active,active
p.lb,lb,disallowed,disallowed
p.lc,p.lc,active zone,zone
p.li,li,reserved,reserved
p.lk,lk,disallowed,disallowed
p.lr,lr,disallowed,disallowed
p.ls,ls,marketed active,active
p.lt,lt,undelegated disallowed,disallowed
p.lu,lu,active,active
p.lv,lv,undelegated disallowed,disallowed
p.ly,ly,undelegated inactive,inactive
p.ma,ma,undelegated disallowed,disallowed
p.mc,mc,undelegated,undelegated
p.md,md,undelegated disallowed,disallowed
p.me,me,inactive premium,premium
p.mf,mf,disallowed,disallowed
p.mg,mg,undelegated active,active
p.mh,mh,disallowed,disallowed
p.mk,mk,active,active
p.ml,ml,undelegated inactive,inactive
p.mm,mm,disallowed,disallowed
p.mn,mn,undelegated active,active
p.mo,mo,undelegated inactive,inactive
p.mp,mp,reserved,reserved
p.mq,mq,undelegated inactive,inactive
p.mr,mr,marketed active parked,parked
p.ms,ms,active,active
p.mt,mt,undelegated,undelegated
p.mu,mu,undelegated active,active
p.mv,mv,undelegated,undelegated
p.mw,mw,active,active
p.mx,mx,undelegated reserved,reserved
p.my,my,active,active
p.mz,mz,disallowed,disallowed
p.na,na,undelegated,undelegated
p.nc,nc,reserved,reserved
p.ne,ne,undelegated,undelegated
p.nf,nf,active,active
p.ng,ng,undelegated,undelegated
p.ni,ni,disallowed,disallowed
p.nl,nl,reserved,reserved
p.no,no,undelegated inactive,inactive
p.np,np,disallowed,disallowed
p.nr,nr,undelegated,undelegated
p.nu,nu,marketed active,active
p.nz,nz,active,active
p.om,om,undelegated reserved,reserved
p.pa,pa,undelegated,undelegated
p.pe,pe,marketed active parked,parked
p.pf,pf,undelegated,undelegated
p.pg,pg,undelegated inactive,inactive
p.ph,ph,disallowed,disallowed
p.pk,pk,undelegated inactive,inactive
p.pl,pl,active,active
p.pm,pm,reserved,reserved
p.pn,pn,undelegated,undelegated
p.pr,pr,undelegated active,active
p.ps,ps,undelegated active,active
p.pt,pt,reserved,reserved
p.pw,pw,active,active
p.py,py,disallowed,disallowed
p.qa,qa,undelegated disallowed,disallowed
p.re,re,reserved,reserved
p.ro,ro,undelegated active,active
p.rs,rs,undelegated disallowed,disallowed
p.ru,ru,reserved,reserved
p.rw,rw,marketed priced active,active
p.sa,sa,undelegated,undelegated
p.sb,sb,active,active
p.sc,sc,active,active
p.sd,sd,active,active
p.se,p.se,undelegated zone,zone
p.sg,sg,undelegated reserved,reserved
p.sh,sh,active,active
p.si,si,undelegated disallowed,disallowed
p.sj,sj,disallowed,disallowed
p.sk,sk,active,active
p.sl,sl,undelegated reserved,reserved
p.sm,sm,undelegated,undelegated
p.sn,sn,disallowed,disallowed
p.so,so,undelegated disallowed,disallowed
p.sr,sr,undelegated,undelegated
p.ss,ss,undelegated,undelegated
p.st,st,active,active
p.su,su,undelegated reserved,reserved
p.sv,sv,active,active
p.sx,sx,undelegated disallowed,disallowed
p.sy,sy,undelegated reserved,reserved
p.sz,sz,undelegated,undelegated
p.tc,tc,active,active
p.td,td,active,active
p.tf,tf,reserved,reserved
p.tg,tg,undelegated inactive,inactive
p.th,th,disallowed,disallowed
p.tj,tj,active,active
p.tk,tk,undelegated,undelegated
p.tl,tl,active,active
p.tm,tm,active,active
p.tn,tn,undelegated,undelegated
p.to,to,active,active
p.tp,tp,disallowed,disallowed
p.tr,tr,disallowed,disallowed
p.tt,tt,active,active
p.tv,tv,marketed priced active,active
p.tw,tw,undelegated inactive,inactive
p.tz,tz,disallowed,disallowed
p.ua,ua,active,active
p.ug,ug,undelegated,undelegated
p.uk,uk,active,active
p.um,um,disallowed,disallowed
p.us,us,undelegated active,active
p.uy,uy,active,active
p.uz,uz,undelegated inactive,inactive
p.va,va,undelegated active,active
p.vc,vc,undelegated active,active
p.ve,ve,disallowed,disallowed
p.vg,vg,premium active,active
p.vi,vi,disallowed,disallowed
p.vn,vn,active,active
p.vu,vu,active,active
p.wf,wf,reserved,reserved
p.ws,ws,inactive premium,premium
p.ye,ye,disallowed,disallowed
p.yt,yt,reserved,reserved
p.za,za,disallowed,disallowed
p.zm,zm,undelegated inactive,inactive
p.zw,zw,undelegated,undelegated
q.ac,ac,active,active
q.ad,ad,undelegated inactive,inactive
q.ae,ae,undelegated disallowed,disallowed
q.af,af,marketed priced active parked,parked
q.ag,ag,active,active
q.ai,ai,active,active
q.al,al,undelegated,undelegated
q.am,am,active,active
q.an,an,disallowed,disallowed
q.ao,ao,undelegated,undelegated
q.aq,aq,undelegated,undelegated
q.ar,ar,marketed priced active,active
q.as,as,reserved,reserved
q.at,at,active,active
q.au,au,active,active
q.aw,aw,undelegated,undelegated
q.ax,ax,undelegated disallowed,disallowed
q.az,az,reserved,reserved
q.ba,ba,undelegated,undelegated
q.bb,bb,undelegated,undelegated
q.bd,bd,disallowed,disallowed
q.be,be,reserved,reserved
q.bf,bf,undelegated inactive,inactive
q.bg,q.bg,undelegated zone,zone
q.bh,bh,undelegated inactive premium,premium
q.bi,bi,undelegated reserved,reserved
q.bj,bj,undelegated,undelegated
q.bm,bm,undelegated inactive,inactive
q.bn,bn,undelegated inactive,inactive
q.bo,bo,active,active
q.br,br,undelegated disallowed,disallowed
q.bs,bs,undelegated,undelegated
q.bt,bt,undelegated,undelegated
q.bv,bv,disallowed,disallowed
q.bw,bw,active,active
q.by,by,undelegated,undelegated
q.bz,bz,undelegated reserved,reserved
q.ca,ca,reserved,reserved
q.cc,cc,marketed active,active
q.cd,cd,active,active
q.cf,cf,undelegated,undelegated
q.cg,cg,active,active
q.ch,ch,reserved,reserved
q.ci,ci,undelegated active,active
q.ck,ck,disallowed,disallowed
q.cl,cl,undelegated active,active
q.cm,cm,active,active
q.cn,cn,active,active
q.co,co,active,active
q.cr,cr,active,active
q.cu,cu,undelegated,undelegated
q.cv,cv,undelegated,undelegated
q.cw,cw,undelegated,undelegated
q.cx,cx,active,active
q.cy,cy,disallowed,disallowed
q.cz,cz,active,active
q.de,de,marketed active,active
q.dj,dj,undelegated,undelegated
q.dk,dk,active,active
q.dm,dm,undelegated active,active
q.do,do,undelegated,undelegated
q.dz,dz,undelegated,undelegated
q.ec,ec,undelegated disallowed,disallowed
q.ee,ee,active,active
q.eg,eg,undelegated,undelegated
q.er,er,disallowed,disallowed
q.es,es,undelegated disallowed,disallowed
q.et,et,active,active
q.eu,eu,reserved,reserved
q.fi,fi,undelegated disallowed,disallowed
q.fj,fj,undelegated inactive,inactive
q.fk,fk,disallowed,disallowed
q.fm,fm,marketed active,active
q.fo,fo,active,active
q.fr,fr,reserved,reserved
q.ga,ga,undelegated active,active
q.gb,gb,disallowed,disallowed
q.gd,gd,active,active
q.ge,ge,undelegated active,active
q.gf,gf,undelegated inactive,inactive
q.gg,gg,active,active
q.gh,gh,disallowed,disallowed
q.gi,gi,undelegated inactive,inactive
q.gl,gl,undelegated active,active
q.gm,gm,undelegated,undelegated
q.gn,gn,disallowed,disallowed
q.gp,gp,active,active
q.gq,gq,undelegated inactive,inactive
q.gr,gr,undelegated active,active
q.gs,gs,active,active
q.gt,gt,active,active
q.gu,gu,undelegated,undelegated
q.gw,gw,undelegated,undelegated
q.gy,gy,marketed priced undelegated inactive,inactive
q.hk,hk,reserved,reserved
q.hm,hm,active,active
q.hn,hn,undelegated active,active
q.hr,hr,active,active
q.ht,ht,active,active
q.hu,hu,undelegated disallowed,disallowed
q.id,id,reserved,reserved
q.ie,ie,marketed active,active
q.il,il,disallowed,disallowed
q.im,im,undelegated premium active,active
q.in,in,reserved,reserved
q.io,io,marketed priced active,active
q.iq,iq,undelegated,undelegated
q.ir,ir,undelegated,undelegated
q.is,is,active,active
q.it,it,undelegated disallowed,disallowed
q.je,je,active,active
q.jm,jm,disallowed,disallowed
q.jo,jo,undelegated,undelegated
q.jp,jp,undelegated disallowed,disallowed
q.ke,ke,disallowed,disallowed
q.kg,kg,active,active
q.kh,kh,undelegated,undelegated
q.ki,ki,undelegated active,active
q.km,km,undelegated,undelegated
q.kn,kn,undelegated,undelegated
q.kp,kp,undelegated,undelegated
q.kr,kr,undelegated reserved,reserved
q.kw,kw,undelegated,undelegated
q.ky,ky,undelegated reserved,reserved
q.kz,kz,active,active
q.la,la,active,active
q.lb,lb,disallowed,disallowed
q.lc,lc,active,active
q.li,li,reserved,reserved
q.lk,lk,disallowed,disallowed
q.lr,lr,disallowed,disallowed
q.ls,ls,active,active
q.lt,lt,undelegated disallowed,disallowed
q.lu,lu,active,active
q.lv,lv,undelegated disallowed,disallowed
q.ly,ly,active,active
q.ma,ma,undelegated disallowed,disallowed
q.mc,mc,undelegated,undelegated
q.md,md,undelegated disallowed,disallowed
q.me,me,marketed priced active,active
q.mf,mf,disallowed,disallowed
q.mg,mg,undelegated active,active
q.mh,mh,disallowed,disallowed
q.mk,mk,active,active
q.ml,ml,undelegated inactive,inactive
q.mm,mm,disallowed,disallowed
q.mn,mn,undelegated active,active
q.mo,mo,inactive,inactive
q.mp,mp,reserved,reserved
q.mq,mq,undelegated inactive,inactive
q.mr,mr,active,active
q.ms,ms,active,active
q.mt,mt,undelegated,undelegated
q.mu,mu,undelegated active,active
q.mv,mv,undelegated,undelegated
q.mw,mw,active,active
q.mx,mx,undelegated reserved,reserved
q.my,my,active,active
q.mz,mz,disallowed,disallowed
q.na,na,undelegated,undelegated
q.nc,nc,reserved,reserved
q.ne,ne,undelegated,undelegated
q.nf,nf,active,active
q.ng,ng,undelegated,undelegated
q.ni,ni,disallowed,disallowed
q.nl,nl,reserved,reserved
q.no,no,undelegated inactive,inactive
q.np,np,disallowed,disallowed
q.nr,nr,undelegated,undelegated
q.nu,nu,active,active
q.nz,nz,undelegated reserved,reserved
q.om,om,undelegated reserved,reserved
q.pa,pa,undelegated,undelegated
q.pe,pe,marketed priced claimed,claimed
q.pf,pf,undelegated,undelegated
q.pg,pg,undelegated inactive,inactive
q.ph,ph,disallowed,disallowed
q.pk,pk,undelegated inactive,inactive
q.pl,pl,active,active
q.pm,pm,reserved,reserved
q.pn,pn,active,active
q.pr,pr,undelegated active,active
q.ps,ps,undelegated active,active
q.pt,pt,reserved,reserved
q.pw,pw,undelegated inactive premium,premium
q.py,py,disallowed,disallowed
q.qa,qa,undelegated disallowed,disallowed
q.re,re,reserved,reserved
q.ro,ro,active,active
q.rs,rs,undelegated disallowed,disallowed
q.ru,ru,reserved,reserved
q.rw,rw,marketed priced active,active
q.sa,sa,undelegated,undelegated
q.sb,sb,undelegated claimed,claimed
q.sc,sc,undelegated inactive premium,premium
q.sd,sd,active,active
q.se,se,active,active
q.sg,sg,undelegated reserved,reserved
q.sh,sh,active,active
q.si,si,undelegated disallowed,disallowed
q.sj,sj,disallowed,disallowed
q.sk,sk,active,active
q.sl,sl,undelegated reserved,reserved
q.sm,sm,undelegated,undelegated
q.sn,sn,disallowed,disallowed
q.so,so,undelegated active,active
q.sr,sr,undelegated,undelegated
q.ss,ss,undelegated,undelegated
q.st,st,active,active
q.su,su,undelegated reserved,reserved
q.sv,sv,active,active
q.sx,sx,undelegated disallowed,disallowed
q.sy,sy,undelegated reserved,reserved
q.sz,sz,undelegated,undelegated
q.tc,tc,active,active
q.td,td,marketed priced active,active
q.tf,tf,reserved,reserved
q.tg,tg,inactive,inactive
q.th,th,disallowed,disallowed
q.tj,tj,active,active
q.tk,tk,undelegated,undelegated
q.tl,tl,active,active
q.tm,tm,active,active
q.tn,tn,undelegated,undelegated
q.to,to,active,active
q.tp,tp,disallowed,disallowed
q.tr,tr,disallowed,disallowed
q.tt,tt,marketed priced undelegated,undelegated
q.tv,tv,marketed active,active
q.tw,tw,undelegated inactive,inactive
q.tz,tz,disallowed,disallowed
q.ua,ua,marketed active parked,parked
q.ug,ug,undelegated,undelegated
q.uk,uk,active,active
q.um,um,disallowed,disallowed
q.us,us,undelegated active,active
q.uy,uy,marketed priced active parked,parked
q.uz,uz,undelegated inactive,inactive
q.va,va,undelegated active,active
q.vc,vc,undelegated active,active
q.ve,ve,disallowed,disallowed
q.vg,vg,marketed priced premium active,active
q.vi,vi,disallowed,disallowed
q.vn,vn,undelegated active,active
q.vu,vu,active,active
q.wf,wf,reserved,reserved
q.ws,ws,inactive premium,premium
q.ye,ye,disallowed,disallowed
q.yt,yt,reserved,reserved
q.za,za,disallowed,disallowed
q.zm,zm,undelegated inactive,inactive
q.zw,zw,undelegated,undelegated
r.ac,ac,active,active
r.ad,ad,undelegated inactive,inactive
r.ae,ae,disallowed,disallowed
r.af,af,active,active
r.ag,ag,active,active
r.ai,ai,active,active
r.al,al,undelegated,undelegated
r.am,am,active,active
r.an,an,disallowed,disallowed
r.ao,ao,undelegated,undelegated
r.aq,aq,undelegated,undelegated
r.ar,ar,active,active
r.as,as,reserved,reserved
r.at,at,marketed priced active,active
r.au,au,active,active
r.aw,aw,undelegated,undelegated
r.ax,ax,undelegated disallowed,disallowed
r.az,az,reserved,reserved
r.ba,ba,undelegated,undelegated
r.bb,bb,undelegated,undelegated
r.bd,bd,disallowed,disallowed
r.be,be,reserved,reserved
r.bf,bf,undelegated inactive,inactive
r.bg,r.bg,undelegated zone,zone
r.bh,bh,undelegated inactive premium,premium
r.bi,bi,undelegated reserved,reserved
r.bj,bj,undelegated,undelegated
r.bm,bm,undelegated inactive,inactive
r.bn,bn,undelegated inactive,inactive
r.bo,bo,active,active
r.br,br,undelegated disallowed,disallowed
r.bs,bs,undelegated,undelegated
r.bt,bt,undelegated,undelegated
r.bv,bv,disallowed,disallowed
r.bw,bw,active,active
r.by,by,undelegated,undelegated
r.bz,bz,active,active
r.ca,ca,reserved,reserved
r.cc,cc,marketed active,active
r.cd,cd,active,active
r.cf,cf,undelegated,undelegated
r.cg,cg,unknown,unknown
r.ch,ch,reserved,reserved
r.ci,ci,active,active
r.ck,ck,disallowed,disallowed
r.cl,cl,active,active
r.cm,cm,active,active
r.cn,cn,marketed active,active
r.co,co,marketed active,active
r.cr,cr,active,active
r.cu,cu,undelegated,undelegated
r.cv,cv,active,active
r.cw,cw,undelegated,undelegated
r.cx,cx,active,active
r.cy,cy,disallowed,disallowed
r.cz,cz,active,active
r.de,de,active,active
r.dj,dj,undelegated,undelegated
r.dk,dk,active,active
r.dm,dm,undelegated active,active
r.do,do,undelegated,undelegated
r.dz,dz,undelegated,undelegated
r.ec,ec,undelegated disallowed,disallowed
r.ee,ee,marketed active parked,parked
r.eg,eg,undelegated,undelegated
r.er,er,disallowed,disallowed
r.es,es,undelegated disallowed,disallowed
r.et,et,active,active
r.eu,eu,reserved,reserved
r.fi,fi,undelegated disallowed,disallowed
r.fj,fj,undelegated inactive,inactive
r.fk,fk,disallowed,disallowed
r.fm,fm,active,active
r.fo,fo,active,active
r.fr,fr,reserved,reserved
r.ga,ga,undelegated active,active
r.gb,gb,disallowed,disallowed
r.gd,gd,active,active
r.ge,ge,undelegated active,active
r.gf,gf,undelegated inactive,inactive
r.gg,gg,active,active
r.gh,gh,disallowed,disallowed
r.gi,gi,undelegated inactive,inactive
r.gl,gl,marketed active,active
r.gm,gm,undelegated,undelegated
r.gn,gn,disallowed,disallowed
r.gp,gp,active,active
r.gq,gq,undelegated inactive,inactive
r.gr,gr,undelegated active,active
r.gs,gs,marketed priced active,active
r.gt,gt,active,active
r.gu,gu,undelegated,undelegated
r.gw,gw,undelegated,undelegated
r.gy,gy,marketed priced active,active
r.hk,hk,reserved,reserved
r.hm,hm,active,active
r.hn,hn,marketed active,active
r.hr,hr,active,active
r.ht,ht,active,active
r.hu,hu,undelegated disallowed,disallowed
r.id,id,reserved,reserved
r.ie,ie,active,active
r.il,il,disallowed,disallowed
r.im,im,premium active,active
r.in,in,reserved,reserved
r.io,io,active,active
r.iq,iq,undelegated,undelegated
r.ir,ir,undelegated,undelegated
r.is,is,active,active
r.it,it,undelegated disallowed,disallowed
r.je,je,active,active
r.jm,jm,disallowed,disallowed
r.jo,jo,undelegated,undelegated
r.jp,jp,undelegated disallowed,disallowed
r.ke,ke,disallowed,disallowed
r.kg,kg,active,active
r.kh,kh,undelegated,undelegated
r.ki,ki,active,active
r.km,km,undelegated,undelegated
r.kn,kn,undelegated,undelegated
r.kp,kp,undelegated,undelegated
r.kr,kr,undelegated reserved,reserved
r.kw,kw,undelegated,undelegated
r.ky,ky,undelegated reserved,reserved
r.kz,kz,active,active
r.la,la,active,active
r.lb,lb,disallowed,disallowed
r.lc,lc,active,active
r.li,li,reserved,reserved
r.lk,lk,disallowed,disallowed
r.lr,lr,disallowed,disallowed
r.ls,ls,marketed active,active
r.lt,lt,undelegated disallowed,disallowed
r.lu,lu,marketed undelegated claimed,claimed
r.lv,lv,undelegated disallowed,disallowed
r.ly,ly,active,active
r.ma,ma,undelegated disallowed,disallowed
r.mc,mc,undelegated,undelegated
r.md,md,active,active
r.me,me,inactive premium,premium
r.mf,mf,disallowed,disallowed
r.mg,mg,undelegated active,active
r.mh,mh,disallowed,disallowed
r.mk,mk,active,active
r.ml,ml,undelegated inactive premium,premium
r.mm,mm,disallowed,disallowed
r.mn,mn,undelegated active,active
r.mo,mo,undelegated inactive,inactive
r.mp,mp,reserved,reserved
r.mq,mq,undelegated inactive,inactive
r.mr,mr,active,active
r.ms,ms,active,active
r.mt,mt,undelegated,undelegated
r.mu,mu,undelegated active,active
r.mv,mv,undelegated,undelegated
r.mw,mw,active,active
r.mx,mx,undelegated reserved,reserved
r.my,my,undelegated active,active
r.mz,mz,disallowed,disallowed
r.na,na,undelegated,undelegated
r.nc,nc,reserved,reserved
r.ne,ne,undelegated,undelegated
r.nf,nf,active,active
r.ng,ng,undelegated,undelegated
r.ni,ni,disallowed,disallowed
r.nl,nl,reserved,reserved
r.no,no,undelegated inactive,inactive
r.np,np,disallowed,disallowed
r.nr,nr,undelegated,undelegated
r.nu,nu,active,active
r.nz,nz,active,active
r.om,om,undelegated reserved,reserved
r.pa,pa,undelegated,undelegated
r.pe,pe,marketed priced active parked,parked
r.pf,pf,undelegated,undelegated
r.pg,pg,undelegated inactive,inactive
r.ph,ph,disallowed,disallowed
r.pk,pk,undelegated inactive,inactive
r.pl,pl,active,active
r.pm,pm,reserved,reserved
r.pn,pn,active,active
r.pr,pr,undelegated active,active
r.ps,ps,undelegated active,active
r.pt,pt,reserved,reserved
r.pw,pw,undelegated inactive premium,premium
r.py,py,disallowed,disallowed
r.qa,qa,undelegated disallowed,disallowed
r.re,re,reserved,reserved
r.ro,ro,marketed active parked,parked
r.rs,rs,undelegated disallowed,disallowed
r.ru,ru,reserved,reserved
r.rw,rw,marketed priced active,active
r.sa,sa,undelegated,undelegated
r.sb,sb,active,active
r.sc,sc,undelegated inactive premium,premium
r.sd,sd,active,active
r.se,r.se,undelegated zone,zone
r.sg,sg,undelegated reserved,reserved
r.sh,sh,active,active
r.si,si,undelegated disallowed,disallowed
r.sj,sj,disallowed,disallowed
r.sk,sk,undelegated active,active
r.sl,sl,undelegated,undelegated
r.sm,sm,undelegated,undelegated
r.sn,sn,disallowed,disallowed
r.so,so,undelegated disallowed,disallowed
r.sr,sr,active,active
r.ss,ss,undelegated,undelegated
r.st,st,active,active
r.su,su,undelegated reserved,reserved
r.sv,sv,active,active
r.sx,sx,undelegated disallowed,disallowed
r.sy,sy,undelegated reserved,reserved
r.sz,sz,undelegated,undelegated
r.tc,tc,active,active
r.td,td,marketed active,active
r.tf,tf,reserved,reserved
r.tg,tg,inactive,inactive
r.th,th,disallowed,disallowed
r.tj,tj,active,active
r.tk,tk,undelegated,undelegated
r.tl,tl,active,active
r.tm,tm,active,active
r.tn,tn,undelegated,undelegated
r.to,to,marketed active parked,parked
r.tp,tp,disallowed,disallowed
r.tr,tr,disallowed,disallowed
r.tt,tt,undelegated,undelegated
r.tv,tv,active,active
r.tw,tw,undelegated inactive,inactive
r.tz,tz,disallowed,disallowed
r.ua,ua,active,active
r.ug,ug,undelegated,undelegated
r.uk,uk,active,active
r.um,um,disallowed,disallowed
r.us,us,undelegated active,active
r.uy,uy,marketed active,active
r.uz,uz,undelegated inactive,inactive
r.va,va,undelegated active,active
r.vc,vc,active,active
r.ve,ve,disallowed,disallowed
r.vg,vg,marketed priced premium active,active
r.vi,vi,disallowed,disallowed
r.vn,vn,undelegated active,active
r.vu,vu,active,active
r.wf,wf,reserved,reserved
r.ws,ws,inactive premium,premium
r.ye,ye,disallowed,disallowed
r.yt,yt,reserved,reserved
r.za,za,disallowed,disallowed
r.zm,zm,undelegated inactive,inactive
r.zw,zw,undelegated,undelegated
s.ac,ac,marketed active,active
s.ad,ad,undelegated inactive,inactive
s.ae,ae,undelegated disallowed,disallowed
s.af,af,marketed priced active,active
s.ag,ag,active,active
s.ai,ai,active,active
s.al,al,undelegated,undelegated
s.am,am,active,active
s.an,an,disallowed,disallowed
s.ao,ao,undelegated,undelegated
s.aq,aq,undelegated,undelegated
s.ar,ar,marketed active parked,parked
s.as,as,reserved,reserved
s.at,at,active,active
s.au,au,active,active
s.aw,aw,undelegated,undelegated
s.ax,ax,undelegated disallowed,disallowed
s.az,az,reserved,reserved
s.ba,ba,undelegated,undelegated
s.bb,bb,undelegated,undelegated
s.bd,bd,disallowed,disallowed
s.be,be,reserved,reserved
s.bf,bf,undelegated inactive,inactive
s.bg,s.bg,undelegated zone,zone
s.bh,bh,undelegated inactive premium,premium
s.bi,bi,undelegated reserved,reserved
s.bj,bj,undelegated,undelegated
s.bm,bm,undelegated inactive,inactive
s.bn,bn,undelegated inactive,inactive
s.bo,bo,active,active
s.br,br,undelegated disallowed,disallowed
s.bs,bs,undelegated,undelegated
s.bt,bt,undelegated,undelegated
s.bv,bv,disallowed,disallowed
s.bw,bw,active,active
s.by,by,undelegated,undelegated
s.bz,bz,undelegated reserved,reserved
s.ca,ca,reserved,reserved
s.cc,cc,marketed active,active
s.cd,cd,active,active
s.cf,cf,undelegated,undelegated
s.cg,cg,active,active
s.ch,ch,reserved,reserved
s.ci,ci,active,active
s.ck,ck,disallowed,disallowed
s.cl,cl,marketed active parked,parked
s.cm,cm,marketed active,active
s.cn,cn,active,active
s.co,co,active,active
s.cr,cr,active,active
s.cu,cu,undelegated,undelegated
s.cv,cv,active,active
s.cw,cw,undelegated,undelegated
s.cx,cx,active,active
s.cy,cy,disallowed,disallowed
s.cz,cz,active,active
s.de,de,active,active
s.dj,dj,undelegated,undelegated
s.dk,dk,active,active
s.dm,dm,active,active
s.do,do,undelegated,undelegated
s.dz,dz,undelegated,undelegated
s.ec,ec,undelegated disallowed,disallowed
s.ee,ee,active,active
s.eg,eg,undelegated,undelegated
s.er,er,disallowed,disallowed
s.es,es,undelegated disallowed,disallowed
s.et,et,active,active
s.eu,eu,reserved,reserved
s.fi,fi,undelegated disallowed,disallowed
s.fj,fj,undelegated inactive,inactive
s.fk,fk,disallowed,disallowed
s.fm,fm,active,active
s.fo,fo,active,active
s.fr,fr,reserved,reserved
s.ga,ga,undelegated active,active
s.gb,gb,disallowed,disallowed
s.gd,gd,active,active
s.ge,ge,undelegated active,active
s.gf,gf,undelegated inactive,inactive
s.gg,gg,active,active
s.gh,gh,disallowed,disallowed
s.gi,gi,undelegated inactive,inactive
s.gl,gl,active,active
s.gm,gm,undelegated,undelegated
s.gn,gn,disallowed,disallowed
s.gp,gp,active,active
s.gq,gq,undelegated inactive,inactive
s.gr,gr,undelegated active,active
s.gs,gs,active,active
s.gt,gt,active,active
s.gu,gu,undelegated,undelegated
s.gw,gw,undelegated,undelegated
s.gy,gy,active,active
s.hk,hk,reserved,reserved
s.hm,hm,active,active
s.hn,hn,marketed active,active
s.hr,hr,active,active
s.ht,ht,active,active
s.hu,hu,undelegated disallowed,disallowed
s.id,id,reserved,reserved
s.ie,ie,active,active
s.il,il,disallowed,disallowed
s.im,im,premium active,active
s.in,in,reserved,reserved
s.io,io,active,active
s.iq,iq,undelegated,undelegated
s.ir,ir,undelegated,undelegated
s.is,is,active,active
s.it,it,undelegated disallowed,disallowed
s.je,je,active,active
s.jm,jm,disallowed,disallowed
s.jo,jo,undelegated,undelegated
s.jp,jp,undelegated disallowed,disallowed
s.ke,ke,disallowed,disallowed
s.kg,kg,active,active
s.kh,kh,undelegated,undelegated
s.ki,ki,active,active
s.km,km,undelegated,undelegated
s.kn,kn,active,active
s.kp,kp,undelegated,undelegated
s.kr,kr,undelegated reserved,reserved
s.kw,kw,undelegated,undelegated
s.ky,ky,undelegated reserved,reserved
s.kz,kz,active,active
s.la,la,active,active
s.lb,lb,disallowed,disallowed
s.lc,lc,active,active
s.li,li,reserved,reserved
s.lk,lk,disallowed,disallowed
s.lr,lr,disallowed,disallowed
s.ls,ls,marketed active,active
s.lt,lt,undelegated disallowed,disallowed
s.lu,lu,active,active
s.lv,lv,undelegated disallowed,disallowed
s.ly,ly,active,active
s.ma,ma,undelegated disallowed,disallowed
s.mc,mc,undelegated,undelegated
s.md,md,marketed undelegated claimed,claimed
s.me,me,active,active
s.mf,mf,disallowed,disallowed
s.mg,mg,undelegated active,active
s.mh,mh,disallowed,disallowed
s.mk,mk,undelegated active,active
s.ml,ml,marketed priced active parked,parked
s.mm,mm,disallowed,disallowed
s.mn,mn,active,active
s.mo,mo,undelegated inactive,inactive
s.mp,mp,reserved,reserved
s.mq,mq,undelegated inactive,inactive
s.mr,mr,active,active
s.ms,ms,active,active
s.mt,mt,unknown,unknown
s.mu,mu,undelegated active,active
s.mv,mv,undelegated,undelegated
s.mw,mw,active,active
s.mx,mx,undelegated reserved,reserved
s.my,my,active,active
s.mz,mz,disallowed,disallowed
s.na,na,undelegated,undelegated
s.nc,nc,reserved,reserved
s.ne,ne,undelegated,undelegated
s.nf,nf,marketed priced active,active
s.ng,ng,undelegated,undelegated
s.ni,ni,disallowed,disallowed
s.nl,nl,reserved,reserved
s.no,no,undelegated inactive,inactive
s.np,np,disallowed,disallowed
s.nr,nr,undelegated,undelegated
s.nu,nu,active,active
s.nz,nz,active,active
s.om,om,undelegated reserved,reserved
s.pa,pa,undelegated,undelegated
s.pe,pe,marketed priced active,active
s.pf,pf,undelegated,undelegated
s.pg,pg,undelegated inactive,inactive
s.ph,ph,disallowed,disallowed
s.pk,pk,undelegated inactive,inactive
s.pl,pl,active,active
s.pm,pm,reserved,reserved
s.pn,pn,active,active
s.pr,pr,undelegated active,active
s.ps,ps,undelegated active,active
s.pt,pt,reserved,reserved
s.pw,pw,undelegated inactive premium,premium
s.py,py,disallowed,disallowed
s.qa,qa,undelegated disallowed,disallowed
s.re,re,reserved,reserved
s.ro,ro,active,active
s.rs,rs,undelegated disallowed,disallowed
s.ru,ru,reserved,reserved
s.rw,rw,marketed priced active,active
s.sa,sa,undelegated,undelegated
s.sb,sb,active,active
s.sc,sc,marketed priced active,active
s.sd,sd,active,active
s.se,s.se,undelegated zone,zone
s.sg,sg,active,active
s.sh,sh,active,active
s.si,si,undelegated disallowed,disallowed
s.sj,sj,disallowed,disallowed
s.sk,sk,undelegated active,active
s.sl,sl,active,active
s.sm,sm,undelegated,undelegated
s.sn,sn,disallowed,disallowed
s.so,so,undelegated active,active
s.sr,sr,undelegated,undelegated
s.ss,ss,undelegated,undelegated
s.st,st,active,active
s.su,su,undelegated active,active
s.sv,sv,active,active
s.sx,sx,undelegated disallowed,disallowed
s.sy,sy,undelegated reserved,reserved
s.sz,sz,undelegated,undelegated
s.tc,tc,active,active
s.td,td,marketed priced active,active
s.tf,tf,reserved,reserved
s.tg,tg,undelegated inactive,inactive
s.th,th,disallowed,disallowed
s.tj,tj,active,active
s.tk,tk,active,active
s.tl,tl,undelegated claimed,claimed
s.tm,tm,active,active
s.tn,tn,undelegated,undelegated
s.to,to,active,active
s.tp,tp,disallowed,disallowed
s.tr,tr,disallowed,disallowed
s.tt,tt,active,active
s.tv,tv,marketed active,active
s.tw,tw,undelegated inactive,inactive
s.tz,tz,disallowed,disallowed
s.ua,ua,active,active
s.ug,ug,undelegated,undelegated
s.uk,uk,marketed priced active,active
s.um,um,disallowed,disallowed
s.us,us,undelegated active,active
s.uy,uy,marketed active,active
s.uz,uz,undelegated inactive,inactive
s.va,va,undelegated active,active
s.vc,vc,undelegated active,active
s.ve,ve,disallowed,disallowed
s.vg,vg,premium active,active
s.vi,vi,disallowed,disallowed
s.vn,vn,undelegated active,active
s.vu,vu,active,active
s.wf,wf,reserved,reserved
s.ws,ws,inactive premium,premium
s.ye,ye,disallowed,disallowed
s.yt,yt,reserved,reserved
s.za,za,disallowed,disallowed
s.zm,zm,undelegated inactive,inactive
s.zw,zw,undelegated,undelegated
t.ac,ac,active,active
t.ad,ad,undelegated inactive,inactive
t.ae,ae,disallowed,disallowed
t.af,af,active,active
t.ag,ag,undelegated reserved,reserved
t.ai,ai,active,active
t.al,al,undelegated,undelegated
t.am,am,active,active
t.an,an,disallowed,disallowed
t.ao,ao,undelegated,undelegated
t.aq,aq,undelegated,undelegated
t.ar,ar,active,active
t.as,as,reserved,reserved
t.at,at,active,active
t.au,au,active,active
t.aw,aw,undelegated,undelegated
t.ax,ax,undelegated disallowed,disallowed
t.az,az,reserved,reserved
t.ba,ba,undelegated,undelegated
t.bb,bb,undelegated,undelegated
t.bd,bd,disallowed,disallowed
t.be,be,reserved,reserved
t.bf,bf,undelegated inactive,inactive
t.bg,t.bg,undelegated zone,zone
t.bh,bh,undelegated inactive premium,premium
t.bi,bi,undelegated reserved,reserved
t.bj,bj,undelegated,undelegated
t.bm,bm,undelegated inactive,inactive
t.bn,bn,undelegated inactive,inactive
t.bo,bo,marketed active parked,parked
t.br,br,undelegated disallowed,disallowed
t.bs,bs,undelegated,undelegated
t.bt,bt,undelegated,undelegated
t.bv,bv,disallowed,disallowed
t.bw,bw,active,active
t.by,by,undelegated,undelegated
t.bz,bz,active,active
t.ca,ca,reserved,reserved
t.cc,cc,active,active
t.cd,cd,active,active
t.cf,cf,undelegated,undelegated
t.cg,cg,active,active
t.ch,ch,reserved,reserved
t.ci,ci,active,active
t.ck,ck,disallowed,disallowed
t.cl,cl,marketed active parked,parked
t.cm,cm,active,active
t.cn,cn,active,active
t.co,co,active,active
t.cr,cr,active,active
t.cu,cu,undelegated,undelegated
t.cv,cv,marketed active parked,parked
t.cw,cw,undelegated,undelegated
t.cx,cx,marketed active parked,parked
t.cy,cy,disallowed,disallowed
t.cz,cz,active,active
t.de,de,active,active
t.dj,dj,undelegated,undelegated
t.dk,dk,active,active
t.dm,dm,active,active
t.do,do,undelegated,undelegated
t.dz,dz,undelegated,undelegated
t.ec,ec,undelegated disallowed,disallowed
t.ee,ee,active,active
t.eg,eg,undelegated,undelegated
t.er,er,disallowed,disallowed
t.es,es,undelegated disallowed,disallowed
t.et,et,active,active
t.eu,eu,reserved,reserved
t.fi,fi,undelegated disallowed,disallowed
t.fj,fj,undelegated inactive,inactive
t.fk,fk,disallowed,disallowed
t.fm,fm,active,active
t.fo,fo,active,active
t.fr,fr,reserved,reserved
t.ga,ga,undelegated active,active
t.gb,gb,disallowed,disallowed
t.gd,gd,marketed active parked,parked
t.ge,ge,undelegated active,active
t.gf,gf,undelegated inactive,inactive
t.gg,gg,active,active
t.gh,gh,disallowed,disallowed
t.gi,gi,undelegated inactive,inactive
t.gl,gl,active,active
t.gm,gm,undelegated,undelegated
t.gn,gn,disallowed,disallowed
t.gp,gp,active,active
t.gq,gq,undelegated inactive,inactive
t.gr,gr,undelegated active,active
t.gs,gs,active,active
t.gt,gt,active,active
t.gu,gu,undelegated,undelegated
t.gw,gw,undelegated,undelegated
t.gy,gy,undelegated inactive,inactive
t.hk,hk,reserved,reserved
t.hm,hm,active,active
t.hn,hn,active,active
t.hr,hr,active,active
t.ht,ht,active,active
t.hu,hu,undelegated disallowed,disallowed
t.id,id,reserved,reserved
t.ie,ie,active,active
t.il,il,disallowed,disallowed
t.im,im,marketed priced premium active,active
t.in,in,reserved,reserved
t.io,io,active,active
t.iq,iq,undelegated,undelegated
t.ir,ir,active,active
t.is,is,active,active
t.it,it,undelegated disallowed,disallowed
t.je,je,active,active
t.jm,jm,disallowed,disallowed
t.jo,jo,undelegated,undelegated
t.jp,jp,undelegated disallowed,disallowed
t.ke,ke,disallowed,disallowed
t.kg,kg,active,active
t.kh,kh,undelegated,undelegated
t.ki,ki,active,active
t.km,km,undelegated,undelegated
t.kn,kn,undelegated,undelegated
t.kp,kp,unknown,unknown
t.kr,kr,undelegated reserved,reserved
t.kw,kw,undelegated,undelegated
t.ky,ky,undelegated reserved,reserved
t.kz,kz,active,active
t.la,la,active,active
t.lb,lb,disallowed,disallowed
t.lc,lc,active,active
t.li,li,reserved,reserved
t.lk,lk,disallowed,disallowed
t.lr,lr,disallowed,disallowed
t.ls,ls,active,active
t.lt,lt,undelegated disallowed,disallowed
t.lu,lu,active,active
t.lv,lv,undelegated disallowed,disallowed
t.ly,ly,marketed priced active,active
t.ma,ma,undelegated disallowed,disallowed
t.mc,mc,undelegated,undelegated
t.md,md,undelegated claimed,claimed
t.me,me,active,active
t.mf,mf,disallowed,disallowed
t.mg,mg,undelegated active,active
t.mh,mh,disallowed,disallowed
t.mk,mk,active,active
t.ml,ml,undelegated inactive premium,premium
t.mm,mm,disallowed,disallowed
t.mn,mn,undelegated active,active
t.mo,mo,undelegated inactive,inactive
t.mp,mp,reserved,reserved
t.mq,mq,undelegated inactive,inactive
t.mr,mr,marketed priced active,active
t.ms,ms,active,active
t.mt,mt,undelegated,undelegated
t.mu,mu,active,active
t.mv,mv,undelegated,undelegated
t.mw,mw,active,active
t.mx,mx,undelegated reserved,reserved
t.my,my,active,active
t.mz,mz,disallowed,disallowed
t.na,na,undelegated,undelegated
t.nc,nc,reserved,reserved
t.ne,ne,undelegated,undelegated
t.nf,nf,active,active
t.ng,ng,undelegated,undelegated
t.ni,ni,disallowed,disallowed
t.nl,nl,reserved,reserved
t.no,no,undelegated inactive,inactive
t.np,np,disallowed,disallowed
t.nr,nr,undelegated,undelegated
t.nu,nu,active,active
t.nz,nz,undelegated reserved,reserved
t.om,om,undelegated reserved,reserved
t.pa,pa,undelegated,undelegated
t.pe,pe,active,active
t.pf,pf,undelegated,undelegated
t.pg,pg,undelegated inactive,inactive
t.ph,ph,disallowed,disallowed
t.pk,pk,undelegated inactive,inactive
t.pl,pl,active,active
t.pm,pm,reserved,reserved
t.pn,pn,active,active
t.pr,pr,undelegated active,active
t.ps,ps,undelegated active,active
t.pt,pt,reserved,reserved
t.pw,pw,undelegated inactive premium,premium
t.py,py,disallowed,disallowed
t.qa,qa,undelegated disallowed,disallowed
t.re,re,reserved,reserved
t.ro,ro,active,active
t.rs,rs,undelegated disallowed,disallowed
t.ru,ru,reserved,reserved
t.rw,rw,marketed priced active,active
t.sa,sa,undelegated,undelegated
t.sb,sb,active,active
t.sc,sc,active,active
t.sd,sd,undelegated active,active
t.se,t.se,undelegated zone,zone
t.sg,sg,undelegated reserved,reserved
t.sh,sh,active,active
t.si,si,undelegated disallowed,disallowed
t.sj,sj,disallowed,disallowed
t.sk,sk,active,active
t.sl,sl,undelegated,undelegated
t.sm,sm,undelegated,undelegated
t.sn,sn,disallowed,disallowed
t.so,so,undelegated active,active
t.sr,sr,undelegated,undelegated
t.ss,ss,undelegated,undelegated
t.st,st,active,active
t.su,su,undelegated reserved,reserved
t.sv,sv,active,active
t.sx,sx,undelegated disallowed,disallowed
t.sy,sy,undelegated reserved,reserved
t.sz,sz,undelegated,undelegated
t.tc,tc,active,active
t.td,td,marketed priced active,active
t.tf,tf,reserved,reserved
t.tg,tg,inactive active,active
t.th,th,disallowed,disallowed
t.tj,tj,marketed priced active parked,parked
t.tk,tk,undelegated,undelegated
t.tl,tl,active,active
t.tm,tm,active,active
t.tn,tn,undelegated,undelegated
t.to,to,active,active
t.tp,tp,disallowed,disallowed
t.tr,tr,disallowed,disallowed
t.tt,tt,active,active
t.tv,tv,marketed active,active
t.tw,tw,undelegated inactive,inactive
t.tz,tz,disallowed,disallowed
t.ua,ua,active,active
t.ug,ug,undelegated,undelegated
t.uk,uk,active,active
t.um,um,disallowed,disallowed
t.us,us,undelegated active,active
t.uy,uy,marketed active,active
t.uz,uz,inactive,inactive
t.va,va,active,active
t.vc,vc,undelegated active,active
t.ve,ve,disallowed,disallowed
t.vg,vg,premium active,active
t.vi,vi,disallowed,disallowed
t.vn,vn,undelegated active,active
t.vu,vu,active,active
t.wf,wf,reserved,reserved
t.ws,ws,inactive premium,premium
t.ye,ye,disallowed,disallowed
t.yt,yt,reserved,reserved
t.za,za,disallowed,disallowed
t.zm,zm,undelegated inactive,inactive
t.zw,zw,undelegated,undelegated
u.ac,ac,active,active
u.ad,ad,undelegated inactive,inactive
u.ae,ae,disallowed,disallowed
u.af,af,active,active
u.ag,ag,active,active
u.ai,ai,marketed priced active,active
u.al,al,undelegated,undelegated
u.am,am,marketed active parked,parked
u.an,an,disallowed,disallowed
u.ao,ao,undelegated,undelegated
u.aq,aq,undelegated,undelegated
u.ar,ar,active,active
u.as,as,reserved,reserved
u.at,at,active,active
u.au,au,undelegated reserved,reserved
u.aw,aw,undelegated,undelegated
u.ax,ax,undelegated disallowed,disallowed
u.az,az,reserved,reserved
u.ba,ba,undelegated,undelegated
u.bb,bb,undelegated,undelegated
u.bd,bd,disallowed,disallowed
u.be,be,reserved,reserved
u.bf,bf,undelegated inactive,inactive
u.bg,u.bg,undelegated zone,zone
u.bh,bh,undelegated inactive premium,premium
u.bi,bi,undelegated reserved,reserved
u.bj,bj,undelegated,undelegated
u.bm,bm,undelegated inactive,inactive
u.bn,bn,undelegated inactive,inactive
u.bo,bo,active,active
u.br,br,undelegated disallowed,disallowed
u.bs,bs,undelegated,undelegated
u.bt,bt,undelegated,undelegated
u.bv,bv,disallowed,disallowed
u.bw,bw,active,active
u.by,by,undelegated,undelegated
u.bz,bz,undelegated reserved,reserved
u.ca,ca,reserved,reserved
u.cc,cc,active,active
u.cd,cd,active,active
u.cf,cf,undelegated,undelegated
u.cg,cg,active,active
u.ch,ch,reserved,reserved
u.ci,ci,undelegated active,active
u.ck,ck,disallowed,disallowed
u.cl,cl,active,active
u.cm,cm,active,active
u.cn,cn,marketed active,active
u.co,co,active,active
u.cr,cr,active,active
u.cu,cu,undelegated,undelegated
u.cv,cv,active,active
u.cw,cw,undelegated,undelegated
u.cx,cx,active,active
u.cy,cy,disallowed,disallowed
u.cz,cz,active,active
u.de,de,active,active
u.dj,dj,undelegated,undelegated
u.dk,dk,active,active
u.dm,dm,undelegated active,active
u.do,do,undelegated,undelegated
u.dz,dz,undelegated,undelegated
u.ec,ec,undelegated disallowed,disallowed
u.ee,ee,marketed undelegated active,active
u.eg,eg,undelegated,undelegated
u.er,er,disallowed,disallowed
u.es,es,undelegated disallowed,disallowed
u.et,et,active,active
u.eu,eu,reserved,reserved
u.fi,fi,undelegated disallowed,disallowed
u.fj,fj,undelegated inactive,inactive
u.fk,fk,disallowed,disallowed
u.fm,fm,active,active
u.fo,fo,active,active
u.fr,fr,reserved,reserved
u.ga,ga,undelegated active,active
u.gb,gb,disallowed,disallowed
u.gd,gd,active,active
u.ge,ge,undelegated active,active
u.gf,gf,undelegated inactive,inactive
u.gg,gg,active,active
u.gh,gh,disallowed,disallowed
u.gi,gi,undelegated inactive,inactive
u.gl,gl,undelegated active,active
u.gm,gm,undelegated,undelegated
u.gn,gn,disallowed,disallowed
u.gp,gp,active,active
u.gq,gq,undelegated inactive,inactive
u.gr,gr,undelegated active,active
u.gs,gs,marketed active parked,parked
u.gt,gt,active,active
u.gu,gu,undelegated,undelegated
u.gw,gw,undelegated,undelegated
u.gy,gy,active,active
u.hk,hk,reserved,reserved
u.hm,hm,active,active
u.hn,hn,active,active
u.hr,hr,active,active
u.ht,ht,active,active
u.hu,hu,undelegated disallowed,disallowed
u.id,id,reserved,reserved
u.ie,ie,active,active
u.il,il,disallowed,disallowed
u.im,im,undelegated premium active,active
u.in,in,reserved,reserved
u.io,io,marketed priced active,active
u.iq,iq,undelegated,undelegated
u.ir,ir,undelegated,undelegated
u.is,is,active,active
u.it,it,undelegated disallowed,disallowed
u.je,je,active,active
u.jm,jm,disallowed,disallowed
u.jo,jo,undelegated,undelegated
u.jp,jp,undelegated disallowed,disallowed
u.ke,ke,disallowed,disallowed
u.kg,kg,active,active
u.kh,kh,undelegated,undelegated
u.ki,ki,undelegated active,active
u.km,km,undelegated,undelegated
u.kn,kn,undelegated,undelegated
u.kp,kp,undelegated,undelegated
u.kr,kr,undelegated reserved,reserved
u.kw,kw,undelegated,undelegated
u.ky,ky,undelegated reserved,reserved
u.kz,kz,active,active
u.la,la,active,active
u.lb,lb,disallowed,disallowed
u.lc,lc,active,active
u.li,li,reserved,reserved
u.lk,lk,disallowed,disallowed
u.lr,lr,disallowed,disallowed
u.ls,ls,active,active
u.lt,lt,undelegated disallowed,disallowed
u.lu,lu,active,active
u.lv,lv,undelegated disallowed,disallowed
u.ly,ly,active,active
u.ma,ma,undelegated disallowed,disallowed
u.mc,mc,undelegated,undelegated
u.md,md,marketed undelegated disallowed,disallowed
u.me,me,inactive premium,premium
u.mf,mf,disallowed,disallowed
u.mg,mg,undelegated active,active
u.mh,mh,disallowed,disallowed
u.mk,mk,active,active
u.ml,ml,undelegated inactive premium,premium
u.mm,mm,disallowed,disallowed
u.mn,mn,active,active
u.mo,mo,undelegated inactive,inactive
u.mp,mp,reserved,reserved
u.mq,mq,undelegated inactive,inactive
u.mr,mr,active,active
u.ms,ms,active,active
u.mt,mt,active,active
u.mu,mu,undelegated active,active
u.mv,mv,undelegated,undelegated
u.mw,mw,active,active
u.mx,mx,undelegated reserved,reserved
u.my,my,active,active
u.mz,mz,disallowed,disallowed
u.na,na,undelegated,undelegated
u.nc,nc,reserved,reserved
u.ne,ne,undelegated,undelegated
u.nf,nf,active,active
u.ng,ng,undelegated,undelegated
u.ni,ni,disallowed,disallowed
u.nl,nl,reserved,reserved
u.no,no,undelegated inactive,inactive
u.np,np,disallowed,disallowed
u.nr,nr,undelegated,undelegated
u.nu,nu,active,active
u.nz,nz,active,active
u.om,om,undelegated reserved,reserved
u.pa,pa,undelegated,undelegated
u.pe,pe,active,active
u.pf,pf,undelegated,undelegated
u.pg,pg,undelegated inactive,inactive
u.ph,ph,disallowed,disallowed
u.pk,pk,undelegated inactive,inactive
u.pl,pl,active,active
u.pm,pm,reserved,reserved
u.pn,pn,active,active
u.pr,pr,undelegated active,active
u.ps,ps,undelegated active,active
u.pt,pt,reserved,reserved
u.pw,pw,undelegated reserved,reserved
u.py,py,disallowed,disallowed
u.qa,qa,undelegated disallowed,disallowed
u.re,re,reserved,reserved
u.ro,ro,active,active
u.rs,rs,undelegated disallowed,disallowed
u.ru,ru,reserved,reserved
u.rw,rw,marketed priced active,active
u.sa,sa,undelegated,undelegated
u.sb,sb,active,active
u.sc,sc,active,active
u.sd,sd,active,active
u.se,u.se,undelegated zone,zone
u.sg,sg,undelegated reserved,reserved
u.sh,sh,active,active
u.si,si,undelegated disallowed,disallowed
u.sj,sj,disallowed,disallowed
u.sk,sk,active,active
u.sl,sl,undelegated reserved,reserved
u.sm,sm,undelegated,undelegated
u.sn,sn,disallowed,disallowed
u.so,so,undelegated disallowed,disallowed
u.sr,sr,undelegated,undelegated
u.ss,ss,undelegated,undelegated
u.st,st,active,active
u.su,su,undelegated reserved,reserved
u.sv,sv,active,active
u.sx,sx,undelegated disallowed,disallowed
u.sy,sy,undelegated reserved,reserved
u.sz,sz,undelegated,undelegated
u.tc,tc,active,active
u.td,td,marketed priced active,active
u.tf,tf,reserved,reserved
u.tg,tg,undelegated inactive,inactive
u.th,th,disallowed,disallowed
u.tj,tj,active,active
u.tk,tk,undelegated,undelegated
u.tl,tl,undelegated claimed,claimed
u.tm,tm,active,active
u.tn,tn,undelegated,undelegated
u.to,to,active,active
u.tp,tp,disallowed,disallowed
u.tr,tr,disallowed,disallowed
u.tt,tt,active,active
u.tv,tv,active,active
u.tw,tw,undelegated inactive,inactive
u.tz,tz,disallowed,disallowed
u.ua,ua,active,active
u.ug,ug,undelegated,undelegated
u.uk,uk,active,active
u.um,um,disallowed,disallowed
u.us,us,undelegated active,active
u.uy,uy,marketed active,active
u.uz,uz,undelegated inactive,inactive
u.va,va,undelegated active,active
u.vc,vc,undelegated active,active
u.ve,ve,disallowed,disallowed
u.vg,vg,premium active,active
u.vi,vi,disallowed,disallowed
u.vn,vn,undelegated active,active
u.vu,vu,active,active
u.wf,wf,reserved,reserved
u.ws,ws,inactive premium,premium
u.ye,ye,disallowed,disallowed
u.yt,yt,reserved,reserved
u.za,za,disallowed,disallowed
u.zm,zm,undelegated inactive,inactive
u.zw,zw,undelegated,undelegated
v.ac,ac,active,active
v.ad,ad,undelegated inactive,inactive
v.ae,ae,disallowed,disallowed
v.af,af,active,active
v.ag,ag,active,active
v.ai,ai,active,active
v.al,al,undelegated,undelegated
v.am,am,active,active
v.an,an,disallowed,disallowed
v.ao,ao,undelegated,undelegated
v.aq,aq,undelegated,undelegated
v.ar,ar,active,active
v.as,as,reserved,reserved
v.at,at,marketed priced active parked,parked
v.au,au,undelegated reserved,reserved
v.aw,aw,undelegated,undelegated
v.ax,ax,undelegated disallowed,disallowed
v.az,az,reserved,reserved
v.ba,ba,undelegated,undelegated
v.bb,bb,undelegated,undelegated
v.bd,bd,disallowed,disallowed
v.be,be,reserved,reserved
v.bf,bf,undelegated inactive,inactive
v.bg,v.bg,undelegated zone,zone
v.bh,bh,undelegated inactive premium,premium
v.bi,bi,undelegated reserved,reserved
v.bj,bj,undelegated,undelegated
v.bm,bm,undelegated inactive,inactive
v.bn,bn,undelegated inactive,inactive
v.bo,bo,active,active
v.br,br,undelegated disallowed,disallowed
v.bs,bs,undelegated,undelegated
v.bt,bt,undelegated,undelegated
v.bv,bv,disallowed,disallowed
v.bw,bw,active,active
v.by,by,undelegated,undelegated
v.bz,bz,active,active
v.ca,ca,reserved,reserved
v.cc,cc,active,active
v.cd,cd,active,active
v.cf,cf,undelegated,undelegated
v.cg,cg,active,active
v.ch,ch,reserved,reserved
v.ci,ci,active,active
v.ck,ck,disallowed,disallowed
v.cl,cl,active,active
v.cm,cm,active,active
v.cn,cn,marketed priced active,active
v.co,co,marketed active,active
v.cr,cr,marketed active,active
v.cu,cu,undelegated,undelegated
v.cv,cv,active,active
v.cw,cw,undelegated,undelegated
v.cx,cx,active,active
v.cy,cy,disallowed,disallowed
v.cz,cz,active,active
v.de,de,active,active
v.dj,dj,undelegated,undelegated
v.dk,dk,active,active
v.dm,dm,undelegated active,active
v.do,do,undelegated,undelegated
v.dz,dz,undelegated,undelegated
v.ec,ec,undelegated disallowed,disallowed
v.ee,ee,active,active
v.eg,eg,undelegated,undelegated
v.er,er,disallowed,disallowed
v.es,es,undelegated disallowed,disallowed
v.et,et,active,active
v.eu,eu,reserved,reserved
v.fi,fi,undelegated disallowed,disallowed
v.fj,fj,undelegated inactive,inactive
v.fk,fk,disallowed,disallowed
v.fm,fm,marketed active parked,parked
v.fo,fo,active,active
v.fr,fr,reserved,reserved
v.ga,ga,undelegated active,active
v.gb,gb,disallowed,disallowed
v.gd,gd,active,active
v.ge,ge,undelegated active,active
v.gf,gf,undelegated inactive,inactive
v.gg,gg,marketed active,active
v.gh,gh,disallowed,disallowed
v.gi,gi,undelegated inactive,inactive
v.gl,gl,active,active
v.gm,gm,undelegated,undelegated
v.gn,gn,disallowed,disallowed
v.gp,gp,active,active
v.gq,gq,undelegated inactive,inactive
v.gr,gr,undelegated active,active
v.gs,gs,marketed priced active,active
v.gt,gt,active,active
v.gu,gu,undelegated,undelegated
v.gw,gw,undelegated,undelegated
v.gy,gy,undelegated inactive,inactive
v.hk,hk,reserved,reserved
v.hm,hm,active,active
v.hn,hn,marketed priced active,active
v.hr,hr,active,active
v.ht,ht,undelegated active,active
v.hu,hu,undelegated disallowed,disallowed
v.id,id,reserved,reserved
v.ie,ie,active,active
v.il,il,disallowed,disallowed
v.im,im,undelegated premium active,active
v.in,in,reserved,reserved
v.io,io,active,active
v.iq,iq,undelegated,undelegated
v.ir,ir,undelegated,undelegated
v.is,is,active,active
v.it,it,undelegated disallowed,disallowed
v.je,je,active,active
v.jm,jm,disallowed,disallowed
v.jo,jo,undelegated,undelegated
v.jp,jp,undelegated disallowed,disallowed
v.ke,ke,disallowed,disallowed
v.kg,kg,active,active
v.kh,kh,undelegated,undelegated
v.ki,ki,undelegated inactive,inactive
v.km,km,undelegated,undelegated
v.kn,kn,undelegated,undelegated
v.kp,kp,undelegated,undelegated
v.kr,kr,undelegated reserved,reserved
v.kw,kw,undelegated,undelegated
v.ky,ky,undelegated reserved,reserved
v.kz,kz,active,active
v.la,la,active,active
v.lb,lb,disallowed,disallowed
v.lc,lc,active,active
v.li,li,reserved,reserved
v.lk,lk,disallowed,disallowed
v.lr,lr,disallowed,disallowed
v.ls,ls,active,active
v.lt,lt,undelegated disallowed,disallowed
v.lu,lu,marketed undelegated claimed,claimed
v.lv,lv,undelegated disallowed,disallowed
v.ly,ly,active,active
v.ma,ma,undelegated disallowed,disallowed
v.mc,mc,undelegated,undelegated
v.md,md,undelegated claimed,claimed
v.me,me,active,active
v.mf,mf,disallowed,disallowed
v.mg,mg,undelegated active,active
v.mh,mh,disallowed,disallowed
v.mk,mk,active,active
v.ml,ml,marketed priced active,active
v.mm,mm,disallowed,disallowed
v.mn,mn,undelegated active,active
v.mo,mo,undelegated inactive,inactive
v.mp,mp,reserved,reserved
v.mq,mq,undelegated inactive,inactive
v.mr,mr,marketed active parked,parked
v.ms,ms,active,active
v.mt,mt,undelegated,undelegated
v.mu,mu,undelegated active,active
v.mv,mv,undelegated,undelegated
v.mw,mw,active,active
v.mx,mx,undelegated reserved,reserved
v.my,my,active,active
v.mz,mz,disallowed,disallowed
v.na,na,undelegated,undelegated
v.nc,nc,reserved,reserved
v.ne,ne,undelegated,undelegated
v.nf,nf,active,active
v.ng,ng,undelegated,undelegated
v.ni,ni,disallowed,disallowed
v.nl,nl,reserved,reserved
v.no,no,undelegated inactive,inactive
v.np,np,disallowed,disallowed
v.nr,nr,undelegated,undelegated
v.nu,nu,active,active
v.nz,nz,marketed priced active,active
v.om,om,undelegated reserved,reserved
v.pa,pa,undelegated,undelegated
v.pe,pe,marketed priced active,active
v.pf,pf,undelegated,undelegated
v.pg,pg,undelegated inactive,inactive
v.ph,ph,disallowed,disallowed
v.pk,pk,undelegated inactive,inactive
v.pl,pl,active,active
v.pm,pm,reserved,reserved
v.pn,pn,active,active
v.pr,pr,undelegated active,active
v.ps,ps,active,active
v.pt,pt,reserved,reserved
v.pw,pw,undelegated inactive premium,premium
v.py,py,disallowed,disallowed
v.qa,qa,disallowed,disallowed
v.re,re,reserved,reserved
v.ro,ro,undelegated active,active
v.rs,rs,undelegated disallowed,disallowed
v.ru,ru,reserved,reserved
v.rw,rw,marketed priced active,active
v.sa,sa,undelegated,undelegated
v.sb,sb,undelegated claimed,claimed
v.sc,sc,active,active
v.sd,sd,active,active
v.se,se,marketed priced active,active
v.sg,sg,undelegated reserved,reserved
v.sh,sh,active,active
v.si,si,undelegated disallowed,disallowed
v.sj,sj,disallowed,disallowed
v.sk,sk,undelegated active,active
v.sl,sl,undelegated reserved,reserved
v.sm,sm,undelegated,undelegated
v.sn,sn,disallowed,disallowed
v.so,so,undelegated active,active
v.sr,sr,undelegated,undelegated
v.ss,ss,undelegated,undelegated
v.st,st,active,active
v.su,su,undelegated reserved,reserved
v.sv,sv,active,active
v.sx,sx,undelegated disallowed,disallowed
v.sy,sy,undelegated reserved,reserved
v.sz,sz,undelegated,undelegated
v.tc,tc,active,active
v.td,td,marketed priced active,active
v.tf,tf,reserved,reserved
v.tg,tg,undelegated inactive,inactive
v.th,th,disallowed,disallowed
v.tj,tj,active,active
v.tk,tk,undelegated,undelegated
v.tl,tl,active,active
v.tm,tm,active,active
v.tn,tn,undelegated,undelegated
v.to,to,active,active
v.tp,tp,disallowed,disallowed
v.tr,tr,disallowed,disallowed
v.tt,tt,active,active
v.tv,tv,active,active
v.tw,tw,undelegated inactive,inactive
v.tz,tz,disallowed,disallowed
v.ua,ua,active,active
v.ug,ug,undelegated,undelegated
v.uk,uk,active,active
v.um,um,disallowed,disallowed
v.us,us,undelegated active,active
v.uy,uy,active,active
v.uz,uz,undelegated inactive,inactive
v.va,va,undelegated active,active
v.vc,vc,undelegated active,active
v.ve,ve,disallowed,disallowed
v.vg,vg,premium active,active
v.vi,vi,disallowed,disallowed
v.vn,vn,undelegated active,active
v.vu,vu,active,active
v.wf,wf,reserved,reserved
v.ws,ws,inactive premium,premium
v.ye,ye,disallowed,disallowed
v.yt,yt,reserved,reserved
v.za,za,disallowed,disallowed
v.zm,zm,undelegated inactive,inactive
v.zw,zw,undelegated,undelegated
w.ac,ac,active,active
w.ad,ad,undelegated inactive,inactive
w.ae,ae,undelegated disallowed,disallowed
w.af,af,active,active
w.ag,ag,active,active
w.ai,ai,active,active
w.al,al,undelegated,undelegated
w.am,am,undelegated claimed,claimed
w.an,an,disallowed,disallowed
w.ao,ao,undelegated,undelegated
w.aq,aq,undelegated,undelegated
w.ar,ar,active,active
w.as,as,reserved,reserved
w.at,at,active,active
w.au,au,undelegated reserved,reserved
w.aw,aw,undelegated,undelegated
w.ax,ax,undelegated disallowed,disallowed
w.az,az,reserved,reserved
w.ba,ba,undelegated,undelegated
w.bb,bb,undelegated,undelegated
w.bd,bd,disallowed,disallowed
w.be,be,reserved,reserved
w.bf,bf,undelegated inactive,inactive
w.bg,w.bg,undelegated zone,zone
w.bh,bh,undelegated inactive premium,premium
w.bi,bi,undelegated reserved,reserved
w.bj,bj,undelegated,undelegated
w.bm,bm,undelegated inactive,inactive
w.bn,bn,undelegated inactive,inactive
w.bo,bo,active,active
w.br,br,undelegated disallowed,disallowed
w.bs,bs,undelegated,undelegated
w.bt,bt,undelegated,undelegated
w.bv,bv,disallowed,disallowed
w.bw,bw,active,active
w.by,by,undelegated,undelegated
w.bz,bz,undelegated active,active
w.ca,ca,reserved,reserved
w.cc,cc,active,active
w.cd,cd,active,active
w.cf,cf,undelegated,undelegated
w.cg,cg,active,active
w.ch,ch,reserved,reserved
w.ci,ci,active,active
w.ck,ck,disallowed,disallowed
w.cl,cl,active,active
w.cm,cm,active,active
w.cn,cn,undelegated active,active
w.co,co,marketed active,active
w.cr,cr,active,active
w.cu,cu,undelegated,undelegated
w.cv,cv,active,active
w.cw,cw,undelegated,undelegated
w.cx,cx,marketed priced active,active
w.cy,cy,disallowed,disallowed
w.cz,cz,active,active
w.de,de,active,active
w.dj,dj,active,active
w.dk,dk,active,active
w.dm,dm,active,active
w.do,do,undelegated,undelegated
w.dz,dz,undelegated,undelegated
w.ec,ec,undelegated disallowed,disallowed
w.ee,ee,marketed priced active,active
w.eg,eg,undelegated,undelegated
w.er,er,disallowed,disallowed
w.es,es,undelegated disallowed,disallowed
w.et,et,active,active
w.eu,eu,reserved,reserved
w.fi,fi,undelegated disallowed,disallowed
w.fj,fj,undelegated inactive,inactive
w.fk,fk,disallowed,disallowed
w.fm,fm,active,active
w.fo,fo,active,active
w.fr,fr,reserved,reserved
w.ga,ga,undelegated active,active
w.gb,gb,disallowed,disallowed
w.gd,gd,active,active
w.ge,ge,undelegated active,active
w.gf,gf,undelegated inactive,inactive
w.gg,gg,active,active
w.gh,gh,disallowed,disallowed
w.gi,gi,undelegated inactive,inactive
w.gl,gl,marketed active parked,parked
w.gm,gm,undelegated,undelegated
w.gn,gn,disallowed,disallowed
w.gp,gp,marketed active,active
w.gq,gq,undelegated inactive,inactive
w.gr,gr,undelegated active,active
w.gs,gs,marketed priced active,active
w.gt,gt,active,active
w.gu,gu,undelegated,undelegated
w.gw,gw,undelegated,undelegated
w.gy,gy,undelegated inactive,inactive
w.hk,hk,reserved,reserved
w.hm,hm,active,active
w.hn,hn,active,active
w.hr,hr,active,active
w.ht,ht,active,active
w.hu,hu,undelegated disallowed,disallowed
w.id,id,reserved,reserved
w.ie,ie,active,active
w.il,il,disallowed,disallowed
w.im,im,undelegated premium active,active
w.in,in,reserved,reserved
w.io,io,marketed priced active,active
w.iq,iq,undelegated,undelegated
w.ir,ir,undelegated,undelegated
w.is,is,active,active
w.it,it,undelegated disallowed,disallowed
w.je,je,active,active
w.jm,jm,disallowed,disallowed
w.jo,jo,undelegated,undelegated
w.jp,jp,undelegated disallowed,disallowed
w.ke,ke,disallowed,disallowed
w.kg,kg,undelegated disallowed,disallowed
w.kh,kh,undelegated,undelegated
w.ki,ki,active,active
w.km,km,undelegated,undelegated
w.kn,kn,undelegated,undelegated
w.kp,kp,undelegated,undelegated
w.kr,kr,undelegated reserved,reserved
w.kw,kw,undelegated,undelegated
w.ky,ky,undelegated reserved,reserved
w.kz,kz,active,active
w.la,la,active,active
w.lb,lb,disallowed,disallowed
w.lc,lc,active,active
w.li,li,reserved,reserved
w.lk,lk,disallowed,disallowed
w.lr,lr,disallowed,disallowed
w.ls,ls,active,active
w.lt,lt,undelegated disallowed,disallowed
w.lu,lu,active,active
w.lv,lv,undelegated disallowed,disallowed
w.ly,ly,active,active
w.ma,ma,undelegated disallowed,disallowed
w.mc,mc,undelegated,undelegated
w.md,md,marketed undelegated disallowed,disallowed
w.me,me,active,active
w.mf,mf,disallowed,disallowed
w.mg,mg,undelegated active,active
w.mh,mh,disallowed,disallowed
w.mk,mk,active,active
w.ml,ml,marketed priced active parked,parked
w.mm,mm,disallowed,disallowed
w.mn,mn,undelegated active,active
w.mo,mo,undelegated inactive,inactive
w.mp,mp,reserved,reserved
w.mq,mq,undelegated inactive,inactive
w.mr,mr,active,active
w.ms,ms,active,active
w.mt,mt,undelegated,undelegated
w.mu,mu,undelegated active,active
w.mv,mv,undelegated,undelegated
w.mw,mw,active,active
w.mx,mx,undelegated reserved,reserved
w.my,my,undelegated active,active
w.mz,mz,disallowed,disallowed
w.na,na,undelegated,undelegated
w.nc,nc,reserved,reserved
w.ne,ne,undelegated,undelegated
w.nf,nf,active,active
w.ng,ng,undelegated,undelegated
w.ni,ni,disallowed,disallowed
w.nl,nl,reserved,reserved
w.no,no,undelegated inactive,inactive
w.np,np,disallowed,disallowed
w.nr,nr,undelegated,undelegated
w.nu,nu,active,active
w.nz,nz,undelegated reserved,reserved
w.om,om,undelegated reserved,reserved
w.pa,pa,undelegated,undelegated
w.pe,pe,marketed priced active,active
w.pf,pf,undelegated,undelegated
w.pg,pg,undelegated inactive,inactive
w.ph,ph,disallowed,disallowed
w.pk,pk,undelegated inactive,inactive
w.pl,pl,active,active
w.pm,pm,reserved,reserved
w.pn,pn,active,active
w.pr,pr,undelegated active,active
w.ps,ps,undelegated active,active
w.pt,pt,reserved,reserved
w.pw,pw,active,active
w.py,py,disallowed,disallowed
w.qa,qa,undelegated disallowed,disallowed
w.re,re,reserved,reserved
w.ro,ro,active,active
w.rs,rs,undelegated disallowed,disallowed
w.ru,ru,reserved,reserved
w.rw,rw,marketed priced active,active
w.sa,sa,undelegated,undelegated
w.sb,sb,active,active
w.sc,sc,marketed priced active,active
w.sd,sd,active,active
w.se,w.se,undelegated zone,zone
w.sg,sg,undelegated reserved,reserved
w.sh,sh,active,active
w.si,si,undelegated disallowed,disallowed
w.sj,sj,disallowed,disallowed
w.sk,sk,undelegated active,active
w.sl,sl,undelegated,undelegated
w.sm,sm,undelegated,undelegated
w.sn,sn,disallowed,disallowed
w.so,so,undelegated active,active
w.sr,sr,undelegated,undelegated
w.ss,ss,undelegated,undelegated
w.st,st,active,active
w.su,su,undelegated reserved,reserved
w.sv,sv,active,active
w.sx,sx,undelegated disallowed,disallowed
w.sy,sy,undelegated reserved,reserved
w.sz,sz,undelegated,undelegated
w.tc,tc,active,active
w.td,td,marketed priced active,active
w.tf,tf,reserved,reserved
w.tg,tg,undelegated inactive,inactive
w.th,th,disallowed,disallowed
w.tj,tj,active,active
w.tk,tk,undelegated,undelegated
w.tl,tl,marketed active,active
w.tm,tm,active,active
w.tn,tn,undelegated,undelegated
w.to,to,undelegated claimed,claimed
w.tp,tp,disallowed,disallowed
w.tr,tr,disallowed,disallowed
w.tt,tt,active,active
w.tv,tv,active,active
w.tw,tw,undelegated inactive,inactive
w.tz,tz,disallowed,disallowed
w.ua,ua,active,active
w.ug,ug,undelegated,undelegated
w.uk,uk,active,active
w.um,um,disallowed,disallowed
w.us,us,undelegated active,active
w.uy,uy,active,active
w.uz,uz,undelegated inactive,inactive
w.va,va,active,active
w.vc,vc,undelegated active,active
w.ve,ve,disallowed,disallowed
w.vg,vg,marketed priced premium active,active
w.vi,vi,disallowed,disallowed
w.vn,vn,undelegated active,active
w.vu,vu,active,active
w.wf,wf,reserved,reserved
w.ws,ws,inactive premium,premium
w.ye,ye,disallowed,disallowed
w.yt,yt,reserved,reserved
w.za,za,disallowed,disallowed
w.zm,zm,undelegated inactive,inactive
w.zw,zw,undelegated,undelegated
x.ac,ac,active,active
x.ad,ad,undelegated inactive,inactive
x.ae,ae,undelegated disallowed,disallowed
x.af,af,marketed priced active,active
x.ag,ag,active,active
x.ai,ai,active,active
x.al,al,undelegated,undelegated
x.am,am,claimed,claimed
x.an,an,disallowed,disallowed
x.ao,ao,undelegated,undelegated
x.aq,aq,undelegated,undelegated
x.ar,ar,active,active
x.as,as,reserved,reserved
x.at,at,active,active
x.au,au,undelegated reserved,reserved
x.aw,aw,undelegated,undelegated
x.ax,ax,undelegated disallowed,disallowed
x.az,az,reserved,reserved
x.ba,ba,undelegated,undelegated
x.bb,bb,active,active
x.bd,bd,disallowed,disallowed
x.be,be,reserved,reserved
x.bf,bf,undelegated inactive,inactive
x.bg,x.bg,undelegated zone,zone
x.bh,bh,undelegated inactive premium,premium
x.bi,bi,active,active
x.bj,bj,undelegated,undelegated
x.bm,bm,undelegated inactive,inactive
x.bn,bn,undelegated inactive,inactive
x.bo,bo,active,active
x.br,br,undelegated disallowed,disallowed
x.bs,bs,undelegated,undelegated
x.bt,bt,undelegated,undelegated
x.bv,bv,disallowed,disallowed
x.bw,bw,active,active
x.by,by,undelegated,undelegated
x.bz,bz,active,active
x.ca,ca,reserved,reserved
x.cc,cc,active,active
x.cd,cd,active,active
x.cf,cf,undelegated,undelegated
x.cg,cg,active,active
x.ch,ch,reserved,reserved
x.ci,ci,active,active
x.ck,ck,disallowed,disallowed
x.cl,cl,active,active
x.cm,cm,active,active
x.cn,cn,active,active
x.co,co,marketed active,active
x.cr,cr,active,active
x.cu,cu,undelegated,undelegated
x.cv,cv,active,active
x.cw,cw,undelegated,undelegated
x.cx,cx,active,active
x.cy,cy,disallowed,disallowed
x.cz,cz,active,active
x.de,de,marketed active parked,parked
x.dj,dj,active,active
x.dk,dk,active,active
x.dm,dm,undelegated premium active,active
x.do,do,undelegated,undelegated
x.dz,dz,undelegated,undelegated
x.ec,ec,undelegated disallowed,disallowed
x.ee,ee,marketed undelegated active,active
x.eg,eg,undelegated,undelegated
x.er,er,disallowed,disallowed
x.es,es,undelegated disallowed,disallowed
x.et,et,active,active
x.eu,eu,reserved,reserved
x.fi,fi,undelegated disallowed,disallowed
x.fj,fj,undelegated inactive,inactive
x.fk,fk,disallowed,disallowed
x.fm,fm,marketed active,active
x.fo,fo,active,active
x.fr,fr,reserved,reserved
x.ga,ga,undelegated active,active
x.gb,gb,disallowed,disallowed
x.gd,gd,premium active,active
x.ge,ge,undelegated active,active
x.gf,gf,undelegated inactive,inactive
x.gg,gg,marketed priced active,active
x.gh,gh,disallowed,disallowed
x.gi,gi,undelegated inactive,inactive
x.gl,gl,active,active
x.gm,gm,undelegated,undelegated
x.gn,gn,disallowed,disallowed
x.gp,gp,active,active
x.gq,gq,undelegated inactive,inactive
x.gr,gr,undelegated active,active
x.gs,gs,marketed priced active,active
x.gt,gt,marketed active parked,parked
x.gu,gu,undelegated,undelegated
x.gw,gw,undelegated,undelegated
x.gy,gy,undelegated inactive,inactive
x.hk,hk,reserved,reserved
x.hm,hm,active,active
x.hn,hn,active,active
x.hr,hr,marketed active parked,parked
x.ht,ht,marketed active,active
x.hu,hu,undelegated disallowed,disallowed
x.id,id,reserved,reserved
x.ie,ie,active,active
x.il,il,disallowed,disallowed
x.im,im,marketed priced undelegated premium active,active
x.in,in,reserved,reserved
x.io,io,active,active
x.iq,iq,undelegated,undelegated
x.ir,ir,undelegated,undelegated
x.is,is,active,active
x.it,it,marketed priced undelegated disallowed,disallowed
x.je,je,active,active
x.jm,jm,disallowed,disallowed
x.jo,jo,undelegated,undelegated
x.jp,jp,undelegated disallowed,disallowed
x.ke,ke,disallowed,disallowed
x.kg,kg,marketed priced active,active
x.kh,kh,undelegated,undelegated
x.ki,ki,active,active
x.km,km,undelegated,undelegated
x.kn,kn,undelegated,undelegated
x.kp,kp,undelegated,undelegated
x.kr,kr,undelegated reserved,reserved
x.kw,kw,undelegated,undelegated
x.ky,ky,undelegated reserved,reserved
x.kz,kz,active,active
x.la,la,marketed active,active
x.lb,lb,disallowed,disallowed
x.lc,lc,active,active
x.li,li,reserved,reserved
x.lk,lk,disallowed,disallowed
x.lr,lr,disallowed,disallowed
x.ls,ls,marketed active,active
x.lt,lt,undelegated disallowed,disallowed
x.lu,lu,marketed priced undelegated claimed,claimed
x.lv,lv,undelegated disallowed,disallowed
x.ly,ly,claimed active,active
x.ma,ma,undelegated disallowed,disallowed
x.mc,mc,undelegated,undelegated
x.md,md,undelegated disallowed,disallowed
x.me,me,premium active,active
x.mf,mf,disallowed,disallowed
x.mg,mg,undelegated active,active
x.mh,mh,disallowed,disallowed
x.mk,mk,active,active
x.ml,ml,marketed priced active,active
x.mm,mm,disallowed,disallowed
x.mn,mn,undelegated active,active
x.mo,mo,undelegated inactive,inactive
x.mp,mp,reserved,reserved
x.mq,mq,undelegated inactive,inactive
x.mr,mr,active,active
x.ms,ms,active,active
x.mt,mt,undelegated,undelegated
x.mu,mu,undelegated active,active
x.mv,mv,undelegated,undelegated
x.mw,mw,active,active
x.mx,mx,undelegated reserved,reserved
x.my,my,active,active
x.mz,mz,disallowed,disallowed
x.na,na,undelegated,undelegated
x.nc,nc,reserved,reserved
x.ne,ne,undelegated,undelegated
x.nf,nf,active,active
x.ng,ng,undelegated,undelegated
x.ni,ni,disallowed,disallowed
x.nl,nl,reserved,reserved
x.no,no,undelegated inactive,inactive
x.np,np,disallowed,disallowed
x.nr,nr,undelegated,undelegated
x.nu,nu,active,active
x.nz,nz,active,active
x.om,om,undelegated reserved,reserved
x.pa,pa,undelegated,undelegated
x.pe,pe,active,active
x.pf,pf,undelegated,undelegated
x.pg,pg,undelegated inactive,inactive
x.ph,ph,disallowed,disallowed
x.pk,pk,undelegated inactive,inactive
x.pl,pl,active,active
x.pm,pm,reserved,reserved
x.pn,pn,active,active
x.pr,pr,active,active
x.ps,ps,undelegated active,active
x.pt,pt,reserved,reserved
x.pw,pw,undelegated inactive premium,premium
x.py,py,disallowed,disallowed
x.qa,qa,disallowed,disallowed
x.re,re,reserved,reserved
x.ro,ro,active,active
x.rs,rs,undelegated disallowed,disallowed
x.ru,ru,reserved,reserved
x.rw,rw,marketed priced active,active
x.sa,sa,undelegated,undelegated
x.sb,sb,active,active
x.sc,sc,marketed active,active
x.sd,sd,undelegated active,active
x.se,x.se,undelegated zone,zone
x.sg,sg,active,active
x.sh,sh,active,active
x.si,si,undelegated disallowed,disallowed
x.sj,sj,disallowed,disallowed
x.sk,sk,active,active
x.sl,sl,undelegated reserved,reserved
x.sm,sm,undelegated,undelegated
x.sn,sn,disallowed,disallowed
x.so,so,undelegated active,active
x.sr,sr,active,active
x.ss,ss,undelegated,undelegated
x.st,st,active,active
x.su,su,undelegated reserved,reserved
x.sv,sv,active,active
x.sx,sx,undelegated disallowed,disallowed
x.sy,sy,undelegated reserved,reserved
x.sz,sz,undelegated,undelegated
x.tc,tc,active,active
x.td,td,marketed priced active parked,parked
x.tf,tf,reserved,reserved
x.tg,tg,undelegated inactive,inactive
x.th,th,disallowed,disallowed
x.tj,tj,marketed priced active parked,parked
x.tk,tk,undelegated,undelegated
x.tl,tl,active,active
x.tm,tm,active,active
x.tn,tn,undelegated,undelegated
x.to,to,marketed priced active parked,parked
x.tp,tp,disallowed,disallowed
x.tr,tr,disallowed,disallowed
x.tt,tt,active,active
x.tv,tv,active,active
x.tw,tw,undelegated inactive,inactive
x.tz,tz,disallowed,disallowed
x.ua,ua,active,active
x.ug,ug,undelegated,undelegated
x.uk,uk,active,active
x.um,um,disallowed,disallowed
x.us,us,undelegated active,active
x.uy,uy,marketed priced active,active
x.uz,uz,undelegated inactive,inactive
x.va,va,undelegated active,active
x.vc,vc,undelegated active,active
x.ve,ve,disallowed,disallowed
x.vg,vg,premium active,active
x.vi,vi,disallowed,disallowed
x.vn,vn,undelegated active,active
x.vu,vu,active,active
x.wf,wf,reserved,reserved
x.ws,ws,marketed inactive premium,premium
x.ye,ye,disallowed,disallowed
x.yt,yt,reserved,reserved
x.za,za,disallowed,disallowed
x.zm,zm,undelegated inactive,inactive
x.zw,zw,undelegated,undelegated
y.ac,ac,active,active
y.ad,ad,undelegated inactive,inactive
y.ae,ae,disallowed,disallowed
y.af,af,undelegated active,active
y.ag,ag,active,active
y.ai,ai,marketed active,active
y.al,al,undelegated,undelegated
y.am,am,active,active
y.an,an,disallowed,disallowed
y.ao,ao,undelegated,undelegated
y.aq,aq,undelegated,undelegated
y.ar,ar,marketed active,active
y.as,as,reserved,reserved
y.at,at,active,active
y.au,au,undelegated reserved,reserved
y.aw,aw,undelegated,undelegated
y.ax,ax,undelegated disallowed,disallowed
y.az,az,reserved,reserved
y.ba,ba,undelegated,undelegated
y.bb,bb,undelegated,undelegated
y.bd,bd,disallowed,disallowed
y.be,be,reserved,reserved
y.bf,bf,undelegated inactive,inactive
y.bg,y.bg,undelegated zone,zone
y.bh,bh,undelegated inactive premium,premium
y.bi,bi,undelegated reserved,reserved
y.bj,bj,undelegated,undelegated
y.bm,bm,undelegated inactive,inactive
y.bn,bn,undelegated inactive,inactive
y.bo,bo,active,active
y.br,br,undelegated disallowed,disallowed
y.bs,bs,undelegated,undelegated
y.bt,bt,undelegated,undelegated
y.bv,bv,disallowed,disallowed
y.bw,bw,active,active
y.by,by,undelegated,undelegated
y.bz,bz,active,active
y.ca,ca,reserved,reserved
y.cc,cc,reserved active,active
y.cd,cd,active,active
y.cf,cf,undelegated,undelegated
y.cg,cg,active,active
y.ch,ch,reserved,reserved
y.ci,ci,undelegated,undelegated
y.ck,ck,disallowed,disallowed
y.cl,cl,active,active
y.cm,cm,active,active
y.cn,cn,marketed active,active
y.co,co,active,active
y.cr,cr,marketed undelegated active,active
y.cu,cu,undelegated,undelegated
y.cv,cv,active,active
y.cw,cw,undelegated,undelegated
y.cx,cx,active,active
y.cy,cy,disallowed,disallowed
y.cz,cz,active,active
y.de,de,active,active
y.dj,dj,undelegated,undelegated
y.dk,dk,active,active
y.dm,dm,undelegated active,active
y.do,do,undelegated,undelegated
y.dz,dz,undelegated,undelegated
y.ec,ec,undelegated disallowed,disallowed
y.ee,ee,active,active
y.eg,eg,undelegated,undelegated
y.er,er,disallowed,disallowed
y.es,es,undelegated disallowed,disallowed
y.et,et,active,active
y.eu,eu,reserved,reserved
y.fi,fi,undelegated disallowed,disallowed
y.fj,fj,undelegated inactive,inactive
y.fk,fk,disallowed,disallowed
y.fm,fm,active,active
y.fo,fo,active,active
y.fr,fr,reserved,reserved
y.ga,ga,undelegated active,active
y.gb,gb,disallowed,disallowed
y.gd,gd,active,active
y.ge,ge,undelegated active,active
y.gf,gf,undelegated inactive,inactive
y.gg,gg,active,active
y.gh,gh,disallowed,disallowed
y.gi,gi,undelegated inactive,inactive
y.gl,gl,active,active
y.gm,gm,undelegated,undelegated
y.gn,gn,disallowed,disallowed
y.gp,gp,active,active
y.gq,gq,undelegated inactive,inactive
y.gr,gr,undelegated active,active
y.gs,gs,marketed priced active,active
y.gt,gt,active,active
y.gu,gu,undelegated,undelegated
y.gw,gw,undelegated,undelegated
y.gy,gy,active,active
y.hk,hk,reserved,reserved
y.hm,hm,active,active
y.hn,hn,marketed priced active,active
y.hr,hr,active,active
y.ht,ht,marketed priced active,active
y.hu,hu,undelegated disallowed,disallowed
y.id,id,reserved,reserved
y.ie,ie,active,active
y.il,il,disallowed,disallowed
y.im,im,undelegated premium active,active
y.in,in,reserved,reserved
y.io,io,marketed active,active
y.iq,iq,undelegated,undelegated
y.ir,ir,undelegated,undelegated
y.is,is,active,active
y.it,it,undelegated disallowed,disallowed
y.je,je,active,active
y.jm,jm,disallowed,disallowed
y.jo,jo,undelegated,undelegated
y.jp,jp,undelegated disallowed,disallowed
y.ke,ke,disallowed,disallowed
y.kg,kg,active,active
y.kh,kh,undelegated,undelegated
y.ki,ki,undelegated active,active
y.km,km,undelegated,undelegated
y.kn,kn,undelegated,undelegated
y.kp,kp,undelegated,undelegated
y.kr,kr,undelegated reserved,reserved
y.kw,kw,undelegated,undelegated
y.ky,ky,undelegated reserved,reserved
y.kz,kz,active,active
y.la,la,active,active
y.lb,lb,disallowed,disallowed
y.lc,lc,active,active
y.li,li,reserved,reserved
y.lk,lk,disallowed,disallowed
y.lr,lr,disallowed,disallowed
y.ls,ls,marketed active,active
y.lt,lt,undelegated disallowed,disallowed
y.lu,lu,marketed undelegated claimed,claimed
y.lv,lv,undelegated disallowed,disallowed
y.ly,ly,active,active
y.ma,ma,undelegated disallowed,disallowed
y.mc,mc,undelegated,undelegated
y.md,md,marketed undelegated claimed,claimed
y.me,me,active,active
y.mf,mf,disallowed,disallowed
y.mg,mg,undelegated active,active
y.mh,mh,disallowed,disallowed
y.mk,mk,marketed priced active parked,parked
y.ml,ml,marketed priced active parked,parked
y.mm,mm,disallowed,disallowed
y.mn,mn,undelegated active,active
y.mo,mo,undelegated inactive,inactive
y.mp,mp,reserved,reserved
y.mq,mq,undelegated inactive,inactive
y.mr,mr,active,active
y.ms,ms,active,active
y.mt,mt,active,active
y.mu,mu,undelegated active,active
y.mv,mv,undelegated,undelegated
y.mw,mw,active,active
y.mx,mx,undelegated reserved,reserved
y.my,my,undelegated active,active
y.mz,mz,disallowed,disallowed
y.na,na,undelegated,undelegated
y.nc,nc,reserved,reserved
y.ne,ne,undelegated,undelegated
y.nf,nf,marketed priced active,active
y.ng,ng,undelegated,undelegated
y.ni,ni,disallowed,disallowed
y.nl,nl,reserved,reserved
y.no,no,undelegated inactive,inactive
y.np,np,disallowed,disallowed
y.nr,nr,undelegated,undelegated
y.nu,nu,active,active
y.nz,nz,undelegated reserved,reserved
y.om,om,undelegated reserved,reserved
y.pa,pa,undelegated,undelegated
y.pe,pe,active,active
y.pf,pf,undelegated,undelegated
y.pg,pg,undelegated inactive,inactive
y.ph,ph,disallowed,disallowed
y.pk,pk,undelegated inactive,inactive
y.pl,pl,disallowed active,active
y.pm,pm,reserved,reserved
y.pn,pn,active,active
y.pr,pr,active,active
y.ps,ps,undelegated active,active
y.pt,pt,reserved,reserved
y.pw,pw,active,active
y.py,py,disallowed,disallowed
y.qa,qa,undelegated disallowed,disallowed
y.re,re,reserved,reserved
y.ro,ro,active,active
y.rs,rs,undelegated disallowed,disallowed
y.ru,ru,reserved,reserved
y.rw,rw,marketed priced active,active
y.sa,sa,undelegated,undelegated
y.sb,sb,active,active
y.sc,sc,undelegated inactive premium,premium
y.sd,sd,active,active
y.se,y.se,undelegated zone,zone
y.sg,sg,active,active
y.sh,sh,active,active
y.si,si,undelegated disallowed,disallowed
y.sj,sj,disallowed,disallowed
y.sk,sk,undelegated active,active
y.sl,sl,undelegated,undelegated
y.sm,sm,undelegated,undelegated
y.sn,sn,disallowed,disallowed
y.so,so,disallowed,disallowed
y.sr,sr,undelegated,undelegated
y.ss,ss,undelegated,undelegated
y.st,st,active,active
y.su,su,undelegated reserved,reserved
y.sv,sv,active,active
y.sx,sx,undelegated disallowed,disallowed
y.sy,sy,undelegated reserved,reserved
y.sz,sz,undelegated,undelegated
y.tc,tc,active,active
y.td,td,marketed priced active,active
y.tf,tf,reserved,reserved
y.tg,tg,undelegated inactive,inactive
y.th,th,disallowed,disallowed
y.tj,tj,active,active
y.tk,tk,undelegated,undelegated
y.tl,tl,undelegated claimed,claimed
y.tm,tm,active,active
y.tn,tn,undelegated,undelegated
y.to,to,active,active
y.tp,tp,disallowed,disallowed
y.tr,tr,disallowed,disallowed
y.tt,tt,active,active
y.tv,tv,marketed active,active
y.tw,tw,undelegated inactive,inactive
y.tz,tz,disallowed,disallowed
y.ua,ua,active,active
y.ug,ug,undelegated,undelegated
y.uk,uk,active,active
y.um,um,disallowed,disallowed
y.us,us,undelegated active,active
y.uy,uy,marketed priced active parked,parked
y.uz,uz,undelegated inactive,inactive
y.va,va,active,active
y.vc,vc,undelegated active,active
y.ve,ve,disallowed,disallowed
y.vg,vg,premium active,active
y.vi,vi,disallowed,disallowed
y.vn,vn,undelegated active,active
y.vu,vu,active,active
y.wf,wf,reserved,reserved
y.ws,ws,inactive premium,premium
y.ye,ye,disallowed,disallowed
y.yt,yt,reserved,reserved
y.za,za,disallowed,disallowed
y.zm,zm,undelegated inactive,inactive
y.zw,zw,undelegated,undelegated
z.ac,ac,active,active
z.ad,ad,undelegated inactive,inactive
z.ae,ae,undelegated disallowed,disallowed
z.af,af,active,active
z.ag,ag,active,active
z.ai,ai,active,active
z.al,al,undelegated,undelegated
z.am,am,marketed active parked,parked
z.an,an,disallowed,disallowed
z.ao,ao,undelegated,undelegated
z.aq,aq,undelegated,undelegated
z.ar,ar,marketed priced active,active
z.as,as,reserved,reserved
z.at,at,active,active
z.au,au,undelegated reserved,reserved
z.aw,aw,undelegated,undelegated
z.ax,ax,undelegated disallowed,disallowed
z.az,az,reserved,reserved
z.ba,ba,undelegated,undelegated
z.bb,bb,active,active
z.bd,bd,disallowed,disallowed
z.be,be,reserved,reserved
z.bf,bf,undelegated inactive,inactive
z.bg,z.bg,undelegated zone,zone
z.bh,bh,undelegated inactive premium,premium
z.bi,bi,undelegated reserved,reserved
z.bj,bj,undelegated,undelegated
z.bm,bm,undelegated inactive,inactive
z.bn,bn,undelegated inactive,inactive
z.bo,bo,active,active
z.br,br,undelegated disallowed,disallowed
z.bs,bs,undelegated,undelegated
z.bt,bt,undelegated,undelegated
z.bv,bv,disallowed,disallowed
z.bw,bw,active,active
z.by,by,undelegated,undelegated
z.bz,bz,active,active
z.ca,ca,reserved,reserved
z.cc,cc,marketed active,active
z.cd,cd,active,active
z.cf,cf,undelegated,undelegated
z.cg,cg,active,active
z.ch,ch,reserved,reserved
z.ci,ci,undelegated,undelegated
z.ck,ck,disallowed,disallowed
z.cl,cl,active,active
z.cm,cm,active,active
z.cn,cn,active,active
z.co,co,active,active
z.cr,cr,marketed undelegated active,active
z.cu,cu,undelegated,undelegated
z.cv,cv,active,active
z.cw,cw,undelegated,undelegated
z.cx,cx,active,active
z.cy,cy,disallowed,disallowed
z.cz,cz,active,active
z.de,de,active,active
z.dj,dj,active,active
z.dk,dk,active,active
z.dm,dm,undelegated active,active
z.do,do,undelegated,undelegated
z.dz,dz,undelegated,undelegated
z.ec,ec,undelegated disallowed,disallowed
z.ee,ee,active,active
z.eg,eg,undelegated,undelegated
z.er,er,disallowed,disallowed
z.es,es,undelegated disallowed,disallowed
z.et,et,active,active
z.eu,eu,reserved,reserved
z.fi,fi,disallowed,disallowed
z.fj,fj,undelegated inactive,inactive
z.fk,fk,disallowed,disallowed
z.fm,fm,active,active
z.fo,fo,active,active
z.fr,fr,reserved,reserved
z.ga,ga,undelegated active,active
z.gb,gb,disallowed,disallowed
z.gd,gd,active,active
z.ge,ge,undelegated active,active
z.gf,gf,undelegated inactive,inactive
z.gg,gg,active,active
z.gh,gh,disallowed,disallowed
z.gi,gi,undelegated inactive,inactive
z.gl,gl,marketed active,active
z.gm,gm,undelegated,undelegated
z.gn,gn,disallowed,disallowed
z.gp,gp,active,active
z.gq,gq,undelegated inactive,inactive
z.gr,gr,undelegated active,active
z.gs,gs,active,active
z.gt,gt,active,active
z.gu,gu,undelegated,undelegated
z.gw,gw,undelegated,undelegated
z.gy,gy,marketed active parked,parked
z.hk,hk,reserved,reserved
z.hm,hm,active,active
z.hn,hn,active,active
z.hr,hr,active,active
z.ht,ht,active,active
z.hu,hu,undelegated disallowed,disallowed
z.id,id,reserved,reserved
z.ie,ie,active,active
z.il,il,disallowed,disallowed
z.im,im,undelegated premium active,active
z.in,in,reserved,reserved
z.io,io,marketed priced active,active
z.iq,iq,undelegated,undelegated
z.ir,ir,undelegated,undelegated
z.is,is,active,active
z.it,it,undelegated disallowed,disallowed
z.je,je,marketed priced active,active
z.jm,jm,disallowed,disallowed
z.jo,jo,undelegated,undelegated
z.jp,jp,undelegated disallowed,disallowed
z.ke,ke,disallowed,disallowed
z.kg,kg,active,active
z.kh,kh,undelegated,undelegated
z.ki,ki,undelegated inactive,inactive
z.km,km,undelegated,undelegated
z.kn,kn,undelegated,undelegated
z.kp,kp,undelegated,undelegated
z.kr,kr,undelegated reserved,reserved
z.kw,kw,undelegated,undelegated
z.ky,ky,undelegated reserved,reserved
z.kz,kz,active,active
z.la,la,active,active
z.lb,lb,disallowed,disallowed
z.lc,lc,active,active
z.li,li,reserved,reserved
z.lk,lk,disallowed,disallowed
z.lr,lr,disallowed,disallowed
z.ls,ls,active,active
z.lt,lt,undelegated disallowed,disallowed
z.lu,lu,marketed undelegated claimed,claimed
z.lv,lv,undelegated disallowed,disallowed
z.ly,ly,claimed active,active
z.ma,ma,undelegated disallowed,disallowed
z.mc,mc,undelegated,undelegated
z.md,md,undelegated disallowed,disallowed
z.me,me,inactive premium,premium
z.mf,mf,disallowed,disallowed
z.mg,mg,undelegated active,active
z.mh,mh,disallowed,disallowed
z.mk,mk,active,active
z.ml,ml,undelegated inactive,inactive
z.mm,mm,disallowed,disallowed
z.mn,mn,undelegated active,active
z.mo,mo,undelegated inactive,inactive
z.mp,mp,reserved,reserved
z.mq,mq,undelegated inactive,inactive
z.mr,mr,active,active
z.ms,ms,active,active
z.mt,mt,undelegated,undelegated
z.mu,mu,undelegated active,active
z.mv,mv,undelegated,undelegated
z.mw,mw,active,active
z.mx,mx,undelegated reserved,reserved
z.my,my,undelegated active,active
z.mz,mz,disallowed,disallowed
z.na,na,undelegated,undelegated
z.nc,nc,reserved,reserved
z.ne,ne,undelegated,undelegated
z.nf,nf,active,active
z.ng,ng,undelegated,undelegated
z.ni,ni,disallowed,disallowed
z.nl,nl,reserved,reserved
z.no,no,undelegated inactive,inactive
z.np,np,disallowed,disallowed
z.nr,nr,undelegated,undelegated
z.nu,nu,active,active
z.nz,nz,undelegated active,active
z.om,om,undelegated reserved,reserved
z.pa,pa,undelegated,undelegated
z.pe,pe,marketed active,active
z.pf,pf,undelegated,undelegated
z.pg,pg,undelegated inactive,inactive
z.ph,ph,disallowed,disallowed
z.pk,pk,undelegated inactive,inactive
z.pl,pl,disallowed,disallowed
z.pm,pm,reserved,reserved
z.pn,pn,active,active
z.pr,pr,active,active
z.ps,ps,active,active
z.pt,pt,reserved,reserved
z.pw,pw,premium active,active
z.py,py,disallowed,disallowed
z.qa,qa,disallowed,disallowed
z.re,re,reserved,reserved
z.ro,ro,active,active
z.rs,rs,undelegated disallowed,disallowed
z.ru,ru,reserved,reserved
z.rw,rw,marketed priced active,active
z.sa,sa,undelegated,undelegated
z.sb,sb,active,active
z.sc,sc,undelegated inactive premium,premium
z.sd,sd,undelegated active,active
z.se,z.se,undelegated zone,zone
z.sg,sg,active,active
z.sh,sh,active,active
z.si,si,undelegated disallowed,disallowed
z.sj,sj,disallowed,disallowed
z.sk,sk,undelegated active,active
z.sl,sl,undelegated,undelegated
z.sm,sm,undelegated,undelegated
z.sn,sn,disallowed,disallowed
z.so,so,undelegated disallowed,disallowed
z.sr,sr,undelegated,undelegated
z.ss,ss,undelegated,undelegated
z.st,st,active,active
z.su,su,undelegated reserved,reserved
z.sv,sv,active,active
z.sx,sx,undelegated disallowed,disallowed
z.sy,sy,undelegated reserved,reserved
z.sz,sz,undelegated,undelegated
z.tc,tc,active,active
z.td,td,active,active
z.tf,tf,reserved,reserved
z.tg,tg,undelegated inactive,inactive
z.th,th,disallowed,disallowed
z.tj,tj,active,active
z.tk,tk,undelegated,undelegated
z.tl,tl,active,active
z.tm,tm,active,active
z.tn,tn,undelegated,undelegated
z.to,to,active,active
z.tp,tp,disallowed,disallowed
z.tr,tr,disallowed,disallowed
z.tt,tt,active,active
z.tv,tv,marketed active,active
z.tw,tw,undelegated inactive,inactive
z.tz,tz,disallowed,disallowed
z.ua,ua,active,active
z.ug,ug,undelegated,undelegated
z.uk,uk,marketed priced active,active
z.um,um,disallowed,disallowed
z.us,us,undelegated active,active
z.uy,uy,active,active
z.uz,uz,inactive,inactive
z.va,va,undelegated active,active
z.vc,vc,undelegated active,active
z.ve,ve,disallowed,disallowed
z.vg,vg,premium active,active
z.vi,vi,disallowed,disallowed
z.vn,vn,active,active
z.vu,vu,active,active
z.wf,wf,reserved,reserved
z.ws,ws,inactive premium,premium
z.ye,ye,disallowed,disallowed
z.yt,yt,reserved,reserved
z.za,za,disallowed,disallowed
z.zm,zm,undelegated inactive,inactive
z.zw,zw,undelegated,undelegated
