domain,url,for_sale,buy_now_price,all_prices_usd,summary
a.ai,https://hack.chat/?ai,False,NONE,,"A hack.chat settings page listing themes, notifications, and online users."
a.am,https://a.am,False,NONE,,"AMFORT Group is a private global family office focused on long-term investments, brand stewardship, and meaningful philanthropy."
a.ar,https://a.ar/,True,100000,100000,"A.AR domain currently for sale with a buy-it-now price of $100,000."
a.ac,https://a.ac/,False,NONE,,This is a 404 Not Found error page.
a.af,https://a.af,False,NONE,,Bitly page offering custom domains and branded link management services.
a.bw,https://a.bw/,False,NONE,,A personal professional portfolio and bio site for Avi Ginsberg.
a.cn,http://a.cn/,False,NONE,,"A private personal website in China seeking venture capital and offering to buy source code for classifieds, dating, and auction platforms."
a.bo,https://a.bo/,False,NONE,,An obfuscated snippet containing a URL-like string with no sale information.
a.cc,http://a.cc,False,NONE,,"A Chinese MCN and talent agency platform for online celebrities and models, offering live streaming, training, and talent management."
a.cl,https://sitios.cl/,False,NONE,"40.45, 70.96",Sitios.cl is a Chilean site directory portal.
a.at,http://a.at,False,NONE,"0, 36.19, 24.55, 30.69, 47.19, 121.0, 9.89, 5.45, 10.89","A1 Austria telecom site offering mobile, internet, and TV services."
a.de,https://a.de/,False,NONE,,A.de is a German domain name (using the .de top-level domain).
a.dk,https://a.dk/,False,NONE,,A.dk is a Danish accounting software startup preparing an upcoming 2025 launch.
a.cx,http://a.cx,False,NONE,,"A personal Chinese blog/portal focused on nostalgia hardware, domain names, and tech news."
a.fm,http://a.fm/,False,NONE,,Welcome page for the domain a.fm.
a.gl,https://www.a.gl/,False,NONE,,A website that shows a 403 Forbidden access error.
a.gg,https://www.swiss.chat/auth/login,False,NONE,,Swiss.chat is a sign-in page for a private Swiss AI assistant service.
a.gp,https://website.org/404?domain=a.gp,False,NONE,,Platform to register and host a free website using the a.gp domain through Website.org.
a.gt,https://a.gt,False,NONE,,Canada-based technology and consumer goods company promoting Canadian products worldwide.
a.hr,https://a.hr,False,NONE,,Croatian hotel website with reservations and information for Hotel Antunović Zagreb.
a.hm,https://a.hm/,False,NONE,,A system that lists websites and assigns weights based on referral traffic from friend links.
a.ie,http://a.ie/,False,NONE,,The domain is reserved and currently held by a client of Irish Domains.
a.je,https://a.je/,False,NONE,,An HTTP 401 Authorization Required error page.
a.cz,https://a.cz,False,NONE,"0.0, 1.56, 1.68, 1.84, 2.2, 3.0, 3.8, 3.96, 4.36, 5.0, 5.96, 13.96, 14.4, 15.96, 17.96, 23.96, 35.96, 187.6, 279.56, 339.6, 459.6, 639.6","EVA.cz is a Czech online shop offering household goods, tools, and garden products."
a.ke,https://a.ke/,True,NONE,,The a.ke domain appears to be potentially for sale.
a.ki,https://www.inmar.com/solutions/martech/brands/media,False,NONE,,"Inmar's Media for Brands is a B2B marketing technology platform offering data-driven advertising, personalization, and influencer marketing solutions."
a.is,https://a.is,False,NONE,,Arion Bank is an Icelandic full-service bank offering comprehensive financial services for individuals and businesses.
a.kz,https://a.kz,False,NONE,,PS.kz is a Kazakhstan-based hosting and domain registration provider offering .kz domains and 24/7 support.
a.ly,https://a.ly,False,NONE,,Spiking is an online stock trading AI platform and education community led by Dr. Clemen Chiang.
a.me,https://a.me,False,NONE,,Free AI-powered brand-name generator promoting .ME domains.
a.ml,https://a.ml,False,NONE,,"A technical site about AML (Anything Modeling Language) and the AMF open-source framework for parsing, generating, and validating metadata."
a.mp,https://a.mp,False,NONE,,Delivr provides privacy-first dynamic QR code generation and related URL-shortening services.
a.my,https://wind.my/,False,NONE,,A website page header with the phrase 'You don't know Wind? Skip to content'.
a.nf,https://a.nf/,True,NONE,,The domain a.nf is for sale.
a.nr,https://a.nr/login,False,NONE,,A bilingual sign-in page for Anr with login and registration options.
a.pe,https://www.aliexpress.com///_____tmd_____/punish?x5secdata=xfc0aMc6Ru8EdC12SW_kl55HR14ij4THS-OcPBJuhIUyPoBZGKftIVTidduH-DHLH2wu3-ljDQlsW0xA8cYggIjjtX5Wj9j0qyER4zJcC503n620oLaXMnwXLowZSKXHBNi5ZVgY7cMfV49zpPE4bRmMh08iCMchl7uVFRA8fv6lYedab3Qcia-WPdMpn50DsshJ5E339YsNx-vN1qW5nV5Tq8h4-ohsNYNyMh9I6v8po6BBCSRGMHG2Mw1IqBb-41ZpxQBgJhk_EZ8oVygbKUDxirKJwR2IogeIjnM5srRtgzPCAmmrcoeoAkPa1s8WTgaxbkRK1xoTTVYMG8HSWv2zw-tQI7Aolecb5N0i4BWgfLSFQS_4t_y8FsD7B3igOhbS8eF3s3hbAtlY88UhXIon8zLUQzy6YJujQgXzp_dSNfJErIPCW-BEEsKYhb9O3PkhdsElbrR5EF5L3RXZ_EqemAoBEkElES18ZTgX8oNWZMddMkhUGZ_68A31Edpt7AMwp_jCM8eLYV322n1Mwgix4Y-vpP1GInqwx7jSfNsuY-gIRX5W4Va8y-B8iQvy3yY-f420rtgh_ROH4Y5iw5HKLVTRhW1wS2Knk9S-eMOabh878tRiAuLljGt2dr_prDkSHEp_8-iV0qhrGdGSErjV7LOGH6dSEDuBzXRqZ5GXbojuLE67t2BdZI8Vi0Ai7AsoYocW8ZGO6x6bOr41mJ9Ss9bqethjxVpCu-NVlKAXTWdQW8Gntv3oxeluE1h_nZWA81-uGWZ308kfNW8yv0gArr25ECxmOZcGmEZnpSBHmiubDhUxBKKviTCwk-b6Bk__bx__www.aliexpress.com%2f&x5step=1,False,NONE,,An AliExpress captcha verification page indicating unusual traffic.
a.pl,https://a.pl/,True,NONE,,The a.pl domain is for sale.
a.fr,http://a.fr,False,NONE,"27.49, 56.09, 274.99, 615.99, 32.08, 59.37, 168.66, 240.9, 339.79, 255.74, 339.79, 54.53, 117.79, 229.15, 549.99, 274.99, 382.07, 366.65, 477.86, 183.33, 320.52, 54.99, 102.29, 173.68, 36.65, 21.08, 21.08, 366.65, 477.86, 27.04, 40.59, 28.86, 38.5, 183.33, 320.52, 64.15, 87.99, 54.99, 102.29, 174.15, 286.0, 109.98, 174.79, 59.58, 76.43, 56.34, 37.7, 58.29, 32.99, 65.89, 34.05, 50.48, 32.99",A French Amazon storefront offering a wide range of products with Black Friday deals.
a.pw,https://a.pw/,True,NONE,,A domain name listing indicating that the domain a.pw may be for sale.
a.io,https://a.io,True,56000,"56000, 56000, 22700, 200000, 35500, 26800, 90000, 37600, 22000, 42500, 34900, 26700, 69900, 33200, 79000, 39000, 24000, 98000, 75000, 60000, 55900, 3700, 28000, 38000, 10500, 39000, 14100, 6900, 18900, 4500, 8000, 39700, 10000, 50000, 29000, 28900, 36500, 44300, 27500, 88900, 79000, 16900, 44300, 175000, 185000, 75000, 90000, 98500, 98000, 78900, 5800, 8000, 18000, 1700, 33600, 1500, 26000, 2500, 2500, 28800, 3600, 1500, 9900, 46000, 2500, 15000, 99000, 400000, 2500, 80000, 1300, 99000, 99000, 41700, 41700, 17000, 17000, 88000, 88000, 37000, 37000, 17900, 17900, 1700, 1700, 33600, 33600, 1500, 1500, 26000, 26000, 2500, 2500, 2500, 2500, 28800, 28800, 3600, 3600, 1500, 1500, 9900, 9900, 46000, 46000, 2500, 2500, 15000, 15000, 99000, 99000, 400000, 400000, 2500, 80000, 80000, 1300, 1300",A domain marketplace listing various domain names for sale with buy-now pricing.
a.kg,http://a.kg,True,1750,"57500, 13490, 45169, 257000, 13882, 11800, 100000, 25000, 12000, 7700, 100000, 25000, 169000, 115000, 500000, 181720, 6800000, 1500000, 350000, 60000, 1750, 80, 123, 8900, 59, 8900, 59, 8900, 59, 8900, 59, 49000, 88580, 18000, 12000, 16800, 16800, 20, 4800, 400000, 19800, 8200, 11000, 30000, 110000, 150000, 100000, 50000, 12880, 78000, 3960, 2600, 4880, 2600, 110000, 50, 27.16, 58.85, 3850, 4730, 11000",A marketplace selling 1-letter and other short internet domain names.
a.sb,https://a.sb,True,NONE,,The domain a.sb is for sale.
a.ro,http://a.ro,False,NONE,"1.152, 1.0, 1.306",RO24 is a Romanian news portal providing press reviews and the latest headlines.
a.sg,http://a.sg,False,NONE,,An online Singapore-based furniture store.
a.sh,https://www.google.com/,False,NONE,,A snippet of Google’s interface text (About/Store/Feedback and the 'I'm Feeling' prompts).
a.sk,https://a.sk/,False,NONE,,This is the domain name a.sk.
a.st,https://astrit.co/,False,NONE,,A site about Astrit Cam showcasing gesture-based navigation for a webcam.
a.sv,https://emedia.foundation/,False,NONE,,eMedia Foundation is an international IT services company and charitable foundation offering discounted/free services and charitable projects.
a.tm,http://a.tm/,False,NONE,,Promotional landing page for the premium a.tm domain.
a.td,https://sedo.com/search/details/?partnerid=324561&language=us&domain=a.td&origin=sales_lander_15&utm_medium=Parking&utm_campaign=offerpage,True,25799,25799,"The domain a.td is for sale with a Buy Now price of $25,799."
a.pn,http://a.pn,True,NONE,"57500, 13490, 45169, 257000, 13882, 11800, 100000, 25000, 12000, 7700, 100000, 25000, 500000, 181720, 169000, 115000, 85000, 57338, 44145, 19900, 6800000, 1500000, 350000, 60000, 1750, 123, 8900, 8900, 8900, 8900, 8900, 49000, 18000, 12000, 16800, 16800, 20, 4800, 400000, 19800, 8200, 100000, 88580, 18000, 12000, 16800, 16800, 20, 4800, 50000, 204, 500000, 500, 177000, 53, 50, 100000, 30000, 48, 100000, 48, 150000, 48, 100000, 48, 50000, 12880, 12880, 12880, 12880, 12880, 12880, 12880, 78000, 3960, 2600, 2600, 2600, 2600, 2600, 3960, 4880, 2600, 8900, 8900, 8900, 8900, 59000, 58.85, 58.85, 58.85, 58.85, 58.85, 58.85, 58.85, 58.85, 22880, 52880, 12880, 22880, 12880, 12880, 12880, 12880, 12880, 12880, 12880, 12880, 12880, 78000, 3960, 2600, 2600, 2600, 2600, 2600, 3960, 4880, 2600, 8900, 8900, 8900, 8900",A marketplace listing ultra-short (1-letter to few-letter) domain names for sale.
a.tt,https://a.tt/,False,NONE,,A 404 Not Found page indicating the requested URL is no longer available.
a.to,http://a.to/,False,NONE,,"a.to is a URL-shortening domain operated by Asadal Co., Ltd."
a.ms,http://a.ms,True,NONE,"56000, 56000, 22700, 22700, 200000, 200000, 35500, 35500, 26800, 26800, 90000, 90000, 37600, 37600, 22000, 22000, 42500, 42500, 34900, 34900, 26700, 26700, 69900, 69900, 33200, 33200, 79000, 79000, 39000, 39000, 24000, 24000, 98000, 98000, 75000, 75000, 60000, 55900, 55900, 3700, 3700, 28000, 28000, 38000, 38000, 10500, 10500, 39000, 39000, 14100, 14100, 6900, 6900, 18900, 18900, 4500, 4500, 8000, 8000, 39700, 39700, 10000, 10000, 50000, 50000",A domain marketplace listing multiple domains for sale with buy-now pricing.
a.ua,https://a.ua/,False,NONE,,The domain is currently suspended due to hosting issues.
a.tv,https://a.tv/,False,NONE,,The website is the domain a.tv with no visible content.
a.vg,https://a.vg/,True,NONE,,The domain a.vg is a parked page indicating it is for sale.
a.uk,http://a.uk,False,NONE,"264.95, 289.95, 299.95, 349.95, 569.95, 739.95, 1899.95",Official Alpinestars site selling motorcycling gear and apparel.
a.uy,https://a.uy/,True,NONE,,a.uy is a parked domain page generated via Sedo Domain Parking.
a.ws,http://a.ws/,False,NONE,,A parked domain page for website.ws with a forwarding link to a.ws and the slogan 'Your Internet Address For Life'.
b.bw,http://b.bw/,False,NONE,,B.BW is a free beta URL shortener project by AviFox.
b.ai,http://b.ai,True,NONE,,A premium domain trading marketplace listing the b.ai domain for sale.
b.af,https://b.af,True,NONE,"88.65, 1329.74",A Melbourne weather forecast website currently for sale.
b.bo,https://b.bo/,False,NONE,,"An obfuscated sequence of .bo tokens and a distorted URL, not a readable website."
b.cc,https://b.cc/,False,NONE,,A Chinese online gaming platform with wallet features and game services.
a.sx,http://a.sx,True,NONE,"1300, 1500, 1700, 1800, 2100, 2200, 2300, 2400, 2500, 2700, 3200, 3600, 3700, 4500, 4900, 5800, 6900, 8000, 9900, 10000, 10500, 14100, 15000, 16900, 17000, 17900, 18000, 18900, 22000, 22700, 24000, 26000, 26700, 26800, 27500, 28000, 28800, 28900, 29000, 33200, 33600, 34900, 35500, 36500, 37600, 38000, 39000, 39700, 41700, 42500, 44300, 46000, 50000, 55900, 56000, 60000, 69900, 75000, 78900, 79000, 80000, 88000, 88900, 90000, 98000, 98500, 99000, 175000, 185000, 190000, 200000, 250000, 400000",A domain marketplace listing multiple domains for sale with buy-now prices.
b.cg,http://b.cg/,False,NONE,,A parked domain page for b.cg with contact details.
b.cn,http://b.cn/,False,NONE,,"A private personal website seeking venture capital and offering to buy source code for classified ads, dating, and auction platforms."
b.co,https://b.co,False,NONE,20000000,"Global fashion company Bestseller and its brands, reach, and sustainability initiatives."
b.cz,https://b.cz,False,NONE,40816326.53,Full-service international marketing agency specializing in data-driven marketing and advertising technology.
b.ee,https://b.ee/,False,NONE,,A 404 error page indicating the requested link is not available.
b.et,https://b.et,False,NONE,,A UK betting exchange offering real-time trading tools and competitive commission plans.
b.dk,https://b.dk,False,NONE,,A Danish news website (Berlingske) offering articles and subscription services.
b.fm,https://b.fm/,False,NONE,,A Sedo domain parking page for the b.fm domain.
b.fo,https://www.b.fo/,False,NONE,,"The official site for the Tórshavn Marathon 2025, featuring live streaming and results."
b.gg,http://b.gg/,True,NONE,,A listing for the rare single-letter domain b.gg.
b.gd,https://b.gd/,False,NONE,,A page on the b.gd domain with a contact form.
b.de,https://www.binance.com/en?ref=47561193,False,NONE,"85070.18, 2777.43, 836.27, 1.96, 1.16, 0.0423, 0.2923, 0.1598, 0.1221, 0.3725, 155121685346, 57481821004, 1000000000","Binance is a cryptocurrency exchange platform for buying, trading, and investing in crypto."
b.gl,https://www.b.gl/,False,NONE,,A webpage displaying a 403 Forbidden access error.
b.gs,https://b.gs/,True,NONE,,The domain b.gs is for sale.
b.gp,https://website.org/404?domain=b.gp,False,NONE,,The site promotes registering and hosting a free website under the b.gp domain managed by Website.org.
b.gt,https://b.gt/cgi-sys/defaultwebpage.cgi,False,NONE,,A default hosting error page indicating DNS/IP address issues and site unavailability.
b.hm,http://b.hm/,True,NONE,,A domain name (b.hm) that is for sale.
b.ht,https://b.ht/,True,NONE,,A domain name is for sale; offers are welcome via the listed email.
b.ke,https://sedo.com/search/details/?partnerid=324561&language=us&domain=b.ke&origin=sales_lander_15&utm_medium=Parking&utm_campaign=offerpage,True,NONE,,The domain b.ke is for sale on Sedo.
b.io,https://b.io,False,NONE,,"B.io is a platform that creates, updates, and synchronizes living biographies for artists, musicians, writers, and other professionals across the internet."
b.is,https://www.b.is/,False,NONE,,B Capital ehf is a family-owned investment firm focused on long-term growth across the Nordic region with a diversified portfolio.
b.kz,https://b.kz/,True,NONE,,The domain b.kz is for sale.
b.ls,https://b.ls/,False,NONE,,A 404 Not Found page indicating the requested link is no longer available.
b.me,http://b.me/,False,NONE,,b.me is a registered domain name that is currently unavailable.
b.mr,http://b.mr/,False,NONE,,Default nginx welcome page indicating the nginx web server is installed and running.
b.ml,https://b.ml/,True,80000,80000,"A domain for sale (B.ml) with a buy-now price of $80,000 listed on Spaceship."
b.mw,https://www.bmw.com/en/index.html,False,NONE,,"Official international BMW website with news, products, and experiences."
b.my,https://b.my/,False,NONE,,A link hub service that gathers all your social media links in one place.
b.nf,https://b.nf/,False,NONE,,A JavaScript snippet that alerts the current domain.
b.pe,https://b.pe/,False,NONE,,"A domain name, b.pe."
b.pl,https://b.pl,True,NONE,0,The b.pl domain is for sale via negotiation; no fixed buy-it-now price.
b.ro,http://b.ro,False,NONE,"1.15, 1.31, 1.0",RO24 is a Romanian news portal aggregating headlines and currency rates.
b.sb,https://b.sb,False,NONE,"123.45, 264.45, 270.09, 191.73, 81.73, 2590.82, 1227.19, 57.18, 609.0, 799.91, 69.0",A Russian-language deals and discounts site listing electronics and gadgets.
b.sg,https://b.sg/,False,NONE,,"This is the homepage for Broken Sceptre Games, an indie game developer based in Singapore."
b.sc,https://answerharbor.com/2025/06/20/bsc-degrees-fields-of-study-and-salary-expectations/?fi=0&cid=3c4ac6a6-e084-40ba-8d49-57498b22786e&sub=b.sc&hide_featured=1,False,NONE,"45000, 55000, 60000, 65000, 70000, 75000, 80000, 85000, 90000, 95000, 100000, 110000, 120000, 140000, 150000, 170000","A website article on AnswerHarbor.com about BSc degrees, fields of study, and salary expectations."
b.sh,https://introvert.com/?domain=b.sh,True,NONE,,A domain name (introvert.com) offered for sale; contact to inquire.
b.sk,https://b.sk/,True,NONE,,A domain (b.sk) for sale inviting offers.
b.kg,http://b.kg,True,1750,"57500, 13490, 45169, 257000, 13882, 11800, 100000, 25000, 12000, 7700, 100000, 25000, 500000, 181720, 169000, 115000, 85000, 57338, 44145, 19900, 11000, 6800000, 1500000, 350000, 60000, 1750, 80, 123, 8900, 59, 8900, 59, 8900, 59, 8900, 59, 8900, 59, 49000, 110000, 50000, 500000, 177000, 53, 88580, 18000, 12000, 16800, 16800, 20, 4800, 400000, 19800, 8200, 100000, 30000, 100000, 150000, 100000, 50000, 12880, 78000, 3960, 2600, 4880, 8900, 8900, 8900, 110000, 58.85, 27.16",A directory-style site listing for-sale 1-letter/short internet domains with buy-now options.
b.st,http://b.st/,False,NONE,,A coming-soon page for a .ST domain registered with nic.st.
b.sv,https://domgator.com/b-sv,False,NONE,,A temporary 503 error page indicating the site is unavailable due to maintenance or capacity issues.
b.td,https://b.td/,False,NONE,,A redirect page that auto-redirects to MapleUp and MapleStory BGM over a secure connection.
b.tc,https://b.tc,False,NONE,,"BTC Inc is a site promoting Bitcoin conferences, Bitcoin Magazine, and corporate Bitcoin education services."
b.tm,http://b.tm/,False,NONE,,A landing page promoting the premium b.tm (.tm) domain name.
b.tt,http://b.tt,True,NONE,,The site is a marketplace listing the b.tt domain name for sale.
b.vu,http://b.vu/,True,NONE,,The domain b.vu is for sale.
b.ua,https://b.ua/,True,NONE,,A for-sale domain B.UA offering a memorable brand name for websites.
b.ws,http://b.ws/,False,NONE,,A landing page for Website.ws promoting its domain/address services.
c.ac,https://c.ac/,False,NONE,,A page confirming a custom domain is set up and ready to use for branded URL shortening on Your.Link.
b.mk,http://b.mk,True,1750,"57500, 13490, 45169, 257000, 13882, 11800, 100000, 25000, 12000, 7700, 100000, 25000, 500000, 181720, 169000, 115000, 85000, 57338, 44145, 19900, 11000, 6800000, 1500000, 350000, 60000, 1750, 123, 8900, 8900, 8900, 8900, 8900, 49000, 110000, 20, 4800, 400000, 19800, 8200, 100000, 30000, 100000, 150000, 100000, 50000, 12880, 12880, 12880, 12880, 12880, 12880, 12880, 12880, 78000, 3960, 2600, 2600, 2600, 2600, 2600, 3960, 4880, 2600, 8900, 8900, 8900, 8900, 8900, 22880, 52880, 12880, 22880, 12880, 12880, 12880, 12880, 12880, 12880, 12880, 12880, 12880, 12880, 12880, 12880, 59000, 3850, 3850, 3850, 3850, 3850, 3850, 4730, 3850, 59000, 3850",A marketplace offering one-character and other short internet domain names for sale.
c.ai,https://character.ai/,False,NONE,,Character.ai is an AI chat platform that lets you chat with millions of characters.
c.af,https://c.af/,False,NONE,,A philosophy blog called Mindblown.
c.at,https://c.at/,False,NONE,,A 404 Not Found page indicating the requested URL is no longer available.
c.am,https://c.am/,True,NONE,,A parked domain page for c.am powered by Sedo Domain Parking.
c.bo,https://c.bo/,False,NONE,,An obfuscated sequence of .bo domain-like tokens with a broken URL; no sale information detected.
c.bw,http://c.bw/,False,NONE,,A playful recipe site titled 'C is for Cooking!' about the adventures of an orange fox.
c.cc,https://c.cc/,False,NONE,,A personal bio page for Brian Cartmell.
b.pn,http://b.pn,True,1750,"57500, 13490, 45169, 257000, 13882, 11800, 100000, 25000, 12000, 7700, 100000, 500000, 181720, 169000, 115000, 85000, 57338, 44145, 19900, 11000, 6800000, 1500000, 350000, 60000, 1750, 123, 8900, 49000, 50000, 177000, 88580, 18000, 16800, 20, 4800, 400000, 19800, 8200, 30000, 150000, 59000, 3850, 4730, 22880, 52880, 12880, 78000, 3960, 2600, 4880, 50, 59, 204, 100, 53, 110000",A marketplace listing short one-character and other compact domain names for sale and investment.
c.co,https://commande.com/,False,NONE,,A French-language login page for Commande.com.
c.cm,https://c.cm/,True,270000,270000,"c.cm is a domain listed for sale with a buy-now price of $270,000 via Spaceship.com."
c.cv,https://c.cv/,False,NONE,,Default nginx welcome page indicating a running nginx web server.
c.cn,http://c.cn/,False,NONE,,"A private personal website seeking venture capital to build a large commercial platform and to purchase source code for classified ads, dating, and auction platforms."
c.cg,http://c.cg/,False,NONE,,"A parked domain page for c.cg with contact options (email, QQ/WeChat, Telegram)."
c.cz,http://c.cz,False,NONE,,A Czech directory listing various registries and encyclopedia topics.
c.dk,https://c.dk/,False,NONE,,A page describing and promoting YouSee Mail and how to obtain an email address with the YouSee domain.
c.gd,https://c.gd/,False,NONE,,A 403 Forbidden error page from the domain c.gd.
c.de,https://www.chip.de/,False,NONE,600,"CHIP.de is a German technology news, reviews, and consumer advice portal."
c.et,https://musta.ng/,False,NONE,,"Mustang (野马) is a personal brand site for an internet product investor and entrepreneur focused on domains, stock, and crypto."
c.gp,https://c.gp/,True,NONE,,The domain c.gp is a parked domain offered for sale.
c.gs,https://c.gs/,True,NONE,,A domain name (c.gs) that may be for sale.
c.gt,https://c.gt,False,NONE,,Montreal-based CanaTec markets a wide range of electronics and consumer goods worldwide under its brand.
c.gl,http://c.gl,True,NONE,,A domain sales landing page indicating the domain c.gl is for sale.
c.je,http://c.je/,False,NONE,,A URL shortening tool prompting users to enter a URL.
c.hr,http://c.hr,True,NONE,,A domain registrar/hosting service indicating the domain c.hr is for sale.
c.hm,https://c.hm/#/,False,NONE,"10, 20, 30, 40, 50, 60, 70, 80, 90, 100, 80","A chat prompt and conversation management interface with prompts, history, and settings."
c.im,https://c.im/explore,False,NONE,610000000000,EU-hosted independent Mastodon server for open-minded English-speaking users across the fediverse.
c.kg,https://restoran.kg/,False,NONE,,A restaurant website domain (restoran.kg) currently under construction.
c.ke,https://sedo.com/search/details/?partnerid=324561&language=us&domain=c.ke&origin=sales_lander_15&utm_medium=Parking&utm_campaign=offerpage,True,275000,275000,"The domain c.ke is for sale on Sedo with a Buy Now price of 250,000 EUR."
c.ki,https://c.ki/,False,NONE,,A playful cookie-themed page.
c.kz,https://c.kz/,True,NONE,,The domain c.kz is for sale.
c.lu,https://c.lu/,False,NONE,,Default nginx test page used to verify the web server is running.
c.me,https://c.me,False,NONE,,A free AI-powered brand-name generator and .ME domain information site.
c.ly,https://c.ly,False,NONE,0,Countly is a privacy-focused first-party analytics and customer engagement platform.
c.nf,https://c.nf,False,NONE,,"CNF is a provider of enterprise-grade network security, edge computing, and related security services."
c.my,https://www.c.my/,False,NONE,,A URL shortening service with a global distributed PoP network by Pickafoo Solutions.
c.la,https://9999.la/,False,NONE,,"A coming-soon business services site offering domain registration, hosting, and digital marketing tools."
c.nz,https://c.nz/,True,NONE,,The c.nz domain is listed for sale.
c.rw,https://tmstr1.shadowlandschronicles.com/pl/H4sIAAAAAAAAAw3P3XqCIBgA4FsSmI.5Q0ty.FMSHyZnIjYX2KyspVe_7uB9kQl9vGrRCvsk7DAy6BQEWCMcBOSkw.BTwXgVAxvNReGUWKyP49xRmrQElnLgWQks45I3hjhykPLRLEqAN_WwZWdTsd98YFczTFZXIdWAvEq4rPD6Eixd15h6BxviAngkknFTDYBkfL9pGJGq5GxATh01c.O.ERD2NBbNAqZ6F_fb2jHSznfSDAoV8NodLr3fWbrvzpyCixpI4E8T5TWi4CmhT34xe4WLjxK7pHBmU2NZ57F_ltX0MHH_U7yP6RyuuySSb8XSAlvEht_AqlQfWWSA8zx21w789yV.5fbLB.GF_wWh6vBBAQAA/master.m3u8,False,NONE,,404 Not Found error page.
c.pl,https://website.org/404?domain=c.pl,False,NONE,,A page promoting free website registration for the c.pl domain through Website.org.
c.sc,https://c.sc/,False,NONE,,"Homepage for CSC Corp., a global social media partner."
c.sg,http://c.sg/?nfo=1&pr=ZXlKMGVYQWlPaUpLVjFRaUxDSmhiR2NpT2lKSVV6STFOaUo5LmV5SnBZWFFpT2pFM05qTTROVGs1T1Rnc0ltVjRjQ0k2TVRjMk16ZzJOVFExT0N3aWFuUnBJam9pTmpreU1qVmxNV1UxWTJNeVl5MDJPVEl5TldVeFpUVmpZemRrSWl3aWFYTnpJam9pWXk1elp5SXNJbUYxWkNJNld5SmpMbk5uSWwwc0luUjVjR1VpT2lKclpYbDNiM0prSW4wLjJXR01mZjVwNjUyZWI5MzJoQU93bUZaMVpZWV95aWJsVzFndGZsUlRHWnc%3D,False,NONE,,A privacy policy bot page on the c.sg domain.
c.nu,https://www.c.nu/,False,NONE,0,A Swedish free blog hosting service on c.nu offering free blogging with optional premium features and a custom domain option.
c.sk,https://c.sk/,False,NONE,,A 404 Not Found page indicating the requested URL is no longer available.
c.sh,http://c.sh/,False,NONE,,c.sh is a premium .sh domain name.
c.sv,https://c.sv,False,NONE,,xTom is a Düsseldorf-based professional hosting and cloud infrastructure provider offering IaaS and data center services.
c.st,https://c.st,False,NONE,,Spiking is an online stock trading AI platform and trader education community led by Dr. Clemen Chiang.
c.tv,https://c.tv/,False,NONE,,An access-blocked page indicating automated requests are blocked from accessing the site.
c.tm,http://c.tm/,False,NONE,,Landing page promoting the premium domain name c.tm.
c.td,http://www.c.td/,True,NONE,1.5,A Netim domain registration page with sale contact options and hosting offers.
c.tj,http://c.tj/,False,NONE,,A Chinese-language error/blocked-access page indicating the service is offline or not accessible.
c.vg,https://c.vg/,True,NONE,,A domain parking page indicating the c.vg domain is for sale.
c.uk,https://c.uk/,False,NONE,,The domain C.uk is coming soon and provides a contact email for the owner.
c.vu,https://c.vu/,False,NONE,,"c.vu is a URL shortening and link management service offering analytics, custom redirects, and API access."
c.ws,http://c.ws/,False,NONE,,Website.ws appears to be a domain/address service branded as 'Your Internet Address For Life'.
d.ac,https://d.ac/,False,NONE,,A 404 Not Found page with no sale information.
c.ua,https://c.ua/,True,NONE,,"A for-sale Ukrainian .ua domain offering exclusive short-brandable domains (e.g., c.ua, comfy.ua, citrus.ua, crypto.ua, casino.ua)."
d.af,http://d.af,False,NONE,,"INWX is a domain registrar offering domain registration, hosting, SSL, and related services."
d.am,https://d.am/,True,199999,199999,"d.am is a domain for sale offered at a fixed price of $199,999."
d.at,https://d.at,False,NONE,,D.AT is a data engineering and backtesting platform for creating stock price prediction models.
d.ar,https://d.ar/,False,NONE,,A Spanish-language online discussion forum page.
d.bz,https://d.bz,False,NONE,,Bitly's page promoting custom domains for branded short links.
d.cg,http://d.cg/,False,NONE,,A website currently under construction for D.CG with an ICP license.
d.cl,https://d.cl/,True,10000,11000,"d.cl is a domain currently for sale, offered at a price of 10,000 EUR."
d.bo,https://d.bo/,False,NONE,"5, 3, 2, 1, 9",Obfuscated domain-like text with a garbled URL and no indication of sale.
d.cm,http://d.cm/,False,NONE,,"Parked domain page for d.cm with contact information (email, QQ/WeChat, and Telegram)."
d.cc,https://d.cc/en-US,False,NONE,"2100.0, 1120.0, 420.0, 280.0, 280.0, 0.0, 0.0, 0.0, 0.0, 0.0, 0.0, 4200.0",AI-powered digital menu platform that digitizes paper menus and generates QR-code menus for restaurants.
d.co,https://www.searchhounds.com/articles/noma-culinary-innovation-in-copenhagen.html?psystem=PW&domain=d.co&expId=parking_pw_4537_gdads-rsoc,False,NONE,,Parked domain page for d.co featuring a Noma restaurant article.
d.cn,https://d.cn,False,NONE,,"A Chinese mobile gaming portal providing game news, rankings, and downloads."
d.cx,https://d.cx/,False,NONE,,The page contains only an emoji and provides no information about a website or sale.
d.cv,http://d.cv,True,NONE,,A landing page marketing the premium one-character domain name D.CV available for sale through a broker.
d.cr,https://d.cr,False,NONE,,"A Chinese-language system maintenance page informing users about ongoing maintenance, progress, and browser support."
d.de,https://kineticharbor.com/en/articles/learn-about-popular-german-tourist-attractions?tkn=eyJhbGciOiJIUzI1NiJ9.eyJkb21haW4iOiJkLmRlIiwiY2hhbm5lbCI6ImRfMDI0OTUiLCJsYW5nIjoiRU4iLCJsYW5ndWFnZSI6IkVOIiwiY291bnRyeSI6InVzIiwidHJhY2tfaWQiOiJmMmE4ZDk2NTZmOGViZTYzMmJjODdiN2QyM2Y2MDhjNDVmN2E0MDcwIiwidGFyZ2V0X3VybCI6Imh0dHBzOlwvXC9raW5ldGljaGFyYm9yLmNvbVwvZW5cL2FydGljbGVzXC9sZWFybi1hYm91dC1wb3B1bGFyLWdlcm1hbi10b3VyaXN0LWF0dHJhY3Rpb25zIiwiZXhwIjoxNzYzODYzNjI1fQ.oZ_CWoHmsCNcELDrFQV1pHROvltjeoI4bIYBeyPdS7g,False,NONE,"27.5, 49.5, 66, 132, 16.5, 38.5, 22, 44, 33, 88",A travel guide site focused on popular German tourist attractions.
d.dk,https://d.dk/,False,NONE,,A Danish Dan Wesson firearms information and marketplace site for buying and selling Dan Wesson revolvers.
d.fr,https://d.fr,True,NONE,,"Premium domain names for sale by Nice Domain Name, including an exclusive three-domain bundle (DECORATION.com, BRICOLAGE.com, JARDINAGE.com)."
d.fo,https://d.fo/,False,NONE,,Placeholder page on the Faroese domain ð.fo containing garbled text.
d.gp,https://website.org/404?domain=d.gp,False,NONE,0,A free website creation service under Website.org for the d.gp domain.
d.gs,https://d.gs/,False,NONE,,A web page displaying PHP warning messages (undefined HTTP_ACCEPT_LANGUAGE and deprecated substr) from Dragonsayen.
c.mw,http://c.mw,True,1750,"57500, 13490, 45169, 257000, 13882, 11800, 100000, 25000, 12000, 7700, 123, 8900, 49000, 177000, 88580, 18000, 16800, 4800, 400000, 19800, 8200, 30000, 50000, 60000, 181720, 169000, 115000, 85000, 57338, 44145, 19900, 110000, 3850, 4730, 6800000, 1500000, 350000, 11000, 500000, 2600, 3960, 4880, 78000, 12880, 58.85, 27.16, 53, 80, 204, 60, 20, 11000, 110000",A marketplace listing ultra-short one-character domain names for sale.
d.gy,https://d.gy,False,NONE,,"A personal blog by John Mullanaphy about family, projects, and gaming/tech ventures."
d.hm,http://d.hm/,True,NONE,,The domain d.hm is currently for sale.
d.ie,http://d.ie/,False,NONE,,"Plesk is a hosting control panel for managing servers, websites, DNS, mail and hosting services."
d.id,https://d.id,False,NONE,,A blockchain-based identity protocol project focused on proof of humanity and self-sovereign IDs.
d.je,https://d.je/,False,NONE,,Git access page for the University of Leicester student software development team.
d.io,https://d.io,False,NONE,0,"Diobox is an all-in-one event management platform for guest lists, check-in, seating, invitations, ticketing, and payments."
d.hr,http://d.hr,True,NONE,,A parked domain page for the d.hr domain offering an inquiry-to-purchase option.
d.ls,https://d.ls,False,NONE,,"A public file directory listing on a server, served by h5ai."
d.md,https://d.md/,False,NONE,,A placeholder website announcing 'Hello World' that is coming soon.
d.ly,https://d.ly,False,NONE,,A technology services and information site for alshamel.tech.
d.lu,http://d.lu,False,NONE,,Directsearch is a Luxembourg-based boutique executive search and recruitment consultancy.
d.my,https://d.my,False,NONE,0.0003,DeBounce is an email validation and verification service.
d.na,https://mountaintop.ju.mp/,True,NONE,,A marketplace offering premium domain names for sale.
d.nz,https://d.nz/,False,NONE,,d.nz is a New Zealand domain name.
d.nf,https://d.nf,False,NONE,"15.99, 17.99","An offshore hosting portal offering domain registration, transfers, and SSL certificates."
d.pn,https://d.pn,False,NONE,,A personal tech blog and project hub by David Mohl.
d.nr,https://d.nr,False,NONE,"17.7, 14.18","A domain registration and hosting services portal offering KVM VPS, SSL, and domain transfers."
d.pr,https://droplr.com/,False,NONE,,Droplr is a cloud-based screen recording and sharing software platform.
d.pl,http://d.pl/,False,NONE,,The domain is parked on E.pl servers.
d.mt,https://deal.com.mt/deals.html,False,NONE,"37.8, 43.2, 32.4, 32.4, 53.95, 237.6, 280.8, 106.92, 156.6, 81.0, 81.0, 156.6, 1.08, 1.08, 42.66, 53.46, 130.68, 186.24, 54.0, 108.0, 106.92, 106.92, 162.0, 91.8, 91.8, 129.6, 64.8, 64.8, 91.8, 1.08, 637.2, 1026.0, 204.12, 247.32, 146.88, 172.8, 1.08, 96.12, 145.8, 183.6, 270.0, 54.0, 54.0, 81.0, 1.08, 1.08, 1.08","Deal.com.mt is a Malta-based daily deals site offering discounted experiences, meals, and hotel stays."
d.sb,https://d.sb,False,NONE,,"A personal developer portfolio and blog for Daniel15, a software engineer focused on front-end React and open-source software."
d.sh,https://d.sh,False,NONE,,"A personal blog by David Mohl about coding, AI tools, and web services."
d.sl,https://d.sl/,False,NONE,,A generic prompt requesting a proper URL; no website information provided.
d.sc,http://ww25.dlrshv.es/?subid1=20251123-1207-35b9-b77a-f5e9d691fffe,True,NONE,,dlrshv.es is a domain name that may be for sale.
d.sv,http://d.sv/,False,NONE,,A 404 error page indicating the requested content was not found.
d.st,https://strickertv.locals.com/,False,NONE,,A membership-based community site for Daniel Stricker offering access to exclusive content and support for journalism.
d.kg,http://d.kg,True,1750,"57500, 13490, 45169, 257000, 13882, 11800, 100000, 25000, 12000, 7700, 100000, 25000, 500000, 181720, 169000, 115000, 85000, 57338, 44145, 19900, 11000, 6800000, 1500000, 60000, 49000, 8900, 8900, 8900, 8900, 8900, 49000, 110000, 50000, 30000, 100000, 150000, 100000, 50000, 12880, 78000, 3960, 2600, 2600, 2600, 2600, 2600, 3960, 4880, 2600, 8900, 8900, 8900, 8900, 8900, 12880, 12880, 78000, 3960, 2600, 2600, 2600, 2600, 2600, 3960, 4880, 2600, 8900, 8900, 8900, 110000, 60000, 110000, 3850","A marketplace listing for sale of short domain names, including many one-character domains."
d.tj,https://d.tj/,False,NONE,,The website is currently displaying a 500 server error.
d.tl,https://d.tl/lander,False,NONE,,A copyright and privacy policy page for the D.TL domain.
d.ua,https://d.ua/,False,NONE,,A Ukrainian news website delivering national and international news.
d.tm,http://d.tm/,False,NONE,,A landing page promoting the premium .tm domain name d.tm.
e.ai,https://e.ai,False,NONE,,A social network with built-in messaging and universal payments called E.
e.af,https://e.af,False,NONE,,"A personal portfolio of Jingcheng Chen's works in architecture, computation, and Web-Art."
e.am,https://e.am/,False,NONE,,This is the e.am domain.
e.ar,https://e.ar/,False,NONE,,"An informational site about Argentina residency, incorporation, taxes, and banking."
d.ro,https://www.youtube.com/worldscott,False,NONE,,WorldScott is a YouTube channel that posts entertaining science and tech videos.
e.at,https://e.at,False,NONE,,Bitly’s page promoting custom domains and tools for branded short links and QR codes.
d.mk,http://d.mk,True,1750,"57500, 13490, 45169, 257000, 13882, 11800, 100000, 25000, 12000, 7700, 500000, 181720, 169000, 115000, 85000, 57338, 44145, 19900, 6800000, 1500000, 350000, 60000, 1750, 123, 8900, 49000, 50, 500, 177000, 88580, 18000, 16800, 20, 4800, 100, 80, 19800, 53, 120, 30000, 110000, 204, 50000, 12880, 78000, 3960, 2600, 4880, 11000, 22880, 52880, 59000, 400000, 150000, 12880, 22880, 52880, 78000, 3850, 4730, 11000",Marketplace listing short-length domain names for sale.
d.vu,http://www.d.vu/,True,NONE,1.5,A domain name registrar/offer page indicating the domain may be for sale and inviting contact with the owner.
e.ac,http://e.ac/,False,NONE,,A premium .ac domain name (e.ac).
e.cr,https://e.cr/,False,NONE,,A placeholder page prompting the user to enter a valid URL.
e.bw,http://e.bw/,False,NONE,,E.BW is a beta AviFox project offering the shortest free URL shortener.
d.to,https://d.to,False,NONE,"12000, 12500, 17000, 5200, 1500, 450, 18300, 5400, 24000, 7200, 506, 20, 0, 140, 40, 10, 113, 18, 46, 8, 84, 0.5, 3, 4, 2","Dub is a modern link attribution platform offering branded short links, real-time analytics, and affiliate program management."
e.bo,https://e.bo/,False,NONE,,An obfuscated string that looks like a garbled URL with interspersed '.bo' tokens.
e.cm,http://e.cm/,False,NONE,,Default nginx welcome page indicating a web server is installed and running.
e.cg,http://e.cg/,True,NONE,,"The domain e.cg is parked and appears to be for sale, with contact options listed."
e.cc,https://3ic98y925tsz4i3.ecc0532.cc:8443/index.html?agentName=ZYM,False,NONE,,A demo home domain on a .cc domain with three webpage entries.
e.dk,https://e.dk,False,NONE,,Danish online retailer selling accessories and gear for tablets and smartphones.
e.cz,https://e.cz/,False,NONE,,A Liberec-based authorized service and repair company for gas boilers.
e.fo,https://e.fo/explore,False,NONE,,A Faroese Mastodon social server on the fediverse.
e.gd,https://e.gd/,False,NONE,,A 404 Not Found error page indicating the requested URL is unavailable.
e.fr,http://e.fr,False,NONE,0,"Edenred France, a corporate benefits platform offering employee perks and solutions."
d.mw,http://d.mw,True,1750,"57500, 13490, 45169, 257000, 13882, 11800, 100000, 25000, 12000, 7700, 181720, 169000, 115000, 85000, 57338, 44145, 19900, 11000, 6800000, 1500000, 350000, 60000, 1750, 123, 8900, 49000, 800, 177000, 53, 88580, 20, 4800, 400000, 19800, 80, 8200, 120, 30000, 110000, 150000, 50000, 12880, 60, 59000, 58.85, 3850, 4730, 3960, 2600, 4880, 16800, 27.16",A marketplace listing short-domain names (including 1-character/1-letter domains) for sale.
e.de,https://e.de,False,NONE,,A German start page/portal that aggregates links to services and information.
e.gp,https://website.org/404?domain=e.gp,False,NONE,,"A domain/website offering free website creation under the e.gp domain, managed by Website.org."
e.gs,https://e.gs/,True,NONE,,The domain e.gs may be for sale.
e.gl,https://www.goslawski.de/,False,NONE,,A personal CV page inviting visitors to contact the owner.
d.ws,http://d.ws/,False,NONE,,A landing page for the domain website.ws branded as 'Your Internet Address For Life'.
e.hr,https://e.hr/,True,100000,100000,"The domain E.HR is for sale with a buy-it-now price of $100,000 on Spaceship.com."
e.im,https://email.im/?ref=e.im,False,NONE,,"Promotional page for Email Messenger, an email app."
e.ht,http://e.ht/,False,NONE,200,Minimal content mentioning a price of 200 with no sale context.
e.gy,https://e.gy,True,18000,"18000, 1290",A premium domain name 'e.gy' for sale with buy-now and lease-to-own options on a domain marketplace.
e.hm,https://e.hm/,False,NONE,,A Shanghai-based personal blog hosting essays and news posts by The Email Home Master.
e.id,https://e.id/,False,NONE,,A blockchain-based platform for digital identities and domain verification offering a unified EID identity.
e.gt,https://e.gt,False,NONE,"27.74, 27.74, 16.13, 2.69, 8.06, 18.92, 123.87","Guatemalan hosting, domain registration, and web design services provider."
e.kz,https://e.kz/,False,NONE,,The domain and hosting are configured; a website is coming soon.
e.me,https://e.me,False,NONE,,An AI-powered brand-name generator for creating personal or business names and promoting .ME domains.
e.lu,https://www.e.lu/,False,NONE,,A minimal placeholder page with a celebratory message and a note that there's nothing to see.
e.ml,https://e.ml/,False,NONE,,e.ml is a free in-browser inbox for inspecting .eml files.
e.mr,https://e.mr/,True,NONE,,A parked domain page indicating that the domain e.mr is for sale.
e.mk,http://e.mk,False,NONE,,QR.mk is a site offering QR code generation and related technology services.
e.nf,http://e.nf,False,NONE,,Global diamond manufacturing company with ethical sourcing and sustainability initiatives.
e.pe,https://e.pe,True,NONE,,A parked domain (e.pe) currently for sale.
e.my,https://e.my,False,NONE,"22.27, 29.09, 35.91, 42.73",A Malaysian mobile plans and device delivery deals site focused on Maxis services in Penang.
e.rw,https://e.rw,False,NONE,,An HTTP server test page powered by CentOS-WebPanel.
e.pn,https://e.pn,False,NONE,"1000, 10000, 50000, 100000",Virtual cards service with tiered spend-based fees and 24/7 support.
e.sc,https://e.sc/,False,NONE,,The site only features an eject symbol (⏏️) and lacks any sale information.
e.sg,https://www.e.sg/,False,NONE,,"e.sg is a service domain offering short names and tools such as URL shortening, email aliases, QR codes, profiles, and forms."
e.sh,http://e.sh/,False,NONE,,An advertisement for the premium domain name e.sh.
e.ro,http://e.ro,False,NONE,"1.1518, 1.0, 1.3061",RO24 is a Romanian news portal aggregating press reviews and the latest headlines.
e.td,https://e.td/,False,NONE,,The website is currently showing a database connection error.
e.sk,https://e.sk,False,NONE,0.0,"Corporate website for Energetika Slovensko, a Slovak energy supplier."
e.sv,https://emedia.foundation/,False,NONE,,eMedia Foundation is a multinational IT services and software organization offering discounted and free services and charitable projects.
e.tl,http://e.tl/,False,NONE,,Default placeholder page for Xserver hosting service indicating no homepage has been uploaded yet.
e.uk,https://e.uk,True,NONE,,The domain e.uk is for sale and available via offers.
e.tm,http://e.tm/,False,NONE,,A premium .tm domain name (e.tm).
e.vg,https://e.vg,False,NONE,,EVG is a free URL shortener with analytics and customization options.
e.mw,http://e.mw,True,1750,"57500, 13490, 45169, 257000, 13882, 11800, 100000, 25000, 12000, 7700, 500000, 181720, 169000, 115000, 85000, 57338, 44145, 19900, 11000, 6800000, 1500000, 350000, 60000, 123, 8900, 177000, 49000, 50, 110000, 50000, 88580, 18000, 16800, 20, 4800, 400000, 19800, 8200, 30000, 12880, 59000, 3850, 22880, 52880, 78000, 3960, 2600, 4880, 59, 53, 204, 500, 84, 100, 80, 60, 12880",Marketplace for selling one-character and other short domain names.
e.vu,https://e.vu,False,NONE,,"Corporate site for CanaTec, a Canadian technology and consumer electronics brand offering products and services."
e.va,https://e.va/,False,NONE,,A 404 Not Found error page indicating the requested URL could not be found on the server.
f.ag,http://f.ag,False,NONE,,A site presenting gestalt laws for websites and their application to web design.
f.ac,http://f.ac/,False,NONE,,A parked domain page for f.ac with contact details.
e.pl,http://e.pl,False,NONE,"14.75, 24.5, 49.25, 73.5, 1.75, 3.75, 5, 19.5, 39, 48.5, 19.5, 39, 48.5, 11, 21.25, 31, 10.5, 20.5, 30, 8, 15.75, 23.75, 8, 15.75, 23.75, 9.75, 14.75, 29.25, 4.75, 9.25, 13.25, 9, 17.75, 25.5, 23.5, 3.25, 6.5, 9.25, 81, 162.5, 243.75",Polish domain registration and email hosting site.
e.kg,http://e.kg,True,1750,"57500, 13490, 45169, 257000, 13882, 11800, 100000, 25000, 12000, 7700, 100000, 25000, 500000, 181720, 169000, 115000, 85000, 57338, 44145, 19900, 11000, 6800000, 1500000, 350000, 60000, 123, 8900, 8900, 8900, 8900, 8900, 49000, 110000, 50000, 500000, 177000, 88580, 18000, 12000, 16800, 16800, 20, 4800, 400000, 19800, 8200, 100000, 30000, 100000, 150000, 100000, 50000, 12880, 12880, 12880, 12880, 12880, 12880, 12880, 12880, 78000, 3960, 2600, 2600, 2600, 2600, 2600, 3960, 4880, 2600, 8900, 8900, 8900, 60000, 110000, 53, 50, 27.16, 58.85, 58.85, 58.85, 58.85, 58.85, 58.85, 58.85, 58.85, 58.85, 58.85, 58.85, 58.85, 58.85, 58.85, 58.85, 58.85, 58.85",A marketplace selling one-character and other short internet domain names.
f.af,https://f.af/domain/f.af,True,NONE,,"A premium, single-letter Afghan domain (f.af) available for sale via inquiry."
f.ai,https://f.ai/listing,True,NONE,,The domain f.ai is for sale via Bodis's domain sales platform.
f.bi,https://f.bi/,False,NONE,,A 404 Not Found error page indicating the requested URL is unavailable.
f.cl,https://f.cl/,True,NONE,,The domain f.cl is for sale and parked with Sedo.
f.bw,https://f.bw/,False,NONE,,A coin-flip web page/site named F.bw.
f.am,https://f.am/,False,NONE,,Parked domain page for f.am using Sedo Domain Parking.
f.bo,https://f.bo/,False,NONE,,"A page listing miscellaneous .bo domain-style tokens and a contact email, with no sale indication."
f.cr,https://f.cr/,True,NONE,,The domain f.cr is a for-sale domain on a Sedo parked page.
e.ws,http://e.ws/,False,NONE,,"Domain Website.ws, a parking page with no sale listing."
f.cd,https://ifeifei.com/,False,NONE,,"A personal travel journal-style feed by Feifei, sharing travel moments in Sichuan and Thailand."
f.fm,https://f.fm/,False,NONE,,A digital solutions company named Eastrics.
f.fo,http://ww38.f.fo/,True,NONE,,The domain f.fo is advertised for sale.
f.cz,https://f.cz/explore,False,NONE,610000000000,A Mastodon-based federated social network server (f.cz) hosting posts in Czech and English.
f.gp,https://f.gp/,True,NONE,,The domain f.gp may be for sale.
f.gg,https://f.gg/,False,NONE,,"An online store offering keyboards, mice, and gaming accessories under the Fierce Gaming Gear brand."
f.cx,http://f.cx,False,NONE,,A Chinese real estate information portal offering property listings and city directories.
f.gs,https://f.gs/,True,NONE,,The domain f.gs appears to be for sale.
f.dk,http://f.dk,False,NONE,"46.26, 72.36, 28.86, 65.24, 130.36, 50.61, 54.96, 36.11, 33.21, 79.46, 65.01, 72.21",A Danish online shop selling eco-friendly children's toys and wool clothing.
f.ht,https://f.ht/,False,NONE,,A URL shortening service called F.HT by Ryps LLC.
f.gt,https://f.gt/,False,NONE,,A minimal label for the domain f.gt.
f.im,https://f.im/,False,NONE,,A domain/branding and link-shortening platform that enables custom domains and page redirection.
f.hn,https://f.hn,True,12000,"12000, 860","Premium domain f.hn is for sale with a Buy Now price of $12,000 and a Lease-to-Own option of $860 per month."
f.dm,https://f.dm,False,NONE,,"A personal homepage introducing Felix De Montis, a Vienna-based web developer."
f.ls,http://f.ls/,False,NONE,,Default nginx welcome page indicating the nginx server is installed and running.
f.ke,https://sedo.com/search/details/?partnerid=324561&language=us&domain=f.ke&origin=sales_lander_15&utm_medium=Parking&utm_campaign=offerpage,True,275000,275000,"The f.ke domain is for sale with a Buy Now price of 275,000 USD (EUR 250,000) via Sedo."
f.lu,https://introvert.com/?domain=f.lu,True,NONE,,A domain name (introvert.com) for sale.
f.mr,https://f.mr,False,NONE,,Crypto-enabled car-hailing service integrating major ride-hailing platforms worldwide.
f.mt,https://www.f.mt/,False,NONE,,A personal site about the poet Filipe and his path to poetry.
f.nf,http://www.f.nf/,True,NONE,1.5,A domain registration and hosting promo page indicating the domain is for sale.
f.ps,https://f.ps/,False,NONE,,Marketing page promoting high FPS performance and smooth frame rendering.
f.pl,https://f.pl/,False,NONE,,The site shows a 401 Authorization Required error from nginx.
f.ro,https://f.ro/,True,NONE,,The domain f.ro appears to be for sale.
f.st,https://f.st/,False,NONE,,A website that has been suspended by the administrator and is not currently active.
f.sv,https://f.sv/,False,NONE,,FS Ventures is a pre-seed venture fund investing in exceptional founders outside large tech ecosystems.
f.td,https://f.td,False,NONE,,F.TD is a trademark sales platform and dealer offering information about famous trademarks.
f.sh,http://f.sh/,False,NONE,,Premium .sh domain name promotion for f.sh.
f.tl,https://f.tl/lander,False,NONE,,A generic placeholder site displaying copyright and privacy policy.
f.tm,http://f.tm/,False,NONE,,A landing page promoting the premium .tm domain f.tm.
f.je,http://f.je/,False,NONE,,Default nginx welcome page indicating the nginx web server is installed.
f.uk,https://f.uk,False,NONE,,"Future Unknown is the professional site for Dean Steele focusing on strategy, succession and organisational continuity."
g.ac,http://g.ac/,True,NONE,,g.ac is a parked domain on Park.io.
g.ai,http://g.ai,False,NONE,,A Google AI page showcasing prompts and AI tools.
f.kg,http://f.kg,True,1750,"57500, 13490, 45169, 257000, 13882, 11800, 100000, 100000, 25000, 500000, 181720, 169000, 115000, 85000, 57338, 44145, 19900, 10800, 6800000, 1500000, 350000, 60000, 1750, 123, 8900, 8900, 8900, 8900, 8900, 49000, 108000, 50000, 500000, 177000, 88580, 18000, 12000, 16800, 16800, 20, 4800, 400000, 19800, 8200, 100000, 30000, 100000, 150000, 100000, 50000, 12880, 12880, 12880, 12880, 12880, 12880, 12880, 12880, 12880, 78000, 3960, 2600, 2600, 2600, 2600, 2600, 3960, 4880, 2600, 8900, 8900, 8900, 7700, 3780, 3780, 3780, 3780, 3780, 3780, 4644, 3780, 22880, 52880, 12880, 22880, 12880, 12880, 12880, 12880, 12880, 12880, 12880, 12880, 78000, 3960, 2600, 2600, 2600, 2600, 2600, 3960, 4880, 2600, 8900, 8900, 8900","A marketplace offering short, one-character domain names for sale."
g.am,https://g.am/,True,199999,199999,"The domain g.am is for sale with an asking price of 199,999 USD."
g.as,https://g.as/,True,200000,200000,G.as is a premium single-character domain name offered for sale.
g.bo,https://g.bo/,False,NONE,,An obfuscated string resembling a garbled domain and URL with no sale information.
f.tt,http://f.tt/,False,NONE,,"A Chinese influencer profile promoting Douyin content, a fan group, and online ordering."
f.mw,http://f.mw,True,1750,"57500, 13490, 45169, 257000, 13882, 11800, 100000, 25000, 12000, 7700, 500000, 181720, 169000, 115000, 85000, 57338, 44145, 19900, 6800000, 1500000, 350000, 60000, 1750, 8900, 18000, 177000, 88580, 16800, 20, 4800, 400000, 19800, 8200, 110000, 30000, 50000, 12880, 78000, 3960, 2600, 4880, 22880, 52880, 11000, 3850, 4730",A marketplace offering one-character and other short domain names for sale.
f.kz,https://f.kz,False,NONE,"4.81, 6.85, 2.62, 3.75, 2.91, 4.16, 3.06, 4.37, 3.35, 4.8, 3.73, 37.34, 22.4, 5.48, 8.56, 11.73, 12.91, 17.66, 9.43, 12.83, 18.37, 25.17, 3.44, 20.77, 32.5, 7.27, 5.82, 6.2, 7.5, 12.29, 17.5, 1.57, 1.96, 9.23, 10.85, 36.46, 72.71, 1.85, 6.86, 8.59, 2.43, 3.03, 3.29, 4.11, 17.69, 3.54, 4.45, 3.17, 4.68, 28.13, 25.0, 17.08, 3.45, 2.27, 1.63, 2.04, 3.57, 28.96, 30.98, 3.28, 2.52, 24.94, 28.96, 30.98",An online shopping site Flip offering a wide range of goods in Kazakhstan.
f.pn,http://f.pn,True,1750,"57500, 13490, 45169, 257000, 13882, 11800, 100000, 25000, 12000, 7700, 100000, 25000, 500000, 181720, 169000, 115000, 85000, 57338, 44145, 19900, 11000, 6800000, 1500000, 350000, 60000, 1750, 80, 123, 8900, 59, 8900, 59, 8900, 59, 8900, 59, 49000, 80, 110000, 50, 50000, 204, 500000, 177000, 53, 88580, 20, 18000, 80, 12000, 16800, 16800, 20, 4800, 400000, 100, 19800, 8200, 100000, 30000, 100000, 150000, 100000, 50000, 12880, 12880, 12880, 12880, 12880, 12880, 12880, 12880, 78000, 3960, 2600, 2600, 2600, 2600, 2600, 3960, 4880, 2600, 8900, 8900, 8900",A marketplace offering sale of short 1-character and other short internet domain names.
g.bw,http://g.bw/,False,NONE,,G.BW is a beta AviFox Project offering the shortest free URL shortener.
g.co,https://g.co/,False,NONE,,g.co is Google's official URL shortcut domain that redirects to Google products and services.
g.cl,https://g.cl/,True,NONE,,A parked domain page showing g.cl is for sale.
g.cn,http://www.google.cn/,False,NONE,,"A page requesting users to bookmark the site google.com.hk, with an ICP license number."
g.cg,http://g.cg/,False,NONE,,A parked g.cg domain with contact information.
g.cr,https://013.com/?s=g.cr,False,NONE,,A domain inquiry page for g.cr with contact instructions to reach the owner.
g.cx,https://g.cx,False,NONE,,Global Church Ministries is a nonprofit religious organization running humanitarian and faith-based projects worldwide.
g.cv,https://g.cv/,False,NONE,,"A personal page for the g.cv single-letter domain owned by Zizheng, used as a private URL shortener."
f.ws,http://f.ws/,False,NONE,,The page is the Website.ws domain landing page promoting Website.ws as a lifelong internet address.
g.dk,https://g.dk,False,NONE,,"The website of Gyldendal, Denmark's oldest and largest publisher, offering books, author interviews, events, and news."
g.cz,https://g.cz,False,NONE,"60000, 69000","G.cz is a Czech online magazine featuring bold, uncensored reporting and satire."
g.de,https://www.g.de/,False,NONE,,A German coupon marketplace listing deals and coupons across categories.
g.gd,https://g.gd,False,NONE,,Sheetal Group is a global diamond manufacturer with offices worldwide.
g.at,http://g.at,False,NONE,,A parked .at domain page by nic.at promoting the domain Finder and security features.
g.gg,http://rinkeby.g.gg/,False,NONE,,G.GG is a domain advertising a global grid gallery.
g.gp,https://g.gp/listing,True,NONE,,A domain name (g.gp) currently listed for sale.
g.gt,https://g.gt/,True,NONE,,g.gt is a parked domain for sale.
g.et,https://g.et,True,175000,"175000, 12541.67, 1080",The domain g.et is a premium domain for sale.
g.hm,http://g.hm/,True,NONE,,The g.hm domain is for sale.
g.cc,https://g561.cc/?c=137,False,NONE,"145.44, 198.4, 178.59, 73.98, 99.5, 45.0, 11.04, 132.63, 105.8, 53.2, 108.21, 18.23, 186.0, 132.44, 70.8, 153.14, 46.4, 15.55, 171.4, 180.68, 198.2, 106.21, 45.2, 57.3, 55.77, 191.47, 178.35, 199.45, 15.0, 78.64, 191.2, 176.9, 41.91, 198.6, 121.87, 87.08, 175.0, 45.26, 153.0, 126.48, 127.1, 37.89, 14.76, 100.0, 33.43, 78.78, 40.2, 49.77, 22.81, 165.8, 164.96, 172.77, 94.8, 152.84, 109.8, 57.47, 20.4, 103.2, 142.0, 154.33, 108.09, 70.0, 121.8, 140.33, 82.75, 23.8, 13.8, 178.09, 109.47, 159.17, 101.27, 101.8, 97.12, 160.62, 65.3, 85.4, 30.92, 192.2, 76.4, 14.84, 23.49, 163.09, 197.6, 138.8, 31.72, 53.6, 178.96, 99.95, 2.85, 194.36, 78.2, 77.8, 43.4, 173.24, 39.89, 166.6, 188.21",A Brazilian online betting sites directory.
g.io,https://g.io/,False,NONE,,A Cloudflare error page indicating a CNAME cross-user ban.
g.hr,https://g.hr/,True,50000,50000,"A domain named G.HR listed for sale on Spaceship with a $50,000 buy-it-now price."
g.fo,https://g.fo,False,NONE,"64.31, 80.66, 144.97, 162.41",Online shop selling euro-priced art-filter portraits.
g.is,https://g.is/,False,NONE,,Personal website of Garðar Hauksson describing his work on Pay Analytics by Beqom.
g.cm,http://g.cm/,False,NONE,,This domain is registered and protected by MarkMonitor.
g.gl,https://www.google.com/,False,NONE,,"A page showing the Google search interface with menus, settings, and prompts."
g.ly,https://g.ly,False,NONE,,"Libya Guide Company provides IT services, vehicle tracking and fleet management, surveillance systems, and e-payment solutions in Libya."
g.kg,https://chriser.cc/2024/01/25/%E4%B8%80%E4%BA%9B%E8%AF%BB%E4%B9%A6%E7%AC%94%E8%AE%B0%EF%BC%88%E4%B8%89%EF%BC%89/,False,NONE,,A Chinese-language personal history blog documenting reading notes.
g.me,http://g.me,False,NONE,,Official Google Workspace Updates blog sharing information about new features and changes for Google Workspace.
g.je,https://g.je/,True,NONE,,The domain g.je is for sale.
g.mr,https://g.mr/,True,5000,5000,"A domain for sale (g.mr) with a buy-now price of $5,000, listed via spaceship.com."
g.nf,https://sedo.com/search/details/?partnerid=324561&language=us&domain=g.nf&origin=sales_lander_15&utm_medium=Parking&utm_campaign=offerpage,True,82500,82500,"The g.nf domain is for sale on Sedo with a Buy Now price of €75,000."
g.sc,https://g.sc/,True,NONE,,A domain listing indicating that g.sc may be for sale.
g.ro,https://g.ro/,True,NONE,,A Sedo parked domain page for g.ro.
g.pl,https://g.pl,False,NONE,"15, 1250",A Polish-language lifestyle and news site offering tips and trivia.
g.sg,http://g.sg/?nfo=1&pr=ZXlKMGVYQWlPaUpLVjFRaUxDSmhiR2NpT2lKSVV6STFOaUo5LmV5SnBZWFFpT2pFM05qTTROakF5TXpZc0ltVjRjQ0k2TVRjMk16ZzJOVFk1Tml3aWFuUnBJam9pTmpreU1qVm1NR015T0RrNVpTMDJPVEl5TldZd1l6STRPV1JqSWl3aWFYTnpJam9pWnk1elp5SXNJbUYxWkNJNld5Sm5Mbk5uSWwwc0luUjVjR1VpT2lKclpYbDNiM0prSW4wLjNnZFBpcUdUQ1dPQS1fRFZMekpyRS1hMHpnSkw2OUVDU0hpOVZCWHZYb1k%3D,False,NONE,,A Privacy Policy Bot page on the g.sg domain.
g.td,https://g.td/,False,NONE,,"A minimal, privacy-focused newsletter signup landing page for sanfernandoloanco.com."
g.sv,https://domgator.com/g-sv,False,NONE,,"The site is currently unavailable due to a 503 Service Unavailable error, indicating maintenance or capacity issues."
g.sh,http://g.sh/,False,NONE,,g.sh is a premium short .sh domain name.
g.sb,http://g.sb/,False,NONE,,The domain g.sb is under construction and not currently for sale.
g.to,https://g.to,False,NONE,,Goto is a link management tool that turns any link into a one-word shortcut.
g.tm,http://g.tm/,False,NONE,,A landing page promoting the premium g.tm domain.
g.tt,https://g.tt,False,NONE,33200000000,"AfterShip is an all-in-one eCommerce post-purchase platform offering order tracking, returns management, and AI-powered customer experiences."
g.tl,http://www.goodtradingllc.com/,False,NONE,,"A placeholder site for Good Trading LLC (GTLLC), currently under construction."
g.vu,https://g.vu/,False,NONE,,A free URL shortening service offering personalized links and QR codes for easy sharing.
h.ac,https://h.ac/,False,NONE,,This is a domain setup page for a link-shortening platform allowing custom branded domains.
g.pe,https://globalpartnership.org/,False,NONE,,An inaccessible website currently unavailable due to a CloudFront 403 error.
h.bw,http://h.bw/,False,NONE,,"H.BW is a beta, free URL shortener service."
h.ai,http://h.ai,True,NONE,,A domain name trading platform listing the h.ai domain for sale.
h.ar,https://h.ar,False,NONE,,LATAM-focused price scraping and business intelligence solution for retail and marketplaces.
h.bz,https://h.bz/,True,NONE,,A domain for sale landing page for h.bz.
g.pn,http://g.pn,True,1750,"57500, 13490, 45169, 257000, 13882, 11800, 100000, 25000, 12000, 7700, 500000, 181720, 169000, 115000, 85000, 57338, 44145, 19900, 11000, 6800000, 1500000, 350000, 60000, 110000, 49000, 80, 177000, 53, 85580, 20, 4800, 400000, 19800, 8200, 30000, 50000, 12880, 78000, 3960, 2600, 4880, 8900, 58.85, 204, 3850, 4730, 59000, 22880, 52880",A marketplace offering 1-character and other ultrashort domain names for sale.
h.cl,https://h.cl/,True,NONE,11000,"The domain h.cl is listed for sale at 10,000 EUR."
h.cc,https://hcc95566.com/?languageCode=zh&cid=6854828,False,NONE,8888,An online gambling site offering sign-up bonuses and a range of live and electronic betting games.
h.am,http://www.lnternet.jp/,False,NONE,"500, 93.33",A personal Japanese-language tech diary/blog by Takigawa Katsuhiko.
h.cr,https://013.com/?s=h.cr,False,NONE,,"Domain name inquiry page for the h.cr domain, with an email contact to reach the owner."
h.dm,https://h.dm/,False,NONE,,"A personal blog by William Hatcher about tech, life, and education."
h.cz,https://h.cz/sporeni/index.php,False,NONE,,A Czech site providing information about building savings (stavební spoření) and related financial services.
h.ee,https://h.ee/dge/,False,NONE,,A bare URL path on the h.ee domain.
h.co,http://h.co,False,NONE,20000000,"Official site of Bestseller, the multinational fashion company behind brands such as Jack & Jones, Only, and Vero Moda."
h.dk,http://h.dk,False,NONE,63.26,Ekram.dk is a Danish online kitchenware store.
g.ws,http://g.ws/,False,NONE,,A domain parking/landing page for Website.ws.
h.fo,https://h.fo/,False,NONE,,A 404 Not Found error page indicating the requested URL is no longer available.
h.gg,https://h.gg/,False,NONE,,The site consists solely of the phrase 'stan stan' with no sale information.
h.at,http://h.at,False,NONE,,A parked .at domain page by nic.at promoting a domain finder and security services.
h.et,http://h.et/,False,NONE,,A domain/website named labadiena1.
h.gp,https://website.org/404?domain=h.gp,False,NONE,,A page promoting free website creation on the h.gp domain via Website.org.
h.fr,https://www.hermes.com/,False,NONE,,A website that is currently inaccessible and returns a 403 Forbidden error.
h.hm,http://h.hm/,True,NONE,,A domain for sale (h.hm).
h.ht,http://h.ht/,False,NONE,,A minimal page displaying the domain name H.HT.
h.gl,http://www.h.gl/,True,NONE,1.5,A domain sales/landing page indicating a Netim-registered domain is for sale.
h.gt,http://h.gt/,True,NONE,,"Domain brokerage service for buying, selling, and inquiring about domain names (QiaoMi.com)."
g.mw,http://g.mw,True,1750,"57500, 13490, 45169, 257000, 13882, 11800, 100000, 25000, 12000, 7700, 100000, 25000, 500000, 181720, 169000, 115000, 85000, 57338, 44145, 19900, 11000, 6800000, 1500000, 350000, 60000, 1750, 123, 8900, 49000, 110000, 50000, 500000, 177000, 88580, 18000, 12000, 16800, 16800, 20, 4800, 400000, 19800, 8200, 30000, 100000, 150000, 12880, 12880, 12880, 59000, 3850, 3850, 3850, 3850, 3850, 3850, 4730, 3850, 22880, 52880, 78000, 3960, 2600, 2600, 2600, 2600, 2600, 3960, 4880, 2600, 8900, 8900, 8900, 6800000, 1500000, 350000, 60000, 110000, 11000, 181720",A marketplace listing one-character and short internet domain names for sale.
h.im,https://h.im/,False,NONE,,"Profile page for Dr. Heatherm Huang, a tech founder and fintech academic."
h.ki,https://h.ki/,False,NONE,,Heartbeat is a social network!
h.is,https://www.hradlestrarskolinn.com/h,False,NONE,,An Icelandic site offering free speed-reading materials and courses.
h.kz,https://h.kz/,True,NONE,,The h.kz domain is for sale.
h.lu,https://h.lu/,False,NONE,,A 404 Not Found page indicating the requested URL is unavailable.
h.mt,http://h.mt/,False,NONE,,A page displaying the reduced Planck constant symbol (ℏ).
h.kg,https://h.kg,False,NONE,,"Hoster.kg is a Kyrgyz hosting and digital advertising company offering servers, hosting, colocation, domain registration, VPS, SSL, and related services."
h.nz,http://h.nz/,False,NONE,,The Family Hochmann website is currently under construction.
h.me,https://h.me,False,NONE,,An AI-powered brand-name and identity generator that promotes .ME domains.
h.nf,https://sedo.com/search/details/?partnerid=324561&language=us&domain=h.nf&origin=sales_lander_15&utm_medium=Parking&utm_campaign=offerpage,True,NONE,,The domain h.nf is for sale.
h.pl,http://h.pl/,False,NONE,,Restricted-access page indicating the site is under construction.
h.mk,http://www.h.mk/,True,NONE,1.5,A domain registrar page promoting discounted domain registrations and inviting contact with the current owner.
h.pw,https://h.pw/auth/login,False,NONE,,A login page for Immich.
h.sc,http://h.sc/,False,NONE,,A parked domain page on Porkbun indicating h.sc is registered but not yet developed.
h.ro,https://h.ro/,True,54000,54000,The domain h.ro is for sale.
h.sh,https://h.sh/,False,NONE,,A DreamHost admin panel landing page inviting users to upload their website for the h.sh domain.
h.sk,https://h.sk/,False,NONE,,A 404 Not Found page indicating the requested link is no longer available.
h.td,http://h.td/,False,NONE,,A placeholder page indicating a fresh web server is ready to use.
h.tc,https://h.tc/,False,NONE,,H.TC is a domain name.
h.tl,http://h.tl/,False,NONE,,A contact-only page prompting email inquiries to gxlhome@gmail.com.
h.tv,https://h.tv/,False,NONE,,A blocked-access page indicating automated-bot detection and prompting users to use a standard browser.
h.sv,https://domgator.com/h-sv,False,NONE,,A website currently returning a 503 Service Unavailable error due to maintenance.
h.to,https://h.to,True,NONE,,A domain parking page indicating the h.to domain is for sale.
h.vc,https://h.vc,False,NONE,,"Human Ventures is a New York-based, human-first venture capital firm and startup-building platform."
h.ua,https://h.ua/,False,NONE,,A website displaying a database connection error.
h.uk,https://h.uk,True,NONE,,H.uk is a domain name that is for sale.
h.vg,https://sedo.com/search/details/?partnerid=324561&language=us&domain=h.vg&origin=sales_lander_15&utm_medium=Parking&utm_campaign=offerpage,True,1000000,1000000,"The domain h.vg is for sale through Sedo with an asking price of $1,000,000."
h.tm,http://h.tm/,False,NONE,,A landing page promoting the premium .tm domain name h.tm.
i.ai,https://i.ai/,False,NONE,,A domain name 'I.AI' likely related to artificial intelligence.
i.bw,http://i.bw/,False,NONE,,The site is a project page for I.BW by Avi Fox (Avi Ginsberg).
i.ar,https://i.ar,False,NONE,,Ignacio Randazzo’s personal professional website.
i.ac,http://i.ac/,False,NONE,,A landing page promoting the i.ac premium domain name.
i.at,https://i.at,False,NONE,"0.99, 2.49, 0.49, 0.0",MeMail is an email service offering personalized addresses and storage options.
i.bo,https://i.bo/,False,NONE,,"An obfuscated collection of .bo domain fragments and a URL, with no clear sale information."
i.cr,https://i.cr/,False,NONE,,A Diamond Trading login page for Jainisha Infosoft.
i.cc,http://i.cc,True,NONE,,The domain i.cc is for sale on a premium domain trading platform.
i.cv,https://i.cv/,False,NONE,,A deployment status page indicating a temporarily paused deployment.
i.cg,http://i.cg/,False,NONE,,A parked i.cg domain page showing contact details with no sale information.
i.cx,https://013.com/?s=i.cx,False,NONE,,A domain inquiry page for the i.cx domain with contact email info@013.com.
i.dk,https://i.dk,False,NONE,,A top-500 list of the most visited Danish domain names on i.dk.
i.ee,https://i.ee/,False,NONE,,An inaccessible CloudFront error page indicating the site cannot be accessed.
i.cz,https://i.cz,False,NONE,,"ICZ Group is a Czech IT solutions and systems integration company offering integrated software, cybersecurity, risk management, and NIS2 compliance services."
i.fr,https://www.i.fr/,False,NONE,,French contact form page on i.fr that redirects to immobilier.fr (a real estate site).
i.gg,https://i.gg/,False,NONE,,The domain i.gg is a URL shortener service.
i.gd,https://www.liveislife.com/,False,NONE,,A personal lifestyle blog named 'Live Is Life'.
h.pn,http://h.pn,True,NONE,"57500, 13490, 45169, 257000, 13882, 11800, 100000, 25000, 12000, 7700, 100000, 25000, 500000, 181720, 169000, 115000, 85000, 57338, 44145, 19900, 11000, 6800000, 1500000, 350000, 60000, 1750, 123, 8900, 8900, 8900, 8900, 8900, 49000, 110000, 50000, 500000, 177000, 88580, 18000, 12000, 16800, 16800, 20, 4800, 400000, 19800, 8200, 100000, 177000, 88580, 18000, 12000, 16800, 16800, 110000, 50000, 500000, 177000, 88580, 18000, 12000, 16800, 16800, 59000, 3850, 3850, 3850, 3850, 3850, 3850, 4730, 3850, 22880, 52880, 12880, 22880, 12880, 12880, 12880, 12880, 12880, 12880, 52880, 12880, 12880, 12880, 12880, 12880, 12880, 12880, 12880, 12880, 78000, 3960, 2600, 2600, 2600, 2600, 2600, 3960, 4880, 2600, 8900, 8900, 8900, 8900, 8900, 8900",Marketplace selling ultra-short domain names (one-character and short) for sale.
i.gs,https://i.gs/,True,NONE,,The i.gs domain may be for sale.
i.cm,https://i.cm,True,NONE,"374.65, 2816.9, 704.23",A fixed-price domain marketplace operated by West.cn for buying and selling domains.
h.ws,http://h.ws/,False,NONE,,A landing page for the WEBSITE.WS domain promoting a lifetime internet address.
i.gp,https://website.org/404?domain=i.gp,False,NONE,,A page promoting free website registration under the i.gp domain via Website.org.
i.af,http://i.af/,False,NONE,,The i.af domain is parked and managed by INWX.
i.fo,http://i.fo/,False,NONE,,A login page for Harmonikan.org.
i.hn,https://i.hn/,True,50000,50000,"The i.hn domain is for sale for $50,000."
h.mw,http://h.mw,True,NONE,"57500, 13490, 45169, 257000, 13882, 11800, 100000, 25000, 12000, 7700, 100000, 25000, 500000, 181720, 169000, 115000, 85000, 57338, 44145, 19900, 11000, 6800000, 1500000, 350000, 60000, 1750, 123, 8900, 49000, 50000, 177000, 88580, 18000, 16800, 20, 4800, 400000, 19800, 8200, 30000, 150000, 78000, 3960, 2600, 4880, 122880, 59000, 3850, 4730, 52880, 22880, 12880, 110000, 60000, 1500000, 6800000, 110000, 204, 53, 27.16, 58.85, 80, 50, 60, 78, 110000, 1250000",A marketplace listing for short 1-letter and other ultra-short domain names for sale.
i.gt,https://i.gt,False,NONE,,"Montreal-based CanaTec is a technology company promoting Canadian products worldwide, offering a wide range of electronics, appliances and related services."
i.ht,https://i.ht/,False,NONE,,A website displaying a 403 Forbidden access error.
i.is,https://i.is,False,NONE,,Promotional site showcasing Icelandic water brands and the purity of Iceland's natural springs.
i.gy,https://i.gy,False,NONE,,A free self-improvement knowledge site offering articles and essays on personal growth.
i.hm,https://heming.org/,False,NONE,"0, 2.56",A personal blog about domain names and domain industry news.
i.ie,https://www.i.ie/,True,NONE,"27500, 2750",i.ie is a premium single-letter .ie domain offered for sale.
i.je,https://i.je,False,NONE,,Sheetal Group is a global diamond manufacturing company focused on ethical sourcing and sustainability.
i.hr,https://i.hr,True,30000,"33000, 2365, 7500",Premium domain listing offering the i.hr domain for sale with buy-now and lease-to-own options.
i.lu,https://i.lu/,False,NONE,,Minimal page for the i.lu domain featuring a contact email.
i.la,https://i.la,True,50000,"50000, 1667, 10","A marketplace listing selling the domain I.LA with a USD 50,000 buy-now price and installment options."
i.mk,https://i.mk/,False,NONE,,A parked domain (i.mk) currently available for development.
i.ls,https://i.ls/,False,NONE,,CloudFront error page indicating a 502 Bad Gateway and server connectivity issues for the requested site.
i.me,https://i.me,False,NONE,,AI-powered brand-name generator and .ME domain branding resource.
i.mp,https://imput.net/,False,NONE,,"Imput is a small software development and security research firm focused on private software, reverse engineering, and network services."
i.nf,https://i.nf/login,False,NONE,,Polr appears to be a URL shortening service.
i.pe,https://i.pe/,False,NONE,,It is the i.pe project owned by Xcrivas Comunicaciones y Servicios SRL.
i.my,https://i.my/,True,NONE,,Domain landing page for i.my with a Buy this domain prompt.
i.rw,https://i.rw,False,NONE,,An HTTP server test page powered by CentOS-WebPanel.
i.pl,https://i.pl,False,NONE,1750,A Polish-language information portal offering national and world news.
i.pn,https://i.pn,False,NONE,,An IP address information and geolocation API data page.
i.kz,http://i.kz,False,NONE,"20, 600",A Kazakh online loan service offering payday and consumer loans.
i.sb,https://i.sb,True,NONE,,The domain i.sb is for sale and available for offers.
i.sv,https://i.sv/,True,NONE,,A domain (i.sv) that may be for sale; contact admin@booyeu.com.
i.sk,https://i.sk/,True,NONE,,i.sk is a registered domain currently available for sale by offer.
i.tl,https://i.tl/,False,NONE,,The site is under construction.
i.kg,https://restoran.kg/,False,NONE,,A restaurant website domain (restoran.kg) currently under construction.
i.tt,https://i.tt/,True,NONE,,The i.tt domain is for sale and offers are invited.
i.de,http://i.de,False,NONE,,"A Checkdomain parked domain under construction offering domain checks, registrations, hosting, and SSL services."
i.sg,https://i.sg,False,NONE,"99, 199, 299, 388, 398, 399, 500, 599, 666, 888, 899, 1299, 1499, 1888",A Singapore Golden Number listing site selling various premium number combinations with limited-time offers.
i.ua,https://i.ua,False,NONE,,i.ua is a Ukrainian online media portal providing news and various online services.
i.tm,http://i.tm/,False,NONE,,A landing page promoting the i.tm premium domain name.
i.vu,https://i.vu,False,NONE,,A website for Inclusive vision for us focused on advancing responsible real estate studies in the AI era.
j.ac,https://j.ac/,False,NONE,,A 404 error page indicating the requested page was not found.
i.ro,http://i.ro,False,NONE,"1.15, 1.0, 1.31",RO24 is a Romanian news portal providing headlines and currency exchange rates.
j.ai,https://j.ai,True,3000000,3000000,"A domain marketplace listing indicating j.ai is for sale with a $3,000,000 buy-now option."
j.am,https://j.am/,False,NONE,,The j.am domain is parked with Sedo Domain Parking.
j.ar,https://j.ar/,True,120000,120000,"A domain-for-sale listing for the J.AR domain with a buy-now price of $120,000 on Spaceship."
j.bw,http://j.bw/,False,NONE,,A beta project offering the shortest free URL shortener at j.bw.
j.cr,http://j.cr/,False,NONE,,A confirmation message that a new web server is ready to use.
j.cl,https://j.cl/,True,10900,10900,A domain name j.cl is offered for sale.
j.bo,https://j.bo/,False,NONE,,An obfuscated domain string with no sale information.
j.cv,https://j.cv,False,NONE,"100, 28000000","Personal website of James LePage, a founder and AI leader at Automattic."
j.de,https://j.de,True,NONE,,Nameshift.com is a domain name marketplace offering escrow-based domain purchases with buy-now or offer pricing.
j.cn,https://j.cn/,False,NONE,,"Planet J is a site promoting an immersive online realm with role-playing games, 3D avatar customization, and parties."
j.dk,https://j.dk,False,NONE,,A Danish job search website.
j.cz,http://j.cz,False,NONE,,A public Jabber/XMPP server offering open registration and options to host domains.
j.fr,https://j.fr/,True,NONE,,A parked domain (j.fr) that is for sale.
j.et,https://j.et,False,NONE,"4.95, 9.95, 19.95, 24.95, 49.95","Jetpack is a WordPress security, performance, and site-management service."
j.gp,https://j.gp/,True,NONE,,The domain j.gp may be for sale.
j.gd,http://j.gd/,True,9999,9999,"A domain marketplace listing short, brandable domains with Make Offer and Buy Now options."
i.mw,http://i.mw,True,NONE,"57500, 13490, 45169, 257000, 13882, 11800, 100000, 25000, 12000, 7700, 100000, 25000, 500000, 181720, 169000, 115000, 85000, 57338, 44145, 19900, 11000, 6800000, 11000, 350000, 60000, 1750, 80, 8900, 59, 49000, 800, 177000, 53, 88580, 20, 4800, 400000, 19800, 8200, 30000, 150000, 12880, 22880, 52880, 78000, 3960, 2600, 4880, 8900, 110000, 177000, 16800, 78000, 110000",A marketplace offering one-letter and other short domain names for sale with buy-now options.
i.ws,http://i.ws/,False,NONE,,A landing page for the domain website.ws promoting its tagline Your Internet Address For Life.
j.gs,https://publisher.linkvertise.com/adfly-hard-migrator/url?url=https://j.gs/,False,NONE,,"Cloudflare-protected access page for linkvertise.com, a link shortener/redirect service."
j.fo,https://j.fo,False,NONE,,A Faroese political party website (the Social Democratic Party) presenting policy areas and news.
j.hm,http://j.hm/,True,NONE,,The domain j.hm is for sale.
j.hn,https://j.hn,False,NONE,,"A personal blog by John Dyer about theology, technology, and society."
j.is,https://j.is/,False,NONE,,The website is configured for the domain j.is.
j.ht,https://1-single-letter-domains.com/landingpage.php?domain=j.ht,True,NONE,,"A listing offering the sale of one-letter domain names, including the j.ht domain."
j.io,http://j.io/,False,NONE,,A parked domain page for j.io with contact details.
j.ke,https://sedo.com/search/details/?partnerid=324561&language=us&domain=j.ke&origin=sales_lander_15&utm_medium=Parking&utm_campaign=offerpage,True,NONE,,A Sedo domain marketplace listing indicating the domain j.ke is for sale.
j.kz,https://j.kz/,True,NONE,,The j.kz domain is for sale.
j.mp,https://j.mp/,False,NONE,,Bitly 404 Not Found page from bitly.com.
j.mu,https://j.mu,False,NONE,,Official James Madison University website.
j.lu,https://j.lu/,False,NONE,,A domain named j.lu with a contact email j@j.lu.
j.mr,http://ww53.j.mr/challenge?next=/,False,NONE,,j.mr is a domain name with no sale information provided.
j.pl,https://j.pl/,False,NONE,,Default nginx welcome page indicating the site is running nginx.
j.mk,http://www.j.mk/,True,NONE,1.5,A Netim domain registration page offering discounted domains with an option to contact the current owner.
j.pn,https://j.pn,False,NONE,"6.45, 64.52",A Japanese news agency platform inviting everyday creators to submit footage for monetized broadcast use.
j.ro,https://j.ro/,False,NONE,"1309, 2409",B2B tech hosting and email marketing platform offering DNS management and related services for j.ro and associated domains.
j.nz,https://j.co.nz/,False,NONE,,The j.nz domain associated with Julian Meadow & Associates.
j.sc,https://j.sc,False,NONE,,"A portfolio-style showcase listing technology companies across AI, robotics, defense, space, fintech, and consumer brands."
j.st,https://j.st/,False,NONE,,A domain for a URL shortening service that allows customizable link endings.
j.td,http://j.td/,False,NONE,,A confirmation that a newly configured web server is ready to use.
j.sh,http://j.sh/,False,NONE,,Promotional page advertising the premium j.sh domain.
j.sv,https://domgator.com/j-sv,False,NONE,,The website is currently unavailable due to a 503 Service Unavailable error.
j.tl,https://introvert.com/?domain=j.tl,True,NONE,,A domain listing page indicating introvert.com is for sale.
j.to,https://j.to/,False,NONE,,A chat app interface.
j.se,http://j.se/,False,NONE,,The domain j.se is parked with no active website and is owned by Domeneshop AS.
j.vu,https://j.vu/,False,NONE,,J.VU is a brand/domain represented by the domain j.vu.
j.mw,http://j.mw,True,1750,"57500, 13490, 45169, 257000, 13882, 11800, 100000, 25000, 12000, 7700, 6800000, 1500000, 350000, 60000, 1750, 123, 8900, 49000, 18000, 16800, 20, 4800, 400000, 19800, 8200, 30000, 50000, 12880, 78000, 3960, 2600, 4880, 500000, 177000, 88580, 59000, 108000, 54000, 3780, 4644",A marketplace offering one-character and other short domain names for sale.
j.tm,http://j.tm/,False,NONE,,A premium .tm domain name landing page for j.tm.
j.kg,http://j.kg,True,1750,"57500, 13490, 45169, 257000, 13882, 11800, 100000, 25000, 12000, 7700, 100000, 25000, 500000, 181720, 169000, 115000, 85000, 57338, 44145, 19900, 10900, 6800000, 1500000, 350000, 60000, 1750, 123, 8900, 8900, 8900, 8900, 8900, 49000, 177000, 88580, 18000, 12000, 16800, 16800, 20, 4800, 400000, 19800, 8200, 100000, 30000, 100000, 150000, 100000, 50000, 12880, 12880, 12880, 12880, 12880, 12880, 12880, 12880, 12880, 78000, 3960, 2600, 2600, 2600, 2600, 2600, 3960, 4880, 2600, 8900, 8900, 8900, 109000, 30000, 100000, 150000, 50000, 12880, 12880, 12880, 12880, 12880, 12880, 12880, 12880, 12880, 22880, 52880, 12880, 22880, 12880, 12880, 12880, 12880, 12880, 12880, 78000, 3960, 2600, 2600, 2600, 2600, 2600, 3960, 4880, 2600, 8900, 8900, 8900, 6800000, 1500000, 350000, 60000, 109000, 58.85, 58.85, 58.85, 58.85, 58.85, 53, 53, 53, 27.16, 27.16, 27.16",A marketplace listing for short one-letter and other tiny domain names for sale.
k.ai,https://k.ai,True,NONE,1000000,"k.ai is a premium, single-character .ai domain available for sale with a minimum negotiation budget of USD 1,000,000."
k.af,https://k.af,True,NONE,,"A domain sales marketplace offering search, filters, and brokerage services."
k.ac,http://k.ac/,True,NONE,,Premium domain k.ac is advertised as available for purchase.
k.ar,https://k.ar/,True,NONE,,The domain k.ar is for sale and parked on Sedo.
j.ie,http://j.ie,True,1750,"57500, 13490, 45169, 257000, 13882, 11800, 100000, 25000, 12000, 7700, 100000, 25000, 500000, 181720, 169000, 115000, 85000, 57338, 44145, 19900, 11000, 6800000, 1500000, 350000, 60000, 1750, 123, 8900, 8900, 8900, 8900, 8900, 49000, 110000, 50000, 500000, 177000, 88580, 18000, 12000, 16800, 16800, 20, 4800, 400000, 19800, 8200, 100000, 30000, 100000, 150000, 50000, 500000, 177000, 88580, 18000, 12000, 16800, 16800, 110000, 59000, 12880, 12880, 12880, 12880, 12880, 12880, 12880, 78000, 3960, 2600, 2600, 2600, 2600, 2600, 2600, 3960, 4880, 2600, 8900, 8900, 8900, 8900, 8900, 110000, 100000, 50000, 500000, 177000, 88580, 18000, 12000, 16800, 16800, 12880, 52880, 12880, 22880, 12880, 12880, 12880, 12880, 12880, 12880, 78000, 3960, 2600, 2600, 2600, 2600, 2600, 2600, 3960, 4880, 2600, 8900, 8900, 8900, 8900, 8900, 58.85, 58.85, 58.85, 58.85, 58.85, 58.85, 58.85, 58.85, 58.85, 58.85, 58.85, 58.85, 58.85, 58.85, 58.85, 58.85, 58.85, 27.16, 27.16, 27.16, 27.16, 27.16, 27.16, 27.16, 27.16, 27.16, 59, 59, 59, 59, 59, 59, 59, 59, 59, 59, 59, 53, 20, 50, 53, 120, 204, 500, 100, 59, 58.85",A marketplace listing selling the world’s shortest 1-letter/1-character domain names for sale.
k.cg,http://k.cg/,False,NONE,,A success message indicating a newly configured web server is ready to use.
k.cl,https://k.cl/,False,NONE,,An under-construction placeholder page with a WhatsApp contact number.
k.bw,http://k.bw/,False,NONE,,A personal domain used by Kesav Mohan to stay in touch with family and friends and share k.bw addresses.
k.at,https://k.at,False,NONE,"182600000000, 5.5",Austrian news site Kurier’s Trend Hub homepage with trending headlines and lifestyle content.
k.bz,https://k.bz/,True,NONE,,A domain sales page offering the k.bz domain.
k.ee,https://domeeninimi.ee/k.ee,True,NONE,,The domain k.ee is for sale.
k.bo,https://k.bo/,False,NONE,,An obfuscated string containing a URL; the domain's purpose is unclear and no sale information is evident.
k.dk,https://www.kristeligt-dagblad.dk/,False,NONE,,A Danish Christian daily newspaper website.
j.ws,http://j.ws/,False,NONE,,Parked domain landing page for website.ws with the tagline 'Your Internet Address For Life'.
k.fr,http://k.fr/,False,NONE,,The domain k.fr is registered and currently unavailable.
k.fo,https://k.fo,True,NONE,,A premium domain marketplace listing for the k.fo domain for sale.
k.gt,https://k.gt/cgi-sys/defaultwebpage.cgi,False,NONE,,A default hosting error page indicating DNS/server misconfiguration.
k.gg,https://k.gg/,False,NONE,,A password-protected photography gallery/portfolio site organizing images into categorized albums.
k.gp,https://website.org/404?domain=k.gp,False,NONE,,k.gp is a free website creation domain managed by Website.org.
k.gy,https://k.gy/,False,NONE,,A placeholder default webpage indicating the site is under construction.
k.hm,http://k.hm/,True,NONE,,The domain k.hm is for sale.
k.de,http://k.de,False,NONE,,koeln.de is the official city portal for Cologne.
k.hr,https://www.kladaric.net/,False,NONE,,Kladaric family homepage with links to family member domains.
k.hn,https://k.hn/,False,NONE,,A URL shortening service offering a Telegram bot to generate shortened links.
k.gl,http://k.gl,False,NONE,247500000,A Greenlandic public broadcaster site (KNR) with TV/radio program listings and news.
k.cc,http://k.cc/,True,NONE,,The k.cc domain is for sale.
k.ie,https://www.k.ie/,True,NONE,1100,k.ie is a premium single-letter .ie domain available for purchase.
k.ht,https://k.ht,False,NONE,"538.92, 214.92, 54.0, 52.92, 538.92","Swiss-based online marketing agency offering content marketing, PR, and website optimization services."
k.is,https://k.is,False,NONE,,Klaki Tours offers private luxury off-road Superjeep tours in Iceland.
k.io,https://k.io,False,NONE,"10.23, 8.96, 24.32, 19.2, 12.8",Krystal Hosting is a UK-based green web hosting provider.
k.kn,https://k.kn/,False,NONE,,An HTTP 401 Unauthorized error page indicating that credentials are required to access the requested document.
k.kz,https://k.kz/,False,NONE,,A page about 'SOUTHPOLE 1998 footprints' with no sale information.
k.ki,https://k.ki/xss.php?do=login,False,NONE,,"An XSS Platform page promoting KK Coin and related crypto services, with login and a safety-testing disclaimer."
k.me,https://k.me,False,NONE,,Brand-name generation site that helps you create a personal or business brand name and promotes .ME domain registration.
k.ke,https://k.ke/,False,NONE,,"A personal blog about domain names, servers, and related tech updates."
k.cn,http://k.cn,False,NONE,"42.86, 30.57, 19.71, 102.29, 60.0, 14.14, 34.29, 27.86, 7.86, 121.43, 25.71, 94.14, 62.71, 9.71, 56.86, 16.0, 34.14, 10.29, 15.43, 49.29, 11.14, 18.29, 12.57, 84.0, 67.43, 69.71, 57.0, 148.29, 46.86, 18.57, 133.71, 48.29, 64.14, 28.43",A Chinese-language online marketplace offering a wide range of consumer goods.
k.nz,https://k.nz/,True,NONE,,The k.nz domain is no longer in business and is listed for sale.
k.mr,http://ww53.k.mr/challenge?next=/,False,NONE,,k.mr is a domain name.
k.ly,https://k.ly,False,NONE,,"Kubrina is a Libyan logistics and parcel delivery company offering standard, express, door-to-door, and pickup shipping services across Libya."
k.sb,https://k.sb/,False,NONE,,A basic corporate page for the K.SB brand.
k.sh,https://k.sh/,False,NONE,,A 404 Not Found error page indicating the requested page is unavailable.
k.im,https://x.com/kimdotcom,False,NONE,,An error/notification page advising users to disable privacy extensions to access x.com.
k.sk,https://k.sk/,False,NONE,,A generic 404 Not Found page indicating the requested URL is unavailable.
k.rw,http://k.rw,True,2000,"2000, 334, 1000",k.rw is a for-sale domain listed on Atom's marketplace.
k.td,https://k.td/,False,NONE,,A password hint for the fish's secret base.
k.tv,https://k.tv/,False,NONE,,Access blocked page due to automated-request detection.
k.tl,http://k.tl/,True,NONE,,"k.tl is a parked domain with contact details, suggesting it may be for sale."
k.tk,https://www.k.tk/,False,NONE,,A webpage displaying an invalid ticket link error.
k.pl,https://k.pl,False,NONE,"2.37, 2.37, 2.37, 9.29, 2.14, 59.29, 59.76, 6.43, 2.14, 2.37, 9.29, 2.14, 2.37, 9.29, 2.14, 14.29, 11.67","Polish hosting and data center provider offering VPS, dedicated servers, colocation, and domain hosting."
k.st,https://k.st/,False,NONE,"86.11, 20.83",A Chinese-language site offering guides and tutorials for opening Hong Kong bank accounts and US/HK stock trading accounts.
k.uk,https://k.uk,True,0,"0, 64770",k.uk is a premium domain name currently for sale.
k.tm,http://k.tm/,False,NONE,,A landing page promoting the premium k.tm domain.
k.vu,https://k.vu/,False,NONE,,A domain name called k.vu.
l.af,https://l.af/,False,NONE,,A comment expressing interest in the domain l.af.
l.am,https://l.am/,False,NONE,,A parked domain page on Sedo for l.am.
l.ar,https://l.ar/,False,NONE,,This is the domain name l.ar.
l.ac,http://l.ac/,True,NONE,,"A parked domain page for l.ac with contact details, likely offered for sale."
l.cl,https://l.cl/,True,NONE,,The domain l.cl is for sale and parked with Sedo.
k.mw,http://k.mw,True,NONE,"57500, 13490, 45169, 257000, 13882, 11800, 100000, 25000, 12000, 7700, 100000, 25000, 500000, 181720, 169000, 115000, 85000, 57338, 44145, 19900, 11000, 6800000, 1500000, 350000, 60000, 1750, 80, 8900, 8900, 8900, 8900, 8900, 49000, 110000, 50000, 204, 500000, 177000, 53, 88580, 20, 4800, 400000, 19800, 8200, 100000, 30000, 100000, 150000, 100000, 50000, 12880, 12880, 12880, 59000, 3850, 3850, 3850, 3850, 3850, 4730, 3850, 22880, 52880, 12880, 22880, 12880, 12880, 12880, 12880, 12880, 12880, 12880, 78000, 3960, 2600, 2600, 2600, 2600, 2600, 3960, 4880, 2600, 8900, 8900, 8900, 49000, 110000, 50000, 204, 500000, 177000, 53, 88580, 20, 4800, 400000, 19800, 8200, 100000, 30000, 100000, 150000, 100000, 50000, 12880, 12880, 12880, 59000",A marketplace listing 1-letter and other short domain names for sale.
l.bw,http://l.bw/,False,NONE,,"L.BW is a beta, free URL shortener service by the AviFox Project."
l.bo,https://l.bo/,False,NONE,,A garbled list of .bo subdomains and a broken URL.
l.cv,https://l.cv/dashboard/login,False,NONE,,"A product page for Sink, a simple, fast, and secure Cloudflare-based link shortener."
l.cm,https://l.cm,True,3450,3450,The domain l.cm is for sale with an asking price of 3450 USD.
l.bz,https://l.bz/,True,NONE,,A landing page selling the domain l.bz.
l.fm,https://l.fm/,True,NONE,,A Sedo parked domain page for l.fm.
l.de,https://l.de,False,NONE,272.5,"Leipziger Gruppe is the Leipzig-based utility company providing energy, mobility, and water services."
l.fo,https://l.fo,True,NONE,"10, 5, 3",A domain-for-sale landing page selling .l.fo subdomains with annual pricing.
k.ws,http://k.ws/,False,NONE,,Parked domain landing page for Website.ws.
l.dk,http://l.dk,False,NONE,59.87,A Danish online shop offering designer home decor and interior goods.
l.gp,https://website.org/404?domain=l.gp,False,NONE,,Landing page promoting free website creation using the l.gp domain under Website.org.
l.hm,https://sedo.com/search/?member=cfb2b78fa149007267f7340e8968aabb9a212966,False,NONE,,A domain search and top-level domain filter page for registering domains.
l.gl,https://sedo.com/search/details/?partnerid=324561&language=us&domain=l.gl&origin=sales_lander_15&utm_medium=Parking&utm_campaign=offerpage,True,275000,275000,"The domain l.gl is for sale, with a Buy Now price of 250,000 EUR."
l.ht,https://l.ht/,False,NONE,,A domain name called l.ht.
l.ie,https://l.ie,False,NONE,,Galway-based driving school offering car lessons and professional driver training with driving-test preparation.
l.hr,https://l.hr,False,NONE,,Chaos Guru is the personal tech-lead blog of Luka Kladaric focused on tech debt and public speaking.
l.im,http://l.im,True,NONE,0,L.IM is a for-sale domain name listed on the Atom marketplace.
l.io,http://l.io/,False,NONE,,The domain l.io is currently parked with contact information.
l.is,https://l.is/,False,NONE,,A domain name using the .is TLD: l.is.
k.nu,http://k.nu/,False,NONE,,"A parked domain page hosted by Loopia, indicating the domain is registered and managed via Loopia's services."
l.ls,http://l.ls/,False,NONE,,A personalized creative email address at ab.cd.
l.lu,https://l.lu/,False,NONE,,A minimal placeholder page for the domain l.lu with a contact email at l@l.lu.
l.mk,https://l.mk,False,NONE,,"l.mk is a freemium notification and micro-consent platform for e-commerce drops, restocks, and product launches."
l.ke,https://l.ke/,False,NONE,,A professional URL shortening service that converts long URLs into concise short links and tracks clicks.
l.pe,https://l.pe/listing,True,NONE,,A domain name (l.pe) for sale listed on Bodis.
l.nf,https://l.nf/,False,NONE,,404 Not Found page indicating the requested URL is not available.
k.vg,http://k.vg,True,1750,"57500, 13490, 45169, 257000, 13882, 11800, 100000, 25000, 12000, 7700, 100000, 25000, 500000, 181720, 169000, 115000, 85000, 57338, 44145, 19900, 11000, 6800000, 1500000, 350000, 60000, 1750, 80, 123, 8900, 8900, 8900, 8900, 8900, 8900, 8900, 49000, 110000, 50, 50000, 500000, 177000, 88580, 18000, 12000, 16800, 16800, 20, 4800, 400000, 19800, 8200, 100000, 30000, 100000, 150000, 100000, 50000, 12880, 12880, 12880, 12880, 12880, 12880, 12880, 12880, 12880, 12880, 12880, 12880, 78000, 3960, 2600, 2600, 2600, 2600, 2600, 3960, 4880, 2600, 8900, 8900, 8900",Marketplace for ultra-short domain names (one-character and similar) that are for sale.
l.my,https://l.my/,True,NONE,,The domain l.my appears to be for sale.
l.nz,https://adomino.net/de/domain/eyJpdiI6Ijg3ekg2VEt5ZnNDdmFPNlh6bmlhMEE9PSIsInZhbHVlIjoiZWg4cWJvbnBvSW5pVUxkV3FVVDg4Zz09IiwibWFjIjoiNmI0NzkwZDdmMWM0NzhmMzVjZTM0MDliN2Y4Y2U2MDRhODgzMzllMjM3OGI3YzVmODlkNzc5ZjgzZTdjOWM5YyJ9,True,NONE,,A landing page selling the domain l.nz and inviting visitors to request a price quote.
l.pl,https://l.pl,True,NONE,,Aftermarket.pl is a Polish domain registrar and marketplace that lists domains for sale and provides hosting and security services.
l.mr,http://ww53.l.mr/challenge?next=/,False,NONE,,Domain name l.mr (a Mauritania country-code top-level domain).
l.rw,https://l.rw,False,NONE,,A default HTTP server test page for a CentOS-WebPanel installation.
l.sg,https://l.sg/,False,NONE,,"A placeholder/default page indicating a website to be built, with a prompt to upload files to public_html."
l.td,https://l.td/,False,NONE,,404 Not Found page indicating the requested URL is no longer available.
l.ro,https://l.ro/,False,NONE,"1859, 2959","A Romanian B2B IT and digital services platform offering email marketing, hosting, and DNS management for businesses."
l.sv,https://l.sv/,True,NONE,,Domain name for sale; offers can be made via email.
l.tl,https://l.tl,False,NONE,,"A marketing platform offering short URLs with tracking, retargeting, and analytics features."
l.tv,https://l.tv/,False,NONE,,An access-blocked page indicating automated tools are blocked from viewing the site.
l.sh,http://l.sh/,False,NONE,,A premium .sh domain name (l.sh).
l.tt,https://l.tt/,False,NONE,,A 404 Not Found error page indicating the requested link is no longer available.
l.uk,http://l.uk,True,499999,499999,"L.uk is a premium one-letter UK domain currently for sale with a buy-now price of $499,999."
l.tm,http://l.tm/,False,NONE,,A landing page promoting the premium l.tm domain.
l.ua,https://l.ua/,True,35000,35000,The domain name l.ua is for sale.
m.ac,https://m.ac,False,NONE,,"A personal tech blog by Xiufeng Guo about self-hosted apps, Linux, domain names, and life experiences."
m.ag,https://m.ag/,False,NONE,,This is the domain m.ag.
m.ai,https://m.ai,True,NONE,1000000,"m.ai is a premium, single-character .AI domain currently for sale."
m.am,https://accounts.google.com/v3/signin/identifier?continue=https%3A%2F%2Fmail.google.com%2Fmail%2Fu%2F0%2F&dsh=S1814355324%3A1763860508976095&emr=1&followup=https%3A%2F%2Fmail.google.com%2Fmail%2Fu%2F0%2F&ifkv=ARESoU0JKiA5m47tCueD9FNz1uEtVEyQju_wgKQ-0cGJ_dis9PfOmuRHXa2XqPQjzAUAOCN_WlJA&osid=1&passive=1209600&service=mail&flowName=WebLiteSignIn&flowEntry=ServiceLogin,False,NONE,,This is the Gmail sign-in page.
m.cc,https://m.cc/,False,NONE,,The domain m.cc currently displays a Cloudflare DNS error page and is not for sale.
m.ci,https://m.ci/,False,NONE,,"The m.ci domain is currently down, displaying a Cloudflare 521 error that the web server is not responding."
m.bo,https://m.bo/,False,NONE,,"An obfuscated string containing a URL, with no sale or pricing information."
m.af,http://www.m.af/,True,NONE,1.5,An online domain registrar/marketplace page offering discounted domain names and inviting users to contact the current owner.
m.cg,https://m.cg/,False,NONE,,"A personal blog site with no CG content, with plans to create CG-quality works in the future."
m.cv,https://m.cv,False,NONE,,"A personal portfolio/resume website for Michael Caron, a UX engineer and data scientist."
m.cr,https://m.cr/,False,NONE,,The website's content cannot be displayed.
m.dm,https://m.dm/,False,NONE,,An application error page indicating a server-side issue.
l.mw,http://l.mw,True,1750,"57500, 13490, 45169, 257000, 13882, 11800, 100000, 25000, 12000, 7700, 181720, 169000, 115000, 85000, 57338, 44145, 19900, 10800, 500000, 6800000, 1500000, 350000, 60000, 50000, 123, 108000, 177000, 88580, 18000, 4800, 204, 53, 80, 20, 58.85, 59000, 400000, 19800, 8200, 30000, 150000, 12880, 78000, 3960, 2600, 8900, 4880, 22880, 52880, 350000, 60000, 6800000, 1500000",A marketplace listing ultra-short and one-letter domain names for sale.
l.pn,http://l.pn,True,NONE,"57500, 13490, 45169, 257000, 13882, 11800, 100000, 25000, 12000, 7700, 100000, 25000, 500000, 181720, 169000, 115000, 85000, 57338, 44145, 19900, 11000, 6800000, 1500000, 350000, 60000, 11000, 110000, 1750, 123, 8900, 59, 8900, 59, 8900, 59, 8900, 59, 8900, 59, 8900, 59, 8900, 59, 49000, 110000, 50, 50000, 204, 500000, 500, 177000, 53, 88580, 20, 18000, 80, 12000, 80, 16800, 16800, 20, 4800, 20, 400000, 100, 19800, 80, 8200, 53, 100000, 120, 30000, 48, 100000, 48, 150000, 48, 100000, 48, 50000, 48, 12880, 53, 12880, 60, 12880, 60, 59000, 3850, 3850, 3850, 3850, 3850, 3850, 3850, 4730, 3850, 22880, 52880, 12880, 22880, 12880, 12880, 12880, 12880, 12880, 12880, 78000, 3960, 2600, 2600, 2600, 2600, 2600, 3960, 4880, 2600, 8900, 8900, 8900",A marketplace listing for one- and few-character domain names for sale.
m.ee,https://m.ee/tal/,False,NONE,,A page on the Estonian domain m.ee at /tal/.
m.fm,https://m.fm,False,NONE,,"A personal site for Frank Michlick showcasing expertise in technology, business, policy, and domain/Internet services."
m.dk,https://m.dk,False,NONE,7,A Copenhagen Metro information and travel-guide site.
m.et,https://namerie.com/?utm_source=m.et,True,NONE,,"Namerie is a domain name service offering collectible, historical, and brandable domain names."
m.gg,https://m.gg,False,NONE,,"A URL shortener and link management platform offering dynamic links, QR codes, bio pages, and analytics."
m.gp,https://m.gp/,True,NONE,,The domain m.gp is offered for sale.
m.hm,http://m.hm/,True,NONE,,The domain m.hm is for sale with no price listed.
m.ht,https://m.ht/,False,NONE,,m.ht is a domain name.
m.io,https://m.io,False,NONE,,"Mio provides cross-platform collaboration interoperability, enabling chat and file syncing across Google Workspace, Microsoft 365, and Slack."
m.hn,http://m.hn/,True,NONE,,m.hn is a parked domain offered for sale with contact information.
m.gd,https://m.gd,True,8888,"8888, 8888, 636.97, 1650, 3500",Premium domain marketplace listing for the m.gd domain with buy-it-now and lease-to-own options.
l.ws,http://l.ws/,False,NONE,,"Homepage for the domain website.ws, branding itself as 'Your Internet Address For Life'."
m.ky,https://m.ky/lander,True,NONE,,The domain m.ky is a parked domain offered for sale.
m.is,https://m.is/ordabok,False,NONE,,An online Icelandic language dictionary and educational resource produced by the Árni Magnússon Institute for Icelandic Studies.
m.ke,https://sedo.com/search/details/?partnerid=324561&language=us&domain=m.ke&origin=sales_lander_15&utm_medium=Parking&utm_campaign=offerpage,True,270000,270000,"The domain m.ke is for sale with a Buy Now price of about $270,000."
l.ps,https://www.next.co.uk/lipsy,False,NONE,,"An error page on Next.co.uk, the UK fashion and homeware retailer."
m.ly,https://m.ly,False,NONE,,A page promoting the $MOLLY meme cryptocurrency with tokenomics and liquidity features.
m.me,https://www.messenger.com/,False,NONE,,A messaging platform to connect with Facebook friends and family and have meaningful conversations.
m.mr,https://www.huweiming.cn/2020/12/65.html,True,NONE,,"A personal site listing domain names for sale, including m.mr, with contact email."
m.mp,https://m.mp/,False,NONE,,A URL shortening service for individuals and businesses.
m.my,https://m.my,False,NONE,,An out-of-home advertising agency providing large-format billboards and DOOH campaigns in Malaysia and Singapore.
m.nf,https://m.nf,False,NONE,,Global B2B manufacturing components marketplace connecting buyers with verified manufacturers.
m.nu,https://m.nu,True,NONE,"439.76, 455.91, 23.66, 36.01, 113.53, 123.41, 28.41, 37.91, 56.91, 332.03, 379.05, 75.91, 90.16, 1.14",A Swedish online shop offering home automation and smart home products.
l.sb,http://l.sb,True,1750,"57500, 13490, 45169, 257000, 13882, 11800, 100000, 25000, 12000, 7700, 100000, 25000, 500000, 181720, 169000, 115000, 85000, 57338, 44145, 19900, 6800000, 1500000, 350000, 60000, 1750, 123, 8900, 8900, 8900, 8900, 8900, 8900, 49000, 177000, 88580, 18000, 12000, 16800, 16800, 20, 4800, 400000, 19800, 8200, 100000, 50000, 500000, 177000, 88580, 18000, 12000, 16800, 12880, 12880, 12880, 12880, 12880, 12880, 12880, 12880, 12880, 12880, 78000, 3960, 2600, 2600, 2600, 2600, 2600, 3960, 4880, 2600, 8900, 8900, 8900, 8900, 8900, 3780, 3780, 3780, 3780, 3780, 3780, 4644, 10800, 108000, 22880, 52880, 12880, 22880, 12880, 12880, 12880, 12880, 52880, 12880, 59000, 30000, 100000, 150000, 100000, 50000, 12880, 78000, 3960, 2600, 4880, 8900, 8900, 8900, 8900, 8900, 3780, 3780, 3780, 3780, 3780, 3780, 4644, 10800, 108000",A marketplace listing one-letter and other short domain names for sale with prices in USD and EUR.
m.gt,http://m.gt,True,1750,"57500, 13490, 45169, 257000, 13882, 11800, 100000, 25000, 12000, 7700, 6800000, 1500000, 181720, 169000, 115000, 85000, 57338, 44145, 19900, 11000, 60000, 181720, 169000, 115000, 85000, 57338, 44145, 19900, 60000, 100000, 25000, 500000, 177000, 88580, 18000, 16800, 4800, 400000, 19800, 8200, 30000, 150000, 50000, 59000, 12880, 78000, 3960, 2600, 4880, 8900, 204, 50, 53, 20, 58.85, 27.16, 59",A marketplace offering sale of 1-character and other short internet domain names.
m.pr,https://www.gritbrokerage.com/inquiry,True,NONE,,A domain brokerage site offering domains for sale via inquiry (price upon request).
m.pl,https://www.facebook.com/gronostajski,False,NONE,,Facebook profile page for Arcadio Armiño.
m.sh,https://m.sh/,False,NONE,,The Mesh is a website or domain named The Mesh.
m.sc,https://m.sc/,True,NONE,,A domain-for-sale landing page for m.sc.
m.sb,https://u.sb/,False,NONE,,A Chinese-language tech blog with tutorials on Debian and other Linux topics.
m.sl,https://m.sl/,False,NONE,,"A page listing MSL's social media links (Facebook, Twitter, Instagram, YouTube, email)."
m.sg,http://m.sg/index.php?check_cookie=true,False,NONE,,"A Singapore domain name, m.sg."
m.ro,https://m.ro,False,NONE,,"Mediafax Group is a Romanian business news platform providing real-time economic news, analyses, and data for business professionals."
m.td,http://m.td/,False,NONE,,A basic success page indicating a new web server is ready to use.
m.st,http://m.st/,False,NONE,,Coming Soon placeholder page for a registered .st domain.
m.kg,http://m.kg,True,NONE,"57500, 13490, 45169, 257000, 13882, 11800, 100000, 25000, 500000, 181720, 169000, 115000, 85000, 57338, 44145, 19900, 11000, 6800000, 1500000, 350000, 60000, 7700, 12000, 100000, 11000, 1750, 80, 8900, 59, 49000, 177000, 88580, 18000, 12000, 110000, 50000, 400000, 19800, 8200, 30000, 150000, 50000, 500000, 12880, 12880, 12880, 12880, 12880, 12880, 12880, 12880, 12880, 12880, 12880, 22880, 52880, 12880, 12880, 78000, 3960, 2600, 4880, 8900, 8900, 8900, 110000, 50, 27.16, 53, 20, 204, 120, 84, 100, 110000, 500000, 110000, 100000, 30000, 100000, 150000, 100000, 50000, 12880, 12880, 12880, 59000, 3850, 3850, 4730, 22880, 52880, 4730, 3850, 3850, 110000, 78000",A marketplace listing short to one-character internet domain names for sale with multiple USD/EUR price points.
m.tl,https://m.tl,False,NONE,100000,Metal Pay is a cryptocurrency exchange and payments platform offering buy/sell crypto and on-ramp services.
m.sv,https://domgator.com/m-sv,False,NONE,,A website currently showing a 503 Service Unavailable error.
m.tt,https://m.tt,False,NONE,,"A detailed overview and evaluation of Energy Filament Theory (EFT), a proposed unifying framework in physics."
n.af,https://n.af/,False,NONE,,Default Nginx welcome page indicating a running web server.
m.tm,http://m.tm/,False,NONE,,A landing page promoting the premium domain name m.tm.
n.am,https://n.am/,False,NONE,,This appears to be the contact form page for the domain n.am.
n.ai,http://n.ai,True,NONE,,"n.ai is a premium domain name for sale on DN.com, a domain trading platform."
n.ac,http://n.ac/,False,NONE,,Official NIC.AC page promoting the .ac domain.
m.mk,http://m.mk,True,1750,"57500, 13490, 45169, 257000, 13882, 11800, 100000, 25000, 12000, 7700, 100000, 25000, 500000, 181720, 169000, 115000, 85000, 57338, 44145, 19900, 6800000, 1500000, 350000, 60000, 1750, 123, 8900, 59, 49000, 18000, 12000, 16800, 20, 4800, 400000, 100, 19800, 8200, 53, 177000, 88580, 30000, 50000, 110000, 11000, 78000, 12880, 12880, 12880, 12880, 12880, 12880, 12880, 12880, 12880, 1700000, 6800000, 1500000, 204, 500, 78000, 204, 80, 110000, 11000, 60000, 12880",A marketplace listing 1-letter and other short domain names for sale.
n.bw,http://n.bw/,False,NONE,,N.BW is the beta of the shortest free URL shortener by AviFox.
n.cl,http://n.cl/,False,NONE,,A default hosting account confirmation page.
n.bo,https://n.bo/,False,NONE,,Obfuscated fragments that resemble domain parts with no clear sale information.
m.ua,https://m.ua,False,NONE,"1213.64, 1829.56, 94.58, 75.32, 564.38, 360.14, 123.29, 358.9, 415.89, 239.97, 815.04, 810.38",Magazilla is a price comparison catalog for electronics and home goods in Ukraine.
n.at,https://www.neckermann.at/?utm_source=(direct)&utm_medium=referral&utm_campaign=URL_www_n.at_link,False,NONE,"230.95, 208.95, 208.95, 197.95, 285.95, 263.95, 197.95, 186.95","An Austrian German-language online shop (Neckermann.at) offering fashion, home goods, and tech products."
n.cr,http://n.cr,False,NONE,,"Touch Screens, Inc. is a supplier of touch screen and POS equipment."
n.cv,https://n.cv/#user/login,False,NONE,,Login page for NCV powered by Kodbox file management software.
n.cn,https://www.n.cn/,False,NONE,,A website/domain named Nano AI.
n.cx,https://netclix.com/?utm_source=n.cx&utm_medium=domain&utm_campaign=redirect,False,NONE,,A coming soon page for Netclix indicating an upcoming project.
n.ee,https://n.ee/,False,NONE,,A 404 Not Found error page indicating the requested link is no longer available.
m.to,http://m.to/,False,NONE,,Mobile-only directory of Hope Moon sites; PC access is not supported.
n.de,http://n.de,False,NONE,,"OSN Online Service Nürnberg GmbH is a professional Internet Service Provider offering hosting, domain services, Internet access, VPN, and data center/outsourcing solutions."
n.gd,https://n.gd/,True,NONE,,A site listing domains for sale.
n.cz,https://n.cz,False,NONE,,An independent Czech daily news website.
m.ws,http://m.ws/,False,NONE,,Website.ws provides lifetime internet addresses.
n.gt,https://n.gt/cgi-sys/defaultwebpage.cgi,False,NONE,,Default hosting page indicating DNS/server misconfiguration for the domain.
n.dk,https://n.dk,False,NONE,,A Danish youth-focused 2D avatar-based chat platform named Højhuset.
n.fm,http://n.fm,True,NONE,,A domain-name marketplace offering domains for sale via Sedo escrow.
n.gp,https://website.org/404?domain=n.gp,False,NONE,,n.gp is offered by Website.org as a free domain for creating a website.
n.hm,http://n.hm/,False,NONE,,A domain offering a personalized creative mailbox at ab.cd.
n.ht,https://n.ht/,False,NONE,,"NHT is a Discourse-based technology community focused on nodes, hosting, and related news."
n.gl,http://n.gl/,False,NONE,,The Government of Greenland.
n.hn,https://www.nihon.com/password,False,NONE,,A password-protected e-commerce site currently not accepting orders and planning to reopen in 2026.
n.ls,https://n.ls/,False,NONE,,A minimal placeholder landing page for the domain n.ls.
n.ie,https://www.n.ie/,True,NONE,"27500, 2750",Premium single-letter .ie domain n.ie offered for sale by DomainSmiths Limited.
n.me,https://n.me,False,NONE,,A branding and domain-name generator offering free AI-powered ideas for personal/brand names and information about .ME domains.
n.mr,https://n.mr/,False,NONE,,It appears to be a domain name for VMall with variants DOM VMall and DOMLess VMall.
n.ms,https://n.ms/,False,NONE,,A 404 error page indicating the requested link is no longer available.
n.my,https://n.my/,False,NONE,,Malaysian .n.my domain name registration service offered by NEWPAGES.
m.pn,http://m.pn,True,NONE,"57500, 13490, 45169, 257000, 13882, 11800, 100000, 25000, 500000, 181720, 169000, 115000, 85000, 57338, 44145, 19900, 11000, 6800000, 1500000, 350000, 60000, 1750, 80, 123, 8900, 59, 49000, 204, 177000, 53, 88580, 18000, 12000, 16800, 16800, 20, 4800, 400000, 100, 19800, 8200, 100000, 30000, 100000, 150000, 100000, 50000, 12880, 22880, 52880, 12880, 22880, 12880, 12880, 12880, 12880, 12880, 78000, 3960, 2600, 4880, 8900, 8900, 8900, 8900, 59000, 3500, 3850, 4730, 7700, 110000",A marketplace listing selling 1-letter and other short internet domain names.
n.nf,https://n.nf/,True,NONE,,Premium domain n.nf is for sale with related domains available and offers invited by email.
m.fr,http://m.fr,False,NONE,,"The website is for Forvis Mazars, a global audit, tax and consulting firm."
n.nu,https://n.nu,False,NONE,"0, 89",N.nu is a website builder service offering a free trial and an $89/year plan.
n.ar,http://n.ar,False,NONE,0,"A domain parking/landing page advertising hosting, domain services, and encrypted email."
n.rw,https://n.rw/,True,NONE,,The domain n.rw is for sale.
n.sl,https://n.sl,False,NONE,"0, 2.99","N.SL is a platform offering branded short links, bio pages, and analytics as a Bitly/Linktree alternative."
n.ro,https://n.ro,False,NONE,7609,News.ro is a Romanian online news portal providing up-to-date news coverage.
n.sh,https://n.sh/,False,NONE,,n.sh is a domain owned by nik.io that promotes single-letter ccTLDs.
n.kg,https://restoran.kg/,False,NONE,,restoran.kg is a restaurant website currently under reconstruction.
n.st,https://n.st/,False,NONE,,A domain management and URL shortening service using your own custom domain.
n.td,https://n.td/,False,NONE,,A password-protected note-taking interface.
n.tl,https://n.tl/,False,NONE,,A domain name: n.tl.
n.sv,https://domgator.com/n-sv,False,NONE,,"A website showing a 503 Service Unavailable error, indicating it's temporarily down."
n.tt,https://n.tt/,False,NONE,,A generic 404 Not Found page indicating the requested link is unavailable.
n.sk,https://n.sk,False,NONE,"759000, 261800, 583, 759000","A modern Slovak real estate company offering property sales, rentals, and related services."
n.uy,https://n.uy/,False,NONE,,A website displaying a 509 bandwidth limit exceeded error page.
n.vg,https://n.vg,False,NONE,,"A repository of free retro software, emulation tools, and classic games."
n.vu,https://n.vu/,False,NONE,,This is the domain name n.vu.
n.tv,https://n.tv/,False,NONE,,A minimal page for the n.tv domain showing copyright and privacy policy.
n.mk,http://n.mk,True,1750,"57500, 13490, 45169, 257000, 13882, 11800, 100000, 25000, 12000, 7700, 500000, 181720, 169000, 115000, 85000, 57338, 44145, 19900, 10900, 6800000, 1500000, 350000, 60000, 109000, 49000, 177000, 88580, 18000, 12000, 78000, 123, 8900, 8900, 8900, 8900, 8900, 50000, 500000, 177000, 1750, 53, 80, 58.85, 58.85, 58.85, 58.85, 58.85, 58.85, 27.16, 27.16, 27.16, 27.16, 27.16, 27.16, 27.16, 27.16, 78000, 3960, 2600, 2600, 2600, 2600, 2600, 3960, 4880, 2600, 8900, 8900, 8900, 8900, 8900, 109000, 6800000, 1500000, 350000, 60000, 12880, 12880, 12880, 12880, 12880, 59000, 3815, 3815, 3815, 3815, 3815, 3815, 4687, 3815, 22880, 52880, 12880, 22880, 12880, 12880, 12880, 12880, 12880, 12880, 12880, 12880, 78000",A marketplace page advertising ultra-short domain names (1-letter and similar) for sale.
n.pn,http://n.pn,True,NONE,"57500, 13490, 45169, 257000, 13882, 11800, 100000, 25000, 12000, 7700, 500000, 181720, 169000, 115000, 85000, 57338, 44145, 19900, 11000, 6800000, 1500000, 350000, 60000, 110000, 1750, 80, 123, 8900, 59, 49000, 50, 50000, 204, 177000, 53, 88580, 20, 4800, 400000, 100, 19800, 8200, 30000, 12880, 78000, 3960, 2600, 4880, 59000, 22880, 52880, 3850, 4730, 120",A marketplace for selling one-letter and other short internet domain names.
o.ar,https://o.ar/,False,NONE,,An SSL handshake error page for the domain o.ar showing Cloudflare cannot reach the origin server.
n.uk,https://n.uk,True,NONE,"1, 7, 20, 27, 30, 31, 32, 33, 34, 36, 39, 40, 41, 43, 44, 45, 46, 47, 48, 49, 51, 52, 53, 54, 55, 56, 57, 58, 60, 61, 62, 63, 64, 65, 66, 81, 82, 84, 86, 90, 91, 92, 93, 94, 95, 98, 211, 212, 213, 216, 218, 220, 221, 222, 223, 224, 225, 226, 227, 228, 229, 230, 231, 232, 233, 234, 235, 236, 237, 238, 239, 240, 241, 242, 243, 244, 245, 246, 247, 248, 249, 250, 251, 252, 253, 254, 255, 256, 257, 258, 260, 261, 262, 263, 264, 265, 266, 267, 268, 269, 290, 291, 297, 298, 299, 350, 351, 352, 353, 354, 355, 356, 357, 358, 359, 370, 371, 372, 373, 374, 376, 377, 378, 380, 381, 382, 383, 385, 386, 387, 389, 420, 421, 423, 500, 501, 502, 503, 504, 505, 506, 507, 508, 509, 590, 591, 592, 593, 594, 595, 596, 597, 598, 599, 670, 672, 673, 674, 675, 676, 677, 678, 679, 680, 681, 682, 683, 686, 687, 688, 689, 690, 691, 692, 850, 852, 853, 855, 856, 880, 886, 960, 961, 962, 963, 964, 965, 966, 967, 968, 970, 971, 972, 973, 974, 975, 976, 977, 992, 993, 994, 995, 996, 998",A domain name for sale.
n.mw,http://n.mw,True,1750,"57500, 13490, 45169, 257000, 13882, 11800, 100000, 25000, 12000, 7700, 100000, 25000, 500000, 181720, 169000, 115000, 85000, 57338, 44145, 19900, 11000, 6800000, 1500000, 350000, 60000, 1750, 80, 123, 8900, 59, 49000, 177000, 53, 88580, 18000, 12000, 400000, 100, 19800, 8200, 16800, 16800, 78000, 3960, 2600, 2600, 2600, 2600, 2600, 3960, 4880, 8900, 2600, 3850, 3850, 3850, 3850, 4730, 3850, 110000, 500, 12880, 12880, 12880, 12880, 12880, 12880, 12880, 12880, 78000, 3960, 2600, 2600, 2600, 2600, 2600, 3960, 4880, 8900, 2600, 60, 60, 60, 60, 58.85, 27.16, 60, 204, 50000, 110000",A marketplace selling the world’s shortest one-character and short domain names.
o.ai,http://o.ai,True,NONE,,A domain name landing page indicating the o.ai domain is for sale and available via inquiry.
o.ac,http://o.ac/,False,NONE,,The website promotes the o.ac domain as a premium .ac domain.
o.cg,https://o.cg/,False,NONE,,A coming-soon landing page for the v0 app at the domain o.cg.
o.cl,https://o.cl/,False,NONE,,The page states that its content cannot be displayed.
o.cc,http://o.cc/,True,NONE,,A domain marketplace listing the O.CC domain for sale.
o.bo,https://namerie.com/?utm_source=o.bo,True,NONE,,"Namerie is a marketplace listing various collectible, historical, and brandable domain names for sale."
o.cv,https://o.cv/,False,NONE,,"This site is the homepage for Rex and Teto, showcasing their album."
n.to,http://n.to/,False,NONE,,A 404 Not Found error page.
o.ee,https://o.ee,False,NONE,,"Privacy-focused Estonian company running federated, open-source internet platforms like Mastodon, PeerTube, and Lemmy without ads."
o.de,https://www.o.de/,False,NONE,,O.de is a German domain presenting itself as the gateway to the online world.
o.et,https://o.et/,False,NONE,,It's the domain name o.et.
o.bw,http://o.bw,False,NONE,5,A Raspberry Pi-based outlet monitoring product/service that notifies you when a GFCI outlet trips or power is out.
o.dk,http://o.dk,False,NONE,,Inlead is a Danish library technology company offering cross-platform dissemination and CMS-based solutions for libraries.
o.gd,https://o.gd/,False,NONE,,A domain for the URL shortening service o.gd.
o.at,http://o.at,False,NONE,"36.19, 0, 24.55, 30.69, 47.19, 121.0, 9.89, 5.45, 10.89, 55.0","Official A1 Austria telecom site offering mobile, internet, and TV services with promotions."
n.ws,http://n.ws/,False,NONE,,WEBSITE.WS is a landing page for a domain service offering internet addresses.
o.hn,http://o.hn/cgi-sys/defaultwebpage.cgi,False,NONE,,A default placeholder page indicating the site is not configured and may be undergoing DNS/hosting changes.
o.gs,https://o.gs/,True,NONE,,A domain name (o.gs) that may be for sale.
o.gg,https://o.officenetworkplace.com/o/officenet/login.cgi?PAGE=/o/officenet/welcome.cgi,False,NONE,,Secure OfficeNet Workplace login page intended for authorized users only.
o.hm,https://o.hm/,False,NONE,,"A domain named OHM (Ohm), likely related to the electrical resistance unit."
o.ht,https://o.ht/,False,NONE,,A short domain name: o.ht.
o.fm,https://o.fm/,False,NONE,,Footer area of the o.fm site showing copyright year and privacy policy.
o.gy,https://o.gy,True,75000,"75000, 75000, 5375, 499, 500, 750, 2200","A premium domain for sale (o.gy) with a $75,000 buy-now price and lease-to-own option."
o.gp,https://website.org/404?domain=o.gp,False,NONE,0,Promotes creating a free website using the o.gp domain via Website.org.
o.is,https://o.is/,False,NONE,,ODOTIS is an Icelandic company providing SharePoint and intranet solutions.
o.ke,https://o.ke/,False,NONE,,"A dashboard for O.KE self-hosted services including file sharing, image sharing, mail, IP lookup, and uptime monitoring."
n.pr,https://www.npr.org/,False,NONE,,"NPR is a nonprofit news organization offering breaking news, analysis, and cultural content."
o.lu,https://o.lu/,False,NONE,,A simple page for the o.lu domain with a contact email.
o.me,https://o.me,False,NONE,,OmeTV is a free online random video chat platform and Omegle-style alternative.
o.ki,https://www.instagram.com/monumentalpoetry.inc/,False,NONE,,An Instagram account for Monumental Poetry Inc.
o.ls,https://o.ls,False,NONE,,"A personal Vlog-style blog with tutorials, bug reports, and notes about an 'Other-Dimension System'."
o.nf,https://o.nf/,False,NONE,,The domain o.nf is currently unavailable due to an Origin DNS error on Cloudflare.
o.kg,https://o.kg,False,NONE,"13.55, 18.09, 4.91, 2.23, 1.45","An online store/portal for the Kyrgyz O! mobile operator offering tariffs, devices, and bundles."
o.my,https://organet.my/,False,NONE,,Organet Systems is a cloud application development company offering an e-commerce platform for social sellers.
o.nu,http://www.o.nu/,False,NONE,,A minimal page for the domain o.nu with a contact email and no sale information.
o.ne,https://sedo.com/brokerage?domain=o.ne,True,NONE,,A domain brokerage service helping buyers acquire taken domains.
o.pn,https://o.pn,False,NONE,,"The Open Payment Network (OPN) is a modular, API-driven payment gateway ecosystem."
o.co,https://o.co,False,NONE,"49.99, 49.99, 54.99, 54.99, 82.7, 67.65, 142.49, 203.14, 187.53, 1050.27, 96.35, 106.49, 56.99, 114.49, 27.35, 56.99, 179.48, 987.99, 83.5, 1279.22, 837.76, 30.26, 299.99, 142.22, 81.57, 904.49, 84.4, 120.39, 635.84, 61.03, 62.36, 364.04, 117.69, 65.59, 133.92, 52.52, 133.14, 62.77, 209.29, 157.15, 45.53, 631.19, 192.75, 96.54, 332.49, 142.87, 18.31, 99.95, 123.51, 129.41, 56.43, 111.19, 166.56, 178.39, 112.99, 219.97, 127.09, 475.78, 130.37, 111.53, 183.49, 254.99, 37.58, 252.57, 272.99, 496.7, 43.11, 68.1, 32.79, 28.46, 26.24, 244.18, 137.85, 30.36, 184.29, 189.39, 182.63, 369.45, 804.99, 370.29, 427.18, 279.29, 634.49, 318.99, 79.49, 52.49, 114.11, 299.99, 299.99, 287.99, 157.98, 799.99, 84.49, 1036.49, 627.49, 831.49, 935.99, 796.99, 796.99, 223.54, 833.99, 936.99","Overstock.com online retailer offering discounted furniture, decor, and home goods during Black Friday."
o.kz,http://o.kz,False,NONE,,Kazakhstan-based medical equipment manufacturer and distributor offering clinic equipment and solutions.
o.pl,https://o.pl,False,NONE,,"A Polish online news portal covering business, politics, travel, home, and lifestyle topics."
o.sb,https://o.sb,True,NONE,,A domain-for-sale page offering the Mihail Fedorov domain for immediate purchase.
o.ro,http://o.ro/,False,NONE,,A placeholder page for the Romanian domain o.ro indicating frames are not supported.
o.sh,https://o.sh/,False,NONE,,Official documentation and resources for the Astro web framework.
o.sk,https://o.sk/,True,NONE,,Domain listing for o.sk inviting offers; no buy-it-now price.
o.sc,https://en.outscale.com/,False,NONE,,"OUTSCALE is a sovereign, secure cloud services provider offering AI, Kubernetes, and related cloud solutions."
o.tv,https://o.tv,False,NONE,,A free Omegle-style random video chat service.
o.tl,https://o.tl,False,NONE,,O.TL is a directory of curated online tools organized by categories.
o.tt,https://o.tt/,False,NONE,,"A basic contact page for the domain o.tt, listing the email mail@o.tt."
o.sv,https://domgator.com/o-sv,False,NONE,,A generic 503 Service Unavailable error page indicating the site is temporarily down for maintenance.
o.ua,https://o.ua/,True,45000,45000,"The domain o.ua is for sale for $45,000."
o.uk,https://o.uk/,False,NONE,,A deactivated website; contact support.
o.vg,https://o.vg,False,NONE,,A free online toolbox offering a wide range of converters and editing tools.
p.ai,https://programmai.com/,False,NONE,,A marketing technology company offering predictive audiences and AI-driven activation for customer acquisition and retention.
o.tm,http://o.tm/,False,NONE,,Promotional landing page for the premium o.tm domain.
p.ar,http://p.ar/ker/,False,NONE,,This is a URL-like domain string: p.ar/ker.
p.bw,http://p.bw/,False,NONE,,"A page for a free URL shortener service named p.bw (beta), an AviFox project."
p.bz,https://p.bz/,True,NONE,,The domain p.bz appears to be listed for sale.
p.cl,http://ww25.p.cl/?subid1=20251123-1217-58a6-8afe-f0aa766364c9,True,NONE,,The domain p.cl appears to be for sale.
p.cn,https://p.cn/home,False,NONE,,"P.CN is a Web3 gateway platform designed to simplify access to crypto information, assets, and services."
p.bo,https://p.bo/,False,NONE,,An obfuscated domain-like string with no sale information.
p.cg,http://p.cg/,True,NONE,,"The domain p.cg is parked and appears to be for sale, with contact details provided."
p.cv,https://p.cv/,False,NONE,,Personal portfolio website for designer Paul Macgregor.
p.am,http://p.am,False,NONE,,"A personal blog/website by entrepreneur Dirk Krischenowski about Berlin, the Internet, and digital branding."
o.mk,http://o.mk,True,4800,"57500, 13490, 45169, 257000, 13882, 11800, 100000, 25000, 12000, 7700, 181720, 169000, 115000, 85000, 57338, 44145, 19900, 6800000, 1500000, 350000, 60000, 500000, 400000, 177000, 88580, 18000, 12000, 16800, 16800, 20, 4800, 100000, 19800, 8200, 30000, 100000, 150000, 50000, 12880, 59000, 78000, 3960, 2600, 2600, 2600, 2600, 2600, 3960, 4880, 8900, 8900, 8900, 8900, 8900, 1750, 123, 49000, 6800000, 1500000, 350000, 60000, 181720, 257000",A marketplace selling short one-character domain names.
p.de,https://p.de/,False,NONE,,p.de is a German product search engine.
p.dm,https://p.dm/,False,NONE,,Sign-in page for the Piwik Data Platform.
p.cz,http://p.cz/,False,NONE,,"A former site, Kočky-online.cz, that helped find homes for homeless cats, now closing."
p.dk,https://p.dk,False,NONE,,A Danish site advertising P.dk online seminars (webinars) for learning from anywhere.
p.fm,http://p.fm,True,NONE,,A page advertising premium domain names for sale.
p.gs,http://p.gs/,True,NONE,,The domain p.gs is advertised for sale.
p.gp,https://website.org/404?domain=p.gp,False,NONE,0,Promotional page offering free website creation using the p.gp domain under Website.org.
p.hm,http://p.hm/,True,NONE,,The domain p.hm is for sale.
p.hr,http://p.hr/,False,NONE,,A contact page offering inquiries via the email gxlhome@gmail.com.
o.ws,http://o.ws/,False,NONE,,A landing page for WEBSITE.WS promoting its 'Your Internet Address For Life' service.
p.ie,https://p.ie/,True,NONE,,A landing page advertising the sale of the domain p.ie.
p.ke,https://t.ar/,False,NONE,,"A multi-topic blog site with articles on gaming, finance, academia, living spaces, and culture."
p.kz,https://p.kz/,True,NONE,,The p.kz domain is for sale.
p.mk,https://p.mk/,False,NONE,,A site that lets you paste an image and share it.
p.lu,https://p.lu/,False,NONE,,A decentralized PeerTube-powered video sharing platform instance called P.LU.
p.mr,https://p.mr/,True,NONE,,The domain p.mr is a for-sale domain parking page.
p.ms,http://p.ms/,False,NONE,,A site that provides a contact email for inquiries.
p.pw,http://p.pw,False,NONE,,A default HTTP server test page powered by CentOS-WebPanel.
p.my,https://p.my,False,NONE,,A Malaysian secure payment and escrow-enabled marketplace platform for merchants.
o.mw,http://o.mw,True,400000,"57500, 13490, 45169, 257000, 13882, 11800, 100000, 25000, 12000, 7700, 181720, 169000, 115000, 85000, 57338, 44145, 19900, 11000, 6800000, 1500000, 350000, 60000, 123, 8900, 49000, 50000, 177000, 88580, 18000, 16800, 20, 4800, 400000, 19800, 8200, 30000, 12880, 22880, 52880, 78000, 3960, 2600, 4880, 110000, 53, 58.85, 27.16, 80, 204, 100, 120, 500000",A marketplace selling 1-character and other short domain names.
p.nf,http://p.nf/,False,NONE,,Bluesky profile page for paraboul Null Frequency with contact email.
p.sb,https://p.sb/,False,NONE,,A 404 Not Found error page indicating the requested URL is no longer available.
p.rw,https://p.rw/,False,NONE,,"A minimal greeting page displaying 'Hey, what's up?'."
p.sc,https://pindub.ai/,False,NONE,,"An AI-powered lip-sync, dubbing, and translation platform for video personalization."
p.gt,http://p.gt,True,1750,"57500, 13490, 45169, 257000, 13882, 11800, 100000, 25000, 12000, 7700, 1750, 123, 8900, 8900, 8900, 8900, 8900, 49000, 110000, 25000, 12000, 7700, 1500000, 350000, 60000, 50000, 500000, 177000, 88580, 12000, 16800, 16800, 20, 4800, 400000, 19800, 100000, 30000, 100000, 150000, 100000, 50000, 12880, 12880, 12880, 12880, 12880, 12880, 12880, 12880, 12880, 12880, 12880, 12880, 12880, 12880, 12880, 12880, 12880, 12880, 78000, 3960, 2600, 2600, 2600, 2600, 2600, 3960, 4880, 2600, 8900, 8900, 8900, 110000, 60000, 20, 53",A marketplace listing premium one-letter and short domain names for sale.
p.sh,http://p.sh/,False,NONE,,p.sh is a premium .sh domain name.
p.to,https://p.to/,True,NONE,,"A short-domain project offering a 1-letter domain with subdomains for GPT, crypto, finance, and payments, currently for sale."
p.pl,https://p.pl,False,NONE,14.95,"Polish hosting provider offering hosting, domain registrations, and dedicated servers."
p.tt,https://p.tt,False,NONE,"2000000000, 100000000","Personal homepage of John Pettitt, a Google software engineer and tech entrepreneur."
p.tm,http://p.tm/,False,NONE,,A landing page promoting the premium p.tm domain name for the .tm TLD.
p.kg,http://p.kg/,True,NONE,,A domain name p.kg is for sale; buyers can submit an offer.
p.vg,https://p.vg,False,NONE,,A free software room offering XETTER and other retro computer software and game downloads.
p.uk,https://p.uk/,True,NONE,,"The domain p.uk, registered to ANY-Web Ltd, is offered for sale."
p.vu,http://p.vu/InvalidPaymentReference.html,False,NONE,,A page showing an invalid payment reference error.
p.ua,https://p.ua,False,NONE,"20.78, 20.24, 24.3",A Ukrainian online shop selling printer cartridges and related printing supplies.
p.tv,http://p.tv/,True,NONE,,The domain p.tv appears to be for sale and is listed with 0595.com as an online service domain.
p.cm,http://p.cm/,True,15000,"4285.71, 2142.86, 5214.29, 15642.86, 1428571.43",A domain sales page offering the domain p.cm for sale at a fixed price.
q.ai,https://q.ai/,False,NONE,,A startup company website showcasing founders and current job openings.
q.ag,https://q.ag/,False,NONE,,"A newly registered, content-less placeholder domain (q.ag) hosted by h.n WebServices."
q.am,http://q.am/,False,NONE,,"A landing page for the q.am domain inviting users to upload their website, with DreamHost admin panel."
q.ac,http://q.ac/,False,NONE,,Promotes the q.ac domain as a premium .ac domain name.
q.at,http://q.at,False,NONE,10800,"Quality Austria is an Austrian certification and training organization offering ISO-based conformity assessments, certification services, and quality-related events."
q.bw,http://q.bw/,False,NONE,,"Q.BW is a beta, free URL shortening service—the shortest free URL shortener by AviFox."
q.bo,https://q.bo/,False,NONE,,An obfuscated domain-like string with a mangled URL and no sale information.
q.cr,https://q.cr/,False,NONE,,Q.cr is the official QR code and URL shortener service.
q.cg,https://q.cg/,False,NONE,,This is a 404 Not Found page indicating the requested URL could not be located.
q.de,https://q.de,True,NONE,,Domain name marketplace offering escrowed domain purchases and transfers.
q.dk,http://q.dk,False,NONE,,"A Danish lifestyle magazine site (Femina) offering fashion, health, relationships, and horoscopes."
q.ee,https://q.ee/,False,NONE,,A 403 Forbidden error page for the domain q.ee with no sale indicators.
q.cz,https://q.cz,False,NONE,,"Quantcom is a Czech telecommunications operator offering professional optical network services and related IT, data, voice, security, and cloud solutions."
p.ws,http://p.ws/,False,NONE,,A landing page promoting the WEBSITE.WS domain as a lifelong internet address.
q.fm,http://q.fm/,False,NONE,,The q.fm domain is parked and provides contact details.
q.gg,https://q.gg/,False,NONE,,A generic 404 Not Found page indicating the requested URL is no longer available.
q.cm,http://q.cm,False,NONE,"24.95, 12.95, 49.95, 29.95, 14.95, 6.95, 15, 20, 3, 0","A domain registration and hosting service offering various domains, subdomains, and space-themed TLDs."
p.mw,http://p.mw,True,1750,"57500, 13490, 45169, 257000, 13882, 11800, 100000, 25000, 12000, 7700, 6800000, 1500000, 350000, 60000, 1750, 80, 123, 8900, 8900, 8900, 8900, 8900, 49000, 110000, 50, 50000, 500000, 177000, 88580, 18000, 12000, 16800, 16800, 20, 4800, 400000, 19800, 8200, 100000, 30000, 100000, 150000, 100000, 50000, 12880, 12880, 12880, 59000, 3850, 3850, 3850, 3850, 3850, 3850, 3850, 4730, 3850, 22880, 52880, 12880, 22880, 12880, 12880, 12880, 12880, 12880, 12880, 12880, 12880, 12880, 78000, 3960, 2600, 2600, 2600, 2600, 2600, 3960, 4880, 2600, 8900, 8900, 8900",A marketplace listing 1-character domain names for sale.
q.gs,https://publisher.linkvertise.com/adfly-hard-migrator/url?url=https://q.gs/,False,NONE,,A Cloudflare-protected access-block page for linkvertise.com.
q.gp,https://website.org/404?domain=q.gp,False,NONE,0,A landing page offering free website registration using the q.gp domain under Website.org.
q.gt,https://q.gt,False,NONE,,"Corporate marketing site for CanaTec, a Canadian technology and consumer goods company."
q.gd,http://q.gd/,False,NONE,,A domain registration page indicating the q.gd domain is registered and unavailable.
q.hm,http://q.hm/,True,NONE,,The q.hm domain is for sale.
q.is,https://q.is/,False,NONE,,Q.is is a domain name.
q.ht,https://q.ht/,False,NONE,,"Homepage for Q.HT Apps offering simple utilities such as a calculator, today's date, life-in-weeks-on-one-sheet, and a quote of the day."
q.ke,http://q.ke/,False,NONE,,Default nginx welcome page indicating a running nginx web server.
q.id,http://q.id/,False,NONE,,A site about IIS (Internet Information Services) on Windows Server.
q.ie,https://www.q.ie/,True,NONE,"27500, 1100",q.ie is a premium single-letter .ie domain name offered for sale.
q.ly,https://www.q.ly/,False,NONE,,"A bilingual digital marketing agency offering integrated marketing services and Webflow design, based in New York, USA."
q.nf,http://q.nf,False,NONE,,Sheetal Group is a global diamond manufacturing company.
q.se,https://www.q.se/,False,NONE,,An expired Squarespace website page indicating the account has expired and prompting login.
q.me,https://q.me,False,NONE,,"Q.me is an informational page outlining the Q.me ecosystem, a Web3 AI-powered digital asset and governance platform."
q.td,https://q.td/,False,NONE,,A domain listing/landing page for the domain domains.td.
q.sk,https://www.q.sk/,False,NONE,,A Slovak company page for Q s. r. o. (IČO 50 495 241) with contact details.
q.sv,https://domgator.com/q-sv,False,NONE,,A generic 503 Service Unavailable error page indicating the site is temporarily down for maintenance.
q.sh,http://q.sh/,False,NONE,,A premium .sh domain name (q.sh) offered by NIC.SH.
q.to,https://qto.com/,False,NONE,,QTO LLC is an IT consulting company operating in the United States and Europe.
q.tv,https://q.tv/,False,NONE,,Access is blocked due to anti-bot protection.
q.tm,http://q.tm/,False,NONE,,A promotional page for the premium q.tm .tm domain name.
r.ac,https://rac.fm/,False,NONE,,"An interface for the racOS crypto wallet and NFT/music ecosystem, including token, NFTs, store, and related features."
q.ua,https://q.ua/,True,16500,16500,q.ua is a domain name currently for sale.
r.ai,https://r.ai/,False,NONE,,R/AI is an AI insights platform with a sign-up page to create an account and select your ecommerce platform.
q.vu,http://www.q.vu/,True,NONE,1.5,A domain for sale page with a contact option to reach the current owner.
r.at,https://r.at,False,NONE,,Ripix is a Graz-based professional photography and film studio.
r.bo,https://r.bo/,False,NONE,,"A garbled collection of domain-like tokens with the .bo top-level domain, showing no sale information."
r.bw,https://r.bw/,False,NONE,,A random string with no discernible content or domain.
r.cc,http://r.cc/,False,NONE,,Security verification page for aliyun.com (Alibaba Cloud).
r.cn,http://r.cn/,True,NONE,,A domain name for sale (r.cn).
r.cr,https://r.cr/,False,NONE,,A webpage displaying an 'Illegal operation' message.
r.cv,https://r.cv/,False,NONE,,A deployment status page showing a paused deployment with no sale information.
r.cl,https://sitios.cl/,False,NONE,"39.64359, 69.542",Sitios.cl is a Chilean website directory/portal listing various sites.
q.st,http://q.st,False,NONE,,"A personal blog/portal featuring nostalgic hardware, domain names, a music library, nostalgic games, and news content."
r.de,http://r.de,False,NONE,,"Homepage of rockenstein AG, a German Internet service provider offering cloud services, data centers and IT management."
r.dk,http://r.dk/,False,NONE,,"R.dk is a domain focused on real estate, rooms, and rentals."
q.ws,http://q.ws/,False,NONE,,A parked domain page for website.ws.
r.fm,https://r.fm/,False,NONE,,r.fm is a .fm domain name.
r.ee,https://domeeninimi.ee/r.ee,True,NONE,,The domain r.ee is for sale with an offer-based price and owner contact information available.
r.gd,https://r.gd/,False,NONE,,"The site is about the r.gd domain, a one-letter domain."
r.fo,https://r.fo/,False,NONE,,"A Chinese-language, multi-category directory site listing and linking to major global websites and services."
r.et,http://r.et,False,NONE,,A professional resume/profile of a Java/Scala software engineer with Pearson and EQUELLA experience.
q.pn,http://q.pn,True,1750,"57500, 13490, 45169, 257000, 13882, 11800, 100000, 25000, 500000, 181720, 169000, 115000, 85000, 57338, 44145, 19900, 11000, 6800000, 1500000, 350000, 60000, 1750, 123, 8900, 49000, 50000, 400000, 177000, 88580, 18000, 12000, 16800, 12880, 78000, 3960, 2600, 4880, 19800, 3850, 4730, 22880, 52880, 204, 80, 53, 20, 120, 60, 84",A marketplace for buying one-character and other short domain names.
r.gl,https://r.gl/,False,NONE,,A 404 Not Found error page indicating the requested URL is unavailable.
r.gp,https://website.org/404?domain=r.gp,False,NONE,0,A landing page offering free website creation under the r.gp domain.
r.hr,https://r.hr/,True,25000,25000,"A domain for sale listing (R.HR) with a buy-now price of $25,000 on Spaceship.com."
r.hm,https://gc.vche.net/show/radio/,False,NONE,,A page describing a vintage radio/boombox and its controls.
r.gy,https://r.gy,True,35000,"35000, 2508.33, 1200",A premium domain marketplace listing for the domain r.gy for sale.
r.ht,https://r.ht/,False,NONE,,An ice hockey site listing U20 teams and schedules for the 2025-2026 season.
r.im,https://r.im,False,NONE,,"A multi-tool platform offering bio links, short URLs, QR codes, and analytics for managing social profiles."
r.md,https://r.md/,False,NONE,,A domain/website named vakzz.
r.je,https://r.je,False,NONE,,"A personal PHP programming blog by Tom Butler covering PHP, MVC, and best practices."
r.ph,https://simcast.com/?d=r.ph&pcid=48&rid=112&a=0,False,NONE,,"A site displaying a 503 Service Unavailable error, indicating it is temporarily down."
r.nf,https://r.nf,False,NONE,,R.NF is a decentralized open discussion space built on Lemmy in the Fediverse.
r.ke,https://r.ke/,False,NONE,,A domain name showcase page listing various personalized domain names.
q.mw,http://q.mw,True,NONE,"20, 50, 53, 80, 123, 204, 500, 1750, 2600, 3850, 3960, 4730, 4800, 4880, 7700, 8200, 8900, 11000, 11800, 12000, 12880, 13490, 13882, 16800, 18000, 19800, 19900, 22880, 25000, 30000, 44145, 45169, 49000, 50000, 57338, 57500, 60000, 78000, 85000, 88580, 100000, 110000, 115000, 169000, 177000, 181720, 257000, 350000, 400000, 500000, 1500000, 6800000",A marketplace selling ultra-short 1-letter/1-character domain names.
r.ro,https://r.ro/,True,NONE,,The domain rr.ro is a parked Sedo domain for sale.
r.rw,https://r.rw,False,NONE,,A webpage describing the Omnilow LLM Prompt on SamSauer.org.
r.sb,https://r.sb,False,NONE,,"RDAP Whois Query Tool for domain, IP, and ASN lookups."
r.sn,http://www.r.sn/,False,NONE,,A French OVHcloud site page indicating the site is under construction.
r.st,https://r.st,False,NONE,,"A personal professional profile/portfolio page for Romain Stievenard, digital innovation leader at France Médias Monde (FRANCE 24, RFI, Monte Carlo Doualiya)."
r.sh,http://r.sh/,False,NONE,,r.sh is a premium .sh domain name.
r.pl,https://r.pl,False,NONE,"202.62, 233.33, 245.24, 248.1, 265.0, 288.33, 297.86, 317.14, 328.57, 340.48, 347.38, 348.33, 370.95, 382.86, 388.33, 388.57, 400.0, 400.48, 430.71, 436.19, 436.43, 471.67, 483.33, 504.76, 548.1, 655.24, 761.67, 842.48, 911.9, 983.33, 1000.24, 1013.57, 1097.62, 1156.67, 1161.9, 1197.62, 1309.52, 1435.71, 2009.52",Polish travel agency Rainbow offers last-minute vacations and travel packages worldwide.
r.td,http://r.td/,False,NONE,,Default nginx welcome page indicating the nginx web server is installed and running.
r.to,https://r.to/,True,150000,150000,"The domain r.to is for sale with an asking price of $150,000."
r.sv,https://assaf.sa/,False,NONE,,A cybersecurity consultant and web developer portfolio.
r.tm,http://r.tm/,False,NONE,,Promotional page for the premium .tm domain name r.tm.
r.nz,https://r.nz,False,NONE,,"A New Zealand-focused platform offering business documents, templates, and digital marketing tools."
r.uk,https://r.uk,True,NONE,,R.uk is a domain for sale and offers can be submitted.
r.mk,http://r.mk,True,1750,"57500, 13490, 45169, 257000, 13882, 11800, 100000, 25000, 12000, 7700, 100000, 25000, 500000, 181720, 169000, 115000, 85000, 57338, 44145, 19900, 11000, 6800000, 1500000, 350000, 60000, 110000, 50, 204, 500, 53, 88580, 18000, 12000, 16800, 84, 84, 20, 4800, 19800, 8200, 400000, 12880, 12880, 12880, 12880, 78000, 59000, 52880, 12880, 12880, 78000, 3960, 2600, 2600, 2600, 2600, 2600, 3960, 4880, 2600, 8900, 8900, 8900, 8900, 8900, 49000, 80, 100000, 53, 88580, 80, 12000, 4800, 20, 400000, 19800, 8200, 100000, 30000, 100000, 150000, 100000, 50000, 12880, 12880, 12880, 12880, 78000, 12000, 60, 60, 59000, 52880, 12880, 12880, 78000, 3960, 2600, 2600, 2600, 2600, 2600, 3960, 4880, 2600, 8900, 8900, 8900, 8900, 8900, 49000, 80, 100000, 53, 88580, 80, 12000, 4800, 20, 400000, 19800, 8200, 100000, 11000, 6800000",Marketplace listing for sale of one-character and other short internet domain names.
r.tv,https://r.tv/,False,NONE,,A page for the r.tv domain showing copyright 2025 and a privacy policy.
r.vc,https://r.vc/,False,NONE,,"This is the domain r.vc, a URL shortener domain."
s.ac,http://s.ac/,False,NONE,,A parked domain page for s.ac with contact details.
s.af,http://s.af/,False,NONE,,An error page indicating the site cannot be displayed.
s.ai,https://s.ai,False,NONE,,"A personal profile and project portfolio for Sai (saizai) detailing language creation, activism, and contact information."
s.am,https://www.amfort.com/,False,NONE,,"AMFORT Group is a global family office focused on long-term investments, strategic brands, and philanthropic impact."
s.ar,https://s.ar/,True,NONE,,A domain parking page advertising that the domain s.ar is for sale.
s.bw,http://s.bw/,False,NONE,,"A free URL shortening service named s.bw (Beta), part of the AviFox Project."
s.at,https://www.s.at/,False,NONE,,"S.AT is a SAT portal describing satellite-based Internet, telephony, and television services."
r.pn,http://r.pn,True,NONE,"57500, 13490, 45169, 257000, 13882, 11800, 100000, 25000, 12000, 7700, 500000, 181720, 169000, 115000, 85000, 57338, 44145, 19900, 11000, 6800000, 1500000, 350000, 60000, 1750, 123, 8900, 49000, 110000, 50000, 177000, 88580, 18000, 12000, 16800, 22880, 52880, 12880, 78000, 3960, 2600, 4880, 58.85, 3850, 4730, 22880, 52880, 12880, 16800, 78000, 400000, 100, 19800, 8200, 30000, 4800, 110000, 150000, 50000, 12880, 27.16, 204, 500, 177000, 53, 20, 80, 84, 50, 60, 110000, 204, 53, 27.16",A marketplace selling ultra-short one- to few-character domain names (shortest internet domains) for sale.
r.mw,http://r.mw,True,1750,"57500, 13490, 45169, 257000, 13882, 11800, 100000, 25000, 12000, 7700, 100000, 25000, 500000, 181720, 169000, 115000, 85000, 57338, 44145, 19900, 11000, 6800000, 1500000, 350000, 60000, 1750, 80, 8900, 59, 8900, 59, 8900, 59, 8900, 59, 49000, 80, 110000, 50, 50000, 204, 500000, 177000, 53, 88580, 20, 4800, 400000, 19800, 8200, 100000, 30000, 100000, 150000, 100000, 50000, 12880, 12880, 12880, 12880, 12880, 12880, 12880, 12880, 12880, 12880, 12880, 12880, 12880, 12880, 12880, 12880, 12880, 12880, 12880, 12880, 12880, 12880, 12880, 12880, 78000, 3960, 2600, 2600, 2600, 2600, 2600, 2600, 3960, 4880, 2600, 8900, 8900, 8900, 8900, 8900",A marketplace selling extremely short one-character domain names (1-letter domains) for sale.
s.bo,https://s.bo/,False,NONE,,"An obfuscated garbled string with a broken URL, not identifying a valid website."
s.cg,http://s.cg/,True,NONE,,A parked domain (s.cg) with sale contact options on 8.La.
s.cl,https://s.cl/,False,NONE,,Parked domain page for s.cl using Sedo Domain Parking.
s.co,https://s.co,False,NONE,,"Official Snapchat domain navigation page with downloads, features, policies, and multilingual options."
s.cr,https://s.cr/,False,NONE,,"s.cr is a service for sending end-to-end encrypted, self-destructing notes."
s.cn,https://s.cn/,False,NONE,,A generic 403 Forbidden error page served by nginx.
s.et,https://s.et/,False,NONE,,A domain/URL shortening service that enables using your own custom domain to brand and shorten links.
s.de,https://s.de,False,NONE,,"A German banking and financial services website (Sparkasse) offering accounts, loans, investments, and related services."
s.fo,https://s.fo/,False,NONE,,A platform that allows using a custom domain to shorten branded links and manage domain settings.
s.ee,https://s.ee,False,NONE,,"S.EE is a URL shortening and link management platform offering branded short links, analytics, QR codes, and surveys."
s.dm,https://s.dm,False,NONE,"5, 0.015","A SaaS platform offering a unified cross-channel messaging API for business communications (SMS, WhatsApp, iMessage, and RCS)."
s.gd,https://www.s.gd/,True,NONE,,The s.gd domain name is for sale.
s.gt,https://s.gt/,False,NONE,,A minimal webpage that appears to be just a greeting.
r.ws,http://r.ws/,False,NONE,,"A landing page for website.ws, promoting its domain/URL service."
s.gg,https://s.gg/,True,NONE,,A domain name that is for sale.
s.gp,https://website.org/404?domain=s.gp,False,NONE,,A site offering free website creation with the s.gp domain extension via Website.org.
s.ht,https://s.ht/auth/login,False,NONE,,Sign-in page for a link-shortening service offering API access and disposable inboxes.
s.hm,http://s.hm/,True,NONE,,The s.hm domain is advertised as for sale.
s.gs,https://s.gs/,True,NONE,,An inquiry page indicating the s.gs domain may be for sale.
s.hn,http://s.hn/,True,NONE,,"Parked domain s.hn with contact details, likely for sale."
s.ie,https://s.ie,False,NONE,,Marketing site for Symphony Energy's HVAC optimization solutions for commercial buildings.
s.im,https://s.im/pip/formlogin.mth?returnurl=%2fpip%2f,False,NONE,,Partitionware user login portal requiring credentials and cookie policy acknowledgment.
s.ke,http://s.ke/,False,NONE,,Default nginx welcome page indicating the nginx web server is installed and running.
s.lu,https://s.lu/,False,NONE,,A 404 Not Found error page indicating the requested link is unavailable.
s.dk,https://s.dk,False,NONE,,"A Danish portal offering free access to over 13,000 student housing listings."
s.ly,https://s.ly,False,NONE,,"A personal technology blog by Jesse about AI, coding agents, and Claude-related projects."
s.is,https://www.straeto.is/,False,NONE,,A public bus route planning and timetable website for Strætó.
s.me,https://s.me,False,NONE,,A free AI-powered brand-name generator and information hub for .ME domains.
s.my,https://s.my/,True,198000,198000,"A for-sale page offering the S.my domain for purchase at $198,000 via Spaceship."
s.nu,https://www.touristmaps.com/,False,NONE,,A website offering free printable city landmark maps and interactive tourist maps.
s.pe,https://s.pe/,True,NONE,,The domain s.pe is for sale.
s.id,https://home.s.id/en,False,NONE,"0, 2.5, 3.33, 30, 3.89, 6, 46.67, 11.11, 16.67, 133.33","An all-in-one platform offering URL shortening, microsites, QR codes, and a shop for selling digital products."
s.pl,https://s.pl/,False,NONE,,A page for the s.pl domain.
s.ro,http://s.ro/cgi-sys/defaultwebpage.cgi,False,NONE,,Default hosting error page indicating the domain is not configured and may require DNS/hosting adjustments.
s.rw,https://s.rw,False,NONE,,"Personal profile/portfolio site for Samuel Sauer detailing ideation work, AI projects, and professional opportunities."
s.sc,https://s.sc/,True,NONE,,The domain s.sc is for sale.
s.kz,http://s.kz,False,NONE,"10, 300",A Kazakhstani loan and credit services directory (zaim.kz).
s.sb,https://s.sb/,False,NONE,,A 404 Not Found error page indicating the requested link is unavailable.
s.sh,https://s.sh/,False,NONE,,This is the domain s.sh.
s.sg,http://s.sg/?nfo=1&pr=ZXlKMGVYQWlPaUpLVjFRaUxDSmhiR2NpT2lKSVV6STFOaUo5LmV5SnBZWFFpT2pFM05qTTROakE0T0RJc0ltVjRjQ0k2TVRjMk16ZzJOak0wTWl3aWFuUnBJam9pTmpreU1qWXhPVEl6WTJSbE9DMDJPVEl5TmpFNU1qTmpaVEl6SWl3aWFYTnpJam9pY3k1elp5SXNJbUYxWkNJNld5SnpMbk5uSWwwc0luUjVjR1VpT2lKclpYbDNiM0prSW4wLjBEYXNBZ2E5YjFhbUlIR21ZR0lsRFdFNW1pU1ZWUEEzaF9EalRYZDAtLUk%3D,False,NONE,,Privacy policy bot page on the s.sg domain.
s.td,https://s.td/,False,NONE,,A 404 Not Found page indicating the requested link is no longer available.
s.sk,https://s.sk,False,NONE,,A Slovak custom glass shop offering tailor-made glass products.
s.tk,https://s.tk,False,NONE,,A Stack Exchange network page featuring hot questions and the Robotics Stack Exchange Q&A site.
s.sv,https://domgator.com/s-sv,False,NONE,,A website showing a 503 Service Unavailable error page.
s.to,https://s.to,False,NONE,,A German-language free streaming site offering TV series with guidance on bypassing internet censorship.
s.tv,https://s.tv/,False,NONE,,Access is blocked; the page indicates automated or suspicious access and cannot be viewed.
s.uk,https://s.uk/,True,NONE,,The domain s.uk is for sale.
s.vg,https://s.vg,False,NONE,,"XETTER Free Software Room is a repository of free software, emulation tools, and retro computer game downloads."
s.tt,https://s.tt/,False,NONE,,A 404 Not Found error page indicating the requested URL is unavailable.
t.ac,http://t.ac/,True,NONE,,"A parked domain (t.ac) listed by Park.io, available for inquiry."
s.kg,http://s.kg,True,NONE,"57500, 13490, 45169, 257000, 13882, 11800, 100000, 25000, 12000, 7700, 100000, 25000, 500000, 181720, 169000, 115000, 85000, 57338, 44145, 19900, 11000, 6800000, 1500000, 350000, 60000, 1750, 80, 123, 8900, 59, 8900, 59, 8900, 59, 8900, 59, 8900, 59, 8900, 59, 49000, 80, 110000, 50, 50000, 204, 500000, 53, 177000, 53, 88580, 20, 18000, 80, 12000, 16800, 16800, 20, 4800, 204, 400000, 100, 19800, 53, 100000, 48, 100000, 48, 150000, 48, 100000, 48, 50000, 48, 12880, 53, 12880, 60, 12880, 60, 59000, 3850, 58.85, 3850, 58.85, 3850, 58.85, 3850, 58.85, 4730, 58.85, 3850, 58.85, 22880, 58.85, 52880, 58.85, 12880, 58.85, 22880, 58.85, 12880, 58.85, 12880, 58.85, 12880, 58.85, 12880, 58.85, 12880, 58.85, 78800, 3960, 59, 2600, 59, 2600, 59, 2600, 59, 2600, 59, 3960, 59, 4880, 59, 2600, 59, 8900, 59, 8900, 59, 8900, 59",A marketplace offering sale of ultra-short domain names (1- to 4-character) with varied buy-now pricing and renewal costs.
s.tm,http://s.tm/,False,NONE,,A landing page promoting the s.tm premium domain name.
t.ar,https://t.ar/,False,NONE,,"A personal blog covering culture, education, and lifestyle topics."
t.bo,https://sedo.com/search/details/?partnerid=324561&language=us&domain=t.bo&origin=sales_lander_15&utm_medium=Parking&utm_campaign=offerpage,True,5250,5250,"The domain t.bo is listed for sale with a buy-now price of $5,250 on Sedo."
s.vu,https://s.vu,False,NONE,,"A personal site detailing patent-industry news and related software projects (PatForum, Patentswatch) by Hermann Stainer."
t.bw,http://t.bw/,False,NONE,,The domain promotes a free URL shortening service called t.bw (AviFox Project).
t.cc,https://t.cc/lander,True,NONE,,The domain t.cc is a GoDaddy parked domain that appears to be for sale.
s.pn,http://s.pn,True,1750,"57500, 13490, 45169, 257000, 13882, 11800, 100000, 25000, 12000, 7700, 100000, 25000, 500000, 181720, 169000, 115000, 85000, 57338, 44145, 19900, 11000, 6800000, 1500000, 350000, 60000, 1750, 123, 8900, 8900, 12000, 16800, 16800, 20, 4800, 400000, 19800, 8200, 100000, 30000, 100000, 150000, 100000, 50000, 12880, 12880, 12880, 59000, 3850, 3850, 3850, 3850, 3850, 3850, 4730, 3850, 22880, 52880, 12880, 22880, 12880, 12880, 12880, 12880, 12880, 12880, 78000, 3960, 2600, 2600, 2600, 2600, 2600, 3960, 4880, 2600, 8900, 8900, 8900, 49000, 50, 88580, 20, 4800, 400000, 19800, 8200, 100000, 30000, 100000, 150000, 100000, 50000, 12880, 12880, 12880, 59000, 3850, 4730, 11000, 12880, 12880, 12880, 12880, 12880, 12880, 12880, 78000, 3960, 2600, 2600, 2600, 2600, 2600, 3960, 4880, 2600, 8900, 8900, 8900",A marketplace offering 1-letter and other ultra-short domain names for sale.
t.cl,https://t.cl/,False,NONE,,Cannot determine the site's purpose from the available content.
t.cg,http://t.cg/,False,NONE,,"Parked domain t.cg with contact details (email 8@8.La, QQ/WeChat 8058888, Telegram t.me/im888)."
t.co,https://t.co/,False,NONE,,It describes X's t.co domain and its use to protect users and surface relevant posts.
t.cm,http://t.cm,True,NONE,,t.cm is a domain name currently for sale on a domain trading platform.
t.cr,https://013.com/?s=t.cr,False,NONE,,Domain query page for the t.cr domain with contact information via info@013.com.
t.bz,https://t.bz/,True,NONE,,Domain listing page for t.bz indicating it is available for sale via inquiry.
s.mw,http://s.mw,True,1750,"57500, 13490, 45169, 257000, 13882, 11800, 100000, 25000, 12000, 7700, 500000, 181720, 169000, 115000, 85000, 57338, 44145, 19900, 10800, 6800000, 1500000, 350000, 60000, 4800, 3960, 2600, 4880, 8900, 12000, 18000, 12880, 12880, 59000, 177000, 400000, 50000, 10800, 88580, 16800, 16800, 8200, 30000, 100000, 150000, 10800, 59000, 3780, 3780, 3780, 3780, 3780, 4644, 6800000, 1500000, 350000, 60000, 50, 204, 53, 80, 20",A marketplace listing 1-character domain names for sale.
t.dm,https://t.dm/,False,NONE,,A minimal page with the statement 'I am T t.dm'.
t.cx,https://t.cx/,False,NONE,,A parked domain page for t.cx using Sedo Domain Parking.
t.dk,http://t.dk,False,NONE,,An online store for JACK & JONES men's clothing and footwear.
t.ee,https://t.ee/,False,NONE,,A 404 Not Found error page indicating the requested link is unavailable.
t.fm,http://t.fm/,False,NONE,,"A welcome page for the t.fm domain dated November 23, 2025."
t.et,https://t.et/,False,NONE,,A 404 Not Found page served by nginx; no content is available.
t.cz,http://t.cz,False,NONE,8.29,"A Czech T-Mobile business site offering telecom, internet, TV, and cloud services for enterprises."
t.gl,http://ww113.t.gl/,False,NONE,,An expired domain with a renewal prompt.
t.gd,https://t.gd,True,50000,"50000, 2396, 1000","T.GD is a domain name listed for sale with a Buy Now price of USD 50,000 and installment options."
t.gp,https://website.org/404?domain=t.gp,False,NONE,,A free website creation service offering the t.gp domain.
s.ws,http://s.ws/,False,NONE,,Website.ws is a domain service promoting 'Your Internet Address For Life'.
t.hr,http://t.hr/,False,NONE,,A contact page directing inquiries to gxlhome@gmail.com.
t.im,https://t.im,False,NONE,,"T.im is a dynamic URL shortener with analytics, QR codes, and branded landing pages."
t.io,https://t.io,False,NONE,,A product page for Tenable Vulnerability Management (and Tenable One) promoting vulnerability management solutions.
t.gs,http://www.t.gs/,False,NONE,,A placeholder domain page indicating the site is under construction and coming soon.
t.ki,https://t.ki,False,NONE,,Trustee Plus is a cryptocurrency wallet with a payment card and exchange features.
t.ls,https://t.ls/,False,NONE,,A security blog called theTLS displaying a Coming Soon message with no sale information.
t.de,https://t.de,False,NONE,"0, 13.2, 24.18, 264, 32.95, 1.1, 3.3, 10.95, 48.35, 110, 21.95, 78.05, 1.09, 5.49, 5.5, 132","A German telecom promo deals page for Telekom Magenta services (TV, mobile, internet)."
t.is,http://t.is,False,NONE,,Origo is an Icelandic company offering IT solutions and services for businesses.
t.je,https://about.me/tom.elliott,True,NONE,,"A personal about.me placeholder page for Tom Elliott, noting the domain may be for sale."
t.me,https://t.me,False,NONE,,Telegram is a cloud-based mobile and desktop messaging app focused on security and speed.
t.mr,https://t.mr,False,NONE,,"A URL shortening service offering dynamic links, QR codes, bio pages, and analytics."
t.mp,https://t.mp,False,NONE,1000,"Temporal is a platform for durable execution and orchestration of software workflows, with open-source SDKs and a managed Temporal Cloud."
t.my,https://t.my/,False,NONE,,"A data storage, sharing, and monetization platform focused on user data control."
t.pe,https://t.pe/,False,NONE,,A 404 Not Found page indicating the requested URL is no longer available.
t.pl,https://t.pl/,False,NONE,,Polish email service offering an ad-free mailbox with the address ty@t.pl and large capacity.
t.pw,http://t.pw,True,NONE,,A domain placeholder page indicating the t.pw domain is for sale and available for inquiry.
t.mk,http://t.mk,False,NONE,,A Macedonian Telekom site providing telecom services and products.
t.sv,https://t.sv/,False,NONE,,A global WHOIS lookup service for domain information (STARIII.COM).
t.sh,http://t.sh/,False,NONE,,A landing page promoting the premium t.sh domain name.
t.tv,https://t.tv/,False,NONE,,An access-blocked page indicating automated access was detected.
t.tl,https://t.tl/,True,NONE,,"A URL shortening service using the t.tl domain, currently for sale."
t.tm,http://t.tm/,False,NONE,,A premium .tm domain name (t.tm).
t.fo,http://t.fo,True,NONE,"57500, 13490, 45169, 257000, 13882, 11800, 100000, 25000, 12000, 7700, 181720, 169000, 115000, 85000, 57338, 44145, 19900, 11000, 6800000, 1500000, 350000, 60000, 1750, 123, 8900, 49000, 177000, 88580, 18000, 16800, 20, 4800, 400000, 19800, 8200, 30000, 150000, 50000, 12880, 78000, 3960, 2600, 4880, 53, 60, 80, 120, 204, 50, 100, 27.16, 58.85, 110000, 6800000, 1500000, 350000, 60000",Marketplace for 1-character (and related) domain names with fixed buy-now and offer options.
t.uk,https://t.uk,False,NONE,,TdotUK is a finance affiliate network offering performance-based digital marketing services for affiliates and advertisers.
t.ua,https://t.ua,False,NONE,,Trustee Plus is a crypto wallet with a built-in payment card and related crypto-finance services.
t.vg,https://t.vg/,False,NONE,,A contact form page for the t.vg website.
t.tt,http://t.tt/,False,NONE,,"A Chinese platform for Luo Yonghao's Douyin live-commerce, including merchant signup, user wish submissions, charity signup, and company recruitment."
t.vu,http://t.vu/,False,NONE,,Expired DNS hosting service page for DNS Made Easy.
t.st,http://t.st,False,NONE,6900000,Investor relations site for The Arena Group (AREN).
t.mw,http://t.mw,True,1750,"57500, 13490, 45169, 257000, 13882, 11800, 100000, 25000, 12000, 7700, 500000, 181720, 169000, 115000, 85000, 57338, 44145, 19900, 6800000, 1500000, 350000, 60000, 1750, 123, 8900, 49000, 50000, 177000, 88580, 18000, 16800, 20, 4800, 400000, 19800, 8200, 30000, 100000, 150000, 12880, 59000, 3850, 4730, 22880, 52880, 12880, 78000, 3960, 2600, 4880, 8900, 177000, 88580",A marketplace listing short one-character domain names for sale.
u.ai,https://u.ai/,True,60000000,60000000,"A for-sale domain page offering the u.ai domain at a buy-it-now price of $60,000,000 via Spaceship."
u.ac,http://u.ac/,False,NONE,,Promotional page for the premium .ac domain u.ac offered by NIC.AC.
u.ae,https://u.ae,False,NONE,,"A UAE government portal providing information on jobs, education, visas, business, and public services."
u.ar,https://u.ar,False,NONE,,"A site offering premium domain names and guidance on buying, selling, and valuing them."
u.at,http://u.at/,False,NONE,,"Default Web Server page describing Plesk, a hosting control panel for managing servers, websites and hosting services."
u.am,https://u.am/,True,NONE,,"A Sedo parked domain page for u.am, indicating potential sale."
u.bw,http://u.bw/,False,NONE,,U.BW is a beta free URL shortener service.
u.af,https://u.af,False,NONE,"1, 1.1096, 0.2645, 11.073, 0.00856, 3.435, 3200",A news and media website covering Afghanistan and regional/international news.
u.cr,https://u.cr,False,NONE,,"A personal academic page for Scott Mueller, a researcher in causality and artificial intelligence."
u.bo,https://u.bo/,False,NONE,,Obfuscated list of .bo subdomains with a partial URL; no sale information is evident.
t.ws,http://t.ws/,False,NONE,,A parked domain/landing page for WEBSITE.WS with the slogan 'Your Internet Address For Life'.
u.gs,https://u.gs/,True,9999,9999,The domain u.gs is for sale with a buy-it-now price of 9999 USD.
u.cv,https://u.cv/,False,NONE,,"u.cv is a clean, professional URL shortener for creating short, memorable links."
u.fr,https://u.fr,False,NONE,33.0,Online portal for the French U supermarket chain offering online shopping and store services.
u.gt,https://u.gt,False,NONE,,A Canadian technology company marketing and distributing electronics worldwide.
u.gp,https://website.org/404?domain=u.gp,False,NONE,0,u.gp is a free website domain managed by Website.org.
u.ht,http://u.ht/,False,NONE,,A page containing contact information for the email address gxlhome@gmail.com.
u.cn,http://u.cn/,True,NONE,,This domain is for sale.
u.is,https://u.is,False,NONE,,"Utopia is a decentralized, privacy-oriented P2P ecosystem for secure messaging, encrypted payments, and private browsing built by the 1984 Group."
u.ke,https://u.ke/,False,NONE,,The domain 'Domain / Domains' appears to be a generic placeholder with no sale information.
u.hr,https://u.hr,True,45000,"49500, 3547.5",The domain u.hr is a premium domain listed for sale.
u.ki,https://u.ki/,False,NONE,,Branding text for the domain u.ki.
u.ly,https://u.ly/,False,NONE,,It's a login page for the u.ly website.
t.pn,http://t.pn,True,1750,"57500, 13490, 45169, 257000, 13882, 11800, 100000, 25000, 12000, 7700, 100000, 11000, 6800000, 1500000, 350000, 60000, 1750, 123, 8900, 8900, 8900, 8900, 8900, 49000, 110000, 50000, 500000, 177000, 88580, 18000, 12000, 16800, 16800, 20, 4800, 400000, 19800, 8200, 100000, 30000, 100000, 150000, 100000, 50000, 12880, 12880, 12880, 12880, 12880, 12880, 12880, 12880, 12880, 12880, 78000, 3960, 2600, 2600, 2600, 2600, 2600, 2600, 3960, 4880, 2600, 8900, 8900, 8900, 8900, 8900, 44145, 19900, 57338, 85000, 44145, 60000, 110000, 181720, 50000, 500000, 177000, 88580, 18000, 12000, 16800, 16800, 20, 4800, 400000, 19800, 8200, 100000, 30000, 100000, 150000, 100000, 50000, 12880, 12880, 12880, 12880, 12880, 12880, 12880, 12880, 12880, 12880, 12880, 78000, 3960, 2600, 2600, 2600, 2600, 2600, 2600, 3960, 4880, 2600, 8900, 8900, 8900, 8900, 8900, 500, 50, 204, 53, 80, 20, 110000, 110000, 3850, 3850, 3850, 3850, 3850, 3850, 4730, 3850, 22880, 52880, 12880, 22880, 12880, 12880, 12880, 12880, 12880, 12880, 12880, 12880, 12880, 12880, 78000, 3960, 2600, 2600, 2600, 2600, 2600, 2600, 3960, 4880, 2600, 8900, 8900, 8900, 8900, 8900",A marketplace listing short one-letter and few-letter domain names for sale.
u.ie,http://u.ie/,False,NONE,,The domain is reserved by a client of Irish Domains.
u.mt,https://u.mt,False,NONE,,Official website of the University of Malta.
u.nu,https://u.nu/,False,NONE,,A 404 Not Found page indicating the requested URL is no longer available.
u.pe,https://u.pe,False,NONE,,"A community-powered hub for local events and information in Guanacaste, Costa Rica."
u.ro,https://u.ro/,False,NONE,,A page consisting only of bee emojis with no content or sales information.
u.co,http://u.co,False,NONE,"32.45, 40.7, 60.5, 75.24, 52.8, 88.0, 30.8, 38.5, 44.0, 55.0, 44.0, 66.0, 121.0, 143.0, 49.5, 57.97, 30.8, 37.4, 93.5, 121.0, 93.5, 13.75, 13.75, 13.75, 13.75, 13.75, 13.2, 13.2, 16.5, 13.2, 16.5, 0.55",Online boutique offering Moroccan-style kaftans and related fashion items.
u.sb,https://u.sb/,False,NONE,,A Chinese-language tech blog focused on Debian and Linux server administration.
u.rw,https://u.rw/,False,NONE,,A domain (u.rw) displaying an SSL certificate error from the origin server via Cloudflare.
u.nz,http://u.nz,False,NONE,,"Holding page for the u.nz domain registered with Nominate, indicating the site is under construction."
u.sk,https://u.sk/,False,NONE,,A 404 Not Found page indicating the requested link is no longer available.
u.tc,https://u.tc/,False,NONE,,The domain name u.tc.
u.st,https://u.st,False,NONE,,"Description of a science and technology domain outlining research areas and core capabilities across quantum computing, AI, biotechnology, materials science, energy, and space engineering."
u.mk,http://u.mk,True,NONE,"57500, 13490, 45169, 257000, 13882, 11800, 100000, 25000, 12000, 7700, 100000, 25000, 500000, 181720, 169000, 115000, 85000, 57338, 44145, 19900, 11000, 6800000, 1500000, 350000, 60000, 1750, 123, 8900, 8900, 8900, 8900, 8900, 49000, 110000, 50000, 500000, 177000, 88580, 18000, 12000, 16800, 16800, 20, 4800, 400000, 19800, 8200, 100000, 30000, 100000, 150000, 100000, 50000, 12880, 12880, 12880, 59000, 3850, 3850, 3850, 3850, 3850, 3850, 4730, 3850, 22880, 52880, 12880, 22880, 12880, 12880, 12880, 12880, 12880, 52880, 12880, 12880, 12880, 12880, 12880, 78800, 3960, 2600, 2600, 2600, 2600, 2600, 3960, 4880, 2600, 8900, 8900, 8900",A marketplace listing for sale of ultra-short one-character and related domain names.
u.to,https://u.to/,False,NONE,,u.to is a URL shortening service that shortens links and tracks click statistics after login.
u.td,https://u.td,False,NONE,,A site offering 1500+ online web tools and utilities.
u.tt,https://u.tt,False,NONE,,Official main website of The University of Trinidad and Tobago.
u.uk,https://u.uk,True,640000,640000,"Premium domain u.uk for sale at £500,000."
u.mw,http://u.mw,True,1750,"57500, 13490, 45169, 257000, 13882, 11800, 100000, 25000, 12000, 7700, 100000, 25000, 500000, 181720, 169000, 115000, 85000, 57338, 44145, 19900, 11000, 6800000, 1500000, 350000, 60000, 1750, 123, 8900, 8900, 8900, 8900, 8900, 49000, 110000, 50, 50000, 500000, 177000, 88580, 18000, 12000, 16800, 16800, 20, 4800, 400000, 19800, 8200, 100000, 30000, 100000, 150000, 100000, 50000, 12880, 12880, 12880, 12880, 12880, 12880, 12880, 12880, 78000, 3960, 2600, 2600, 2600, 2600, 2600, 3960, 4880, 2600, 8900, 8900, 8900, 8900, 8900, 78000, 3960, 2600, 2600, 2600, 2600, 2600, 3960, 4880, 2600, 8900, 8900, 8900, 8900, 8900",A marketplace offering ultra-short one-character and other short internet domain names for sale.
u.ua,https://u.ua,False,NONE,0.54,"U.UA is a modern, free file transfer and storage service for sharing and storing large files up to 50 GB for up to 7 days."
u.pn,http://u.pn,True,1750,"57500, 13490, 45169, 257000, 13882, 11800, 100000, 25000, 12000, 7700, 6800000, 1500000, 350000, 60000, 204, 80, 53, 20, 4800, 400000, 19800, 8200, 177000, 88580, 18000, 181720, 169000, 115000, 85000, 57338, 44145, 19900, 11000, 30000, 150000, 50000, 500000, 78000, 3960, 2600, 8900, 12880, 22880, 52880, 3850, 4730, 60, 48",A marketplace selling one-character domain names with buy-now pricing.
u.tm,http://u.tm/,False,NONE,,The site promotes the u.tm domain as a premium .tm domain.
v.af,https://v.af,False,NONE,,"V.af is a URL shortening service offering branded short links, QR codes, and bio pages."
u.kg,http://u.kg,True,1750,"57500, 13490, 45169, 257000, 13882, 11800, 100000, 25000, 12000, 7700, 100000, 25000, 500000, 181720, 169000, 115000, 85000, 57338, 44145, 19900, 11000, 6800000, 1500000, 350000, 60000, 1750, 123, 8900, 59, 8900, 59, 8900, 59, 8900, 59, 8900, 59, 49000, 80, 50000, 500000, 177000, 53, 88580, 18000, 12000, 16800, 16800, 20, 4800, 400000, 19800, 8200, 100000, 30000, 100000, 150000, 100000, 50000, 12880, 12880, 12880, 59000, 3850, 3850, 3850, 3850, 3850, 3850, 4730, 3850, 22880, 52880, 12880, 22880, 12880, 12880, 12880, 12880, 12880, 12880, 12880, 12880, 12880, 78000, 3960, 2600, 2600, 2600, 2600, 2600, 3960, 4880, 2600, 8900, 8900, 8900, 8900, 8900, 8900, 50, 204, 110000, 27.16, 58.85",A marketplace listing one-character and other ultra-short domain names for sale.
u.vu,https://ariabeta.com/,False,NONE,,"Coming-soon placeholder page for the domain u.vu inc., stating that it does not offer or solicit investments."
v.am,http://v.am/,False,NONE,,"A landing page for Plesk, a hosting control panel."
u.vg,https://u.vg,False,NONE,,A page listing the XETTER free software project with multi-platform download links.
v.ar,https://v.ar,False,NONE,,"Personal portfolio and bio of Argentine front-end software engineer Valentín Costa, detailing his education and projects."
v.bw,http://v.bw/,False,NONE,,V.BW is the beta version of the shortest free URL shortener by AviFox.
v.ac,http://v.ac/,False,NONE,,A landing page promoting the premium .ac domain name v.ac.
v.bo,https://v.bo/,False,NONE,,An obfuscated list of .bo subdomains and a URL.
v.cc,https://www.tz8vip.net/index.html,False,NONE,,"A page header listing Chrome, Firefox, and Microsoft Edge with a Confirm action."
v.at,https://v.at/,True,108000,108000,"v.at is a domain for sale with an asking price of 100,000 EUR."
v.cx,https://v.cx,False,NONE,,"A personal blog by Rob Shearer with posts on technology, film, and personal projects."
v.de,https://v.de,False,NONE,,"Verinice is a sovereign GRC software platform for IT security, data protection, and business continuity."
v.ee,https://v.ee,False,NONE,,A venture studio and research lab building augmented intelligence infrastructure for human-AI teams.
v.dk,https://v.dk/,False,NONE,,"A Danish legal knowledge portal by Tommy V. Christiansen, covering inheritance, corporate, and tax law."
v.cl,https://sitios.cl/,False,NONE,"44, 77",Sitios.cl is a Chilean site directory portal.
v.gd,https://v.gd/,False,NONE,,v.gd is an ethical URL shortener.
v.fo,https://v.fo,False,NONE,,A Faroese-language web portal and directory of links to various sites.
u.ws,http://u.ws/,False,NONE,,A basic landing page for the website.ws domain (Your Internet Address For Life).
v.gs,https://v.gs/,True,NONE,,The domain v.gs may be for sale.
v.gt,https://sedo.com/search/details/?partnerid=324561&language=us&domain=v.gt&origin=sales_lander_2&utm_medium=Parking&utm_campaign=offerpage,True,25000,25000,"The domain v.gt is for sale for $25,000."
v.gp,https://website.org/404?domain=v.gp,False,NONE,0,A landing page promoting free website creation on the v.gp domain via Website.org.
v.cz,http://v.cz,False,NONE,,"Czech site for the Kingdom of Gingerbread offering visits, events, and the Gingerbread Museum."
v.gl,https://v.gl/,True,NONE,,v.gl is a domain for sale.
v.hm,https://v.hm/,True,NONE,,A domain for sale page offering transfer and contact information (nic#diy.gd).
v.io,https://vanadium.github.io/,False,NONE,,"A developer site for Vanadium's Syncbase, a mobile, peer-to-peer distributed database platform."
v.cn,http://v.cn/,True,NONE,,This domain name is for sale.
v.ly,https://website.org/404?domain=v.ly,False,NONE,,A page offering free website creation under the v.ly domain managed by Website.org.
v.me,https://src.visa.com/login,False,NONE,,A Visa Click to Pay login page with cookie/privacy notices.
v.mk,http://v.mk/cgi-sys/suspendedpage.cgi,False,NONE,,A domain with a suspended hosting account.
v.hn,https://v.hn,True,16888,"16888, 1210.31",The v.hn domain is a premium domain listed for sale on a domain marketplace.
v.mr,https://v.mr/,True,NONE,,The domain v.mr is for sale.
v.nz,https://v.nz/,False,NONE,,A website offering WHOIS domain lookup.
v.pe,https://v.pe/,True,NONE,,The domain v.pe is for sale.
v.nu,https://v.nu/,False,NONE,,The website is currently under construction.
v.pn,https://v.pn/,False,NONE,,A domain named V.PN that is currently under construction by Owl Owl OÜ.
v.ps,https://v.ps,False,NONE,,"V.PS offers simple, fast VPS hosting with global data centers and one-click deployment."
v.ie,https://x.com/,False,NONE,,A generic error page noting that privacy extensions may cause issues on x.com.
v.st,https://v.st,False,NONE,,"A self-hosted, community-run federation of services (SSO, editing, chat, file sharing) hosted at v.st."
v.ro,https://v.ro/,False,NONE,"1309, 2409","An enterprise-focused service offering v.ro email marketing platform access, DNS management, and cloud hosting with multi-year contracts."
v.tv,https://v.tv/,False,NONE,,v.tv is a short domain name.
v.td,http://www.v.td/,True,NONE,1.5,A domain registrar page offering discounted domain registrations by Netim.
v.gg,http://v.gg/,True,NONE,,The domain v.gg is for sale and negotiable by best offer.
v.vg,https://v.vg,False,NONE,,A free software room hosting downloads of retro computer emulation software and classic games for multiple platforms.
v.tt,https://v.tt,False,NONE,,"Personal/professional site for Stefan Vetter, founder of Swiss startups Friendly and Wortspiel."
v.tm,http://v.tm/,False,NONE,,Advertising a premium .tm domain (v.tm) with no price or sale listing.
w.ac,http://w.ac/,True,NONE,,A parked domain (w.ac) listed for sale on Park.io.
w.ai,https://w.ai,False,NONE,,"Platform to monetize idle computing power by contributing to a global, open AI network."
v.ua,https://v.ua,False,NONE,2.17,A Ukrainian domain registration service for the V.UA domain.
v.sv,http://v.sv,True,NONE,"57500, 13490, 45169, 257000, 13882, 11800, 100000, 25000, 12000, 7700, 181720, 169000, 500000, 6800000, 1500000, 350000, 60000, 108000, 115000, 85000, 57338, 44145, 19900, 1750, 80, 123, 8900, 59, 18000, 16800, 20, 4800, 400000, 19800, 8200, 30000, 50000, 12880, 3780, 2600, 3960, 4880, 78000, 52880, 22880, 4644, 59000, 88580, 50, 10800, 49000, 3780",A marketplace listing extremely short one- to multi-character domain names for sale.
w.ag,https://www.god.dad/,False,NONE,,It is the domain name god.dad.
w.ar,https://w.ar/,False,NONE,,"Spanish-language domain search and registration guidance site for Argentine domains (.ar, .com.ar, .net.ar)."
w.at,https://www.google.com/,False,NONE,,A snippet of Google's search interface and related services.
w.cl,http://w.cl/,False,NONE,,This is the default index page of a website generated by ISPConfig.
w.bo,https://w.bo/,False,NONE,,An obfuscated collection of .bo domain fragments and a URL with no meaningful content.
w.cg,http://w.cg/,False,NONE,,A parked domain page for w.cg with contact information.
w.cr,https://013.com/?s=w.cr,False,NONE,,A domain inquiry page for the domain w.cr with contact instructions to email the owner at info@013.com.
w.bw,https://w.bw/,False,NONE,,"W is for Whisky is a whisky review site featuring reviews of gin, cognac, armagnac, vodka, and whisky."
w.cv,https://w.cv/,False,NONE,,"Personal portfolio site for Christian Walsh, a Full Stack Software Engineer at Drumify, highlighting projects and skills."
v.kg,http://v.kg,True,1750,"57500, 13490, 45169, 257000, 13882, 11800, 100000, 25000, 500000, 181720, 169000, 115000, 57338, 44145, 19900, 11000, 6800000, 1500000, 350000, 60000, 123, 1750, 80, 8900, 49000, 50000, 177000, 88580, 18000, 12000, 16800, 20, 4800, 400000, 19800, 8200, 30000, 100000, 150000, 12880, 78000, 3960, 2600, 4880, 8900, 110000, 500, 204, 58.85, 27.16, 53",A marketplace selling short one-letter to multi-character internet domain names.
w.fo,https://w.fo/,False,NONE,,"A page displaying the Polish phrase Brak odnośnika, meaning No reference."
w.de,https://w.de,True,NONE,,Premium single-letter .de domain w.de for sale.
w.cm,http://w.cm,True,NONE,,A premium domain name marketplace listing the w.cm domain for sale with secure transaction services.
w.gp,https://w.gp/,True,NONE,,The domain w.gp may be for sale.
w.gd,http://w.gd/,True,NONE,,"A premium, short domain name w.gd offered for sale."
w.gs,https://w.gs/,True,NONE,,The domain w.gs may be for sale.
w.gt,http://w.gt/,False,NONE,,A site offering a personalized creative email service at ab.cd.
w.hm,https://w.hm/,False,NONE,,A page demonstrating a domain WHOIS API inquiry example.
w.is,https://w.is/,False,NONE,,A WHOIS lookup tool and bulk domain availability checker powered by W.is.
w.ht,https://w.ht,False,NONE,"12.95, 8.95, 175.0, 90.0",Web@laminute is a domain registration and web hosting provider offering domain searches and hosting plans.
w.hr,https://w.hr,True,12000,"13200, 13200, 946, 1800, 1200",The domain w.hr is a premium domain name currently for sale.
w.ki,https://w.ki/,False,NONE,,A domain consisting of the single number 1111.
w.ie,http://w.ie,False,NONE,324,Mantra Living is an online Irish furniture store offering contemporary furniture and home décor with nationwide delivery.
v.mw,http://v.mw,True,1750,"57500, 13490, 45169, 257000, 13882, 11800, 100000, 25000, 12000, 7700, 500000, 181720, 169000, 115000, 85000, 57338, 44145, 19900, 11000, 6800000, 1500000, 350000, 60000, 1750, 123, 8900, 49000, 177000, 88580, 18000, 16800, 20, 4800, 400000, 19800, 8200, 30000, 150000, 12880, 78000, 59000, 3850, 4730, 22880, 52880, 3960, 2600, 4880, 50000",A marketplace selling 1-letter/1-character domain names with buy-now options and multiple historical sales across various TLDs.
v.ws,http://v.ws/,False,NONE,,Domain parking/landing page for WEBSITE.WS advertising 'Your Internet Address For Life'.
w.ke,https://sedo.com/search/details/?partnerid=324561&language=us&domain=w.ke&origin=sales_lander_15&utm_medium=Parking&utm_campaign=offerpage,True,250000,270000,The domain w.ke is for sale on Sedo.
w.me,https://w.me,False,NONE,,A free AI-powered brand-name idea generator and information hub for the .ME domain.
w.je,http://w.je/,False,NONE,,A blog-like site (WADAstudio) with posts about flood-damaged housing and related topics.
w.ml,http://w.ml,True,NONE,500,"W.ML is a domain name for sale on Atom's marketplace, with offers starting at $500 and no buy-it-now option."
w.lu,http://w.lu,False,NONE,,"Website for Hotel Christophe Colomb, a hotel in Luxembourg City."
w.mk,http://w.mk,False,NONE,,Sheetal Group is a leading global diamond manufacturer established in 1985.
w.mr,http://w.mr/,False,NONE,,The domain www.w.mr is under construction with contact information available.
w.pe,https://w.pe,True,15000,"15000, 1075, 1800, 1200","Premium domain w.pe is for sale with a buy-it-now price of $15,000 and lease-to-own options."
w.sc,https://w.sc/,False,NONE,,A minimal domain name 'w.sc' with the .sc top-level domain.
w.sb,https://www.mistachkin.com/david/,False,NONE,,"The content is the name of a person, David Mistachkin."
w.sh,https://w.sh,False,NONE,,GitHub is a platform for hosting and collaborating on software development projects.
w.nu,https://w.nu,False,NONE,,"A Swedish site about border terriers with information on shows, care, and ownership."
w.kz,http://w.kz,False,NONE,"20.83, 625, 312.5, 2083.33",A Kazakh loan domain offering microcredit services
w.st,https://c.im/explore,False,NONE,610000000000,"An independent, EU-hosted Mastodon server (c.im) for open-minded, English-speaking users across the fediverse."
w.rw,https://www.linkedin.com/authwall?trk=gf&trkInfo=AQH-0ke9CsZLdwAAAZquUHnIp2A1v-JOMPwm4lhGlCvpJ2BcvUXFDjeECQpadIEr4lLLLQwijv8Kj7kj9cwUoqSxJ_eob-h0VUW7nweDALXhucOojMFi9waFuHXrCpZHuJvy-Sw=&original_referer=&sessionRedirect=https%3A%2F%2Fwww.linkedin.com%2Fin%2FSamuelSauer%2F,False,NONE,,LinkedIn sign-up and sign-in page for creating or accessing an account.
w.td,https://w.td/,False,NONE,,"Privately used website, not for sale."
w.tv,https://w.tv/,False,NONE,,w.tv is a streaming platform offering live online streams.
w.tt,https://w.tt,False,NONE,,Wattpad is a storytelling platform where readers read and writers write stories and connect with a large fan community.
w.uk,https://w.uk/,True,NONE,,"The w.uk domain, owned by ANY-Web Ltd, is listed for sale as an acquisition opportunity."
w.tl,http://w.tl/,True,NONE,,Parked domain page for w.tl with contact details suggesting it is for sale.
x.ac,https://x.ac,True,NONE,"50000, 500000",A sales landing page for acquiring the premium two-character domain x.ac.
w.tm,http://w.tm/,False,NONE,,A marketing page promoting the premium w.tm .tm domain.
x.ai,https://x.ai,False,NONE,,"Grok is an AI platform by xAI providing AI tools, APIs, and global access."
x.ar,https://x.ar/,False,NONE,,X.AR is an augmented-reality NFT avatar platform that creates AI-generated voxel avatars from photos and ties them to an on-chain economy.
x.ag,http://x.ag/,False,NONE,,Namibia-Blog is a blog about Namibia.
x.bi,https://x.bi/,False,NONE,,A domain name X.bi with the tagline 'Inverted X X'.
x.bo,https://x.bo,False,NONE,,A sample Next.js blog demonstrating static generation with Markdown.
x.bw,http://x.bw/,False,NONE,,A domain/profile page for AviFox LLC promoting a URL shortening service and providing contact details.
x.bz,https://www.businesscertificateservices.com/document/,False,NONE,,A business service that processes and issues a company's Certificate of Status.
x.cl,https://x.cl/,False,NONE,,X.cl is a domain name using the Chilean country code top-level domain.
w.mw,http://w.mw,True,1750,"57500, 13490, 45169, 257000, 13882, 11800, 100000, 25000, 12000, 7700, 100000, 25000, 500000, 181720, 169000, 115000, 85000, 57338, 44145, 19900, 11000, 6800000, 1500000, 350000, 60000, 1750, 123, 8900, 8900, 8900, 8900, 8900, 49000, 110000, 50, 50000, 500000, 177000, 53, 88580, 20, 4800, 400000, 19800, 8200, 100000, 30000, 100000, 150000, 100000, 50000, 12880, 12880, 12880, 59000, 3850, 3850, 3850, 3850, 3850, 3850, 4730, 3850, 22880, 52880, 12880, 22880, 12880, 12880, 12880, 12880, 12880, 12880, 12880, 12880, 78000, 3960, 2600, 2600, 2600, 2600, 2600, 3960, 4880, 2600, 8900, 8900, 8900",A marketplace listing rare one-letter and short domain names for sale.
w.ws,http://w.ws/,False,NONE,,A parked domain landing page for website.ws.
x.cm,http://x.cm,True,NONE,,A DN.com premium domain trading platform listing the x.cm domain for sale.
w.vu,http://w.vu,True,NONE,"57500, 13490, 45169, 257000, 13882, 11800, 100000, 25000, 12000, 7700, 6800000, 1500000, 350000, 60000, 181720, 169000, 115000, 85000, 57338, 44145, 19900, 11000, 110000, 50000, 500000, 177000, 19800, 8200, 3960, 2600, 2600, 2600, 2600, 2600, 3960, 4880, 12880, 59000, 52880, 22880, 12880, 22880, 12880, 12880, 12880, 12880, 12880, 78000, 4800, 16800","A marketplace for ultra-short domain names (1- to 9-character), focused on one-letter and other short domains offered for sale with buy-now options."
w.sv,http://w.sv,True,1750,"57500, 13490, 45169, 257000, 25000, 12000, 7700, 100000, 500000, 181720, 169000, 115000, 85000, 57338, 44145, 19900, 11000, 6800000, 1500000, 350000, 60000, 1750, 80, 123, 8900, 49000, 110000, 50000, 204, 500000, 177000, 53, 88580, 4800, 400000, 100, 19800, 8200, 100000, 30000, 150000, 50000, 12880, 12000, 78000, 3960, 2600, 4880, 8900, 3850, 3850, 3850, 3850, 3850, 3850, 3850, 4730, 3850, 110000, 58.85",A marketplace listing short domain names (from one character up) for sale with buy-now options.
w.pn,http://w.pn,True,1750,"57500, 13490, 45169, 257000, 13882, 11800, 100000, 25000, 12000, 7700, 100000, 25000, 500000, 181720, 169000, 115000, 85000, 57338, 44145, 19900, 10800, 6800000, 1500000, 350000, 60000, 1750, 123, 8900, 8900, 8900, 8900, 8900, 49000, 50, 50, 50000, 500000, 177000, 88580, 18000, 12000, 16800, 16800, 20, 4800, 400000, 19800, 8200, 100000, 100000, 30000, 100000, 150000, 100000, 50000, 12880, 12880, 12880, 12880, 12880, 12880, 12880, 12880, 12880, 12880, 12880, 12880, 12880, 12880, 12880, 12880, 12880, 78000, 3960, 2600, 2600, 2600, 2600, 2600, 3960, 4880, 2600, 8900, 8900, 8900, 108000, 50, 50000, 500000, 177000, 88580, 18000, 12000, 16800, 16800, 20, 4800, 400000, 19800, 8200, 100000, 108000, 50, 50000, 500000, 177000, 108000, 50, 50000, 500000, 177000, 88580, 18000, 12000, 16800, 16800, 20, 4800, 400000, 19800, 8200, 100000, 108000, 50, 50000, 500000, 177000, 88580, 18000, 12000, 16800, 16800, 20, 4800, 400000, 19800, 8200",A marketplace listing selling ultra-short and other brief internet domain names for sale.
x.dk,https://x.dk,False,NONE,,A Danish media company behind a network of news and lifestyle sites.
x.cg,http://x.cg/,False,NONE,,A Chinese domain lookup/WHOIS site for the X.CG domain and related WWW.CG services.
x.de,https://sedo.com/search/details/?partnerid=324561&language=us&domain=x.de&origin=sales_lander_15&utm_medium=Parking&utm_campaign=offerpage,True,NONE,,The domain x.de is for sale via Sedo.
x.gl,https://x.gl/,False,NONE,,X.GL is a site that visualizes neural network connections as you move your mouse.
x.fo,https://x.fo,True,NONE,,x.fo is a domain resale listing for the .fo country-code top-level domain.
x.gd,https://x.gd/,True,NONE,,"X.gd is a URL shortening service offering APIs and tools, plus a marketplace-style focus on short domain names."
x.fm,http://x.fm/,True,NONE,,"x.fm is a parked domain with contact information, suggesting it may be for sale."
x.at,https://sedo.com/search/details/?domain=x.at/,True,NONE,,The domain x.at is for sale and available for bidding.
x.gs,https://x.gs/,True,NONE,,A domain listing for x.gs that may be for sale.
x.gg,https://www.x.gg/,True,NONE,,X.gg is a domain name that may be for sale and is brokered by Snagged.
x.gt,https://x.gt/,True,NONE,,The domain x.gt is parked and for sale by its owner.
x.gp,https://website.org/404?domain=x.gp,False,NONE,,A landing page advertising free website registration for the x.gp domain under Website.org.
x.ie,https://x.ie/,False,NONE,,X.ie is a digital consultancy offering digital and business consulting services.
x.hr,https://x.hr/,True,NONE,,A domain parking page indicating the x.hr domain is for sale.
x.io,https://roddenberry.x.io/,False,NONE,,An online archive of Star Trek history and Roddenberry media.
x.ki,https://x.ki,False,NONE,,Vienna-based IoT development and consulting firm (XKI GmbH).
x.je,http://x.je/,False,NONE,,An error page indicating domain/DNS settings are missing or misconfigured.
x.ml,https://x.ml/,False,NONE,,A domain page on x.ml indicating no sponsors are listed.
x.kz,https://x.kz,False,NONE,,A Plesk default placeholder page indicating the domain has no content configured.
x.my,https://wind.my/,False,NONE,,"A minimal webpage header with a 'Skip to content' link, containing no sale information."
x.pe,https://sedo.com/search/details/?domain=x.pe,True,NONE,,The domain x.pe is for sale on Sedo.
x.la,https://x.la,False,NONE,4.49,"Xsolla Mall is a gaming marketplace offering game purchases, top-ups, and related services within the X.LA ecosystem."
x.kg,https://ifeifei.com/,False,NONE,,A personal travel diary/blog featuring Feifei's moments in various cities.
x.me,https://x.me/foryou,False,NONE,,A multimedia news and entertainment content hub aggregating clips and articles from various networks.
x.pr,https://x.pr/,False,NONE,,"A business contact page for Maric & Ayala in Piscataway, New Jersey."
x.sc,https://x.sc,True,NONE,,"Domain registration and hosting services landing page for the domain x.sc, with an option to inquire about purchasing."
x.rw,https://www.x.rw/,True,NONE,,A NIC.BN domain WHOIS/RDAP lookup page offering domain name search and sale.
x.sb,https://x.sb/login,False,NONE,,A login page for x.sb.
x.sg,https://x.sg/,False,NONE,,A placeholder default webpage for the domain x.sg.
x.st,https://x.st,False,NONE,,A personal project portfolio by Harold Cooper detailing a timeline of projects and experiments.
x.sv,https://x.sv/,True,NONE,,This domain (X.SV) is for sale; make an offer via email goeee@foxmail.com.
x.td,http://x.td/cgi-sys/defaultwebpage.cgi,False,NONE,,A domain displaying a default placeholder page indicating DNS/hosting issues.
x.tc,https://x.tc/,False,NONE,,X.TC is a domain name.
x.sr,https://x.sr/,False,NONE,,The site currently returns a 404 Not Found error.
x.tm,http://x.tm/,False,NONE,,x.tm is a premium domain name.
x.uy,https://x.uy/,False,NONE,,A URL shortening service called x.uy advertised as the shortest URL shortener in the world.
x.uk,http://x.uk,False,NONE,,A British PLC brand that provides AI consultancy services to the insurance and risk management sectors.
x.tv,https://x.tv/,False,NONE,,A basic landing page for the domain x.tv with copyright and privacy policy.
x.vg,https://x.vg/,False,NONE,,It's the contact form page for the x.vg domain.
x.tl,http://x.tl,False,NONE,,A Canadian technology-driven company marketing and selling a wide range of electronics and consumer lifestyle products.
x.nz,http://x.nz,False,NONE,,"News page announcing Fusion5's acquisition of GoCloud, expanding its IT managed services across New Zealand and Australia."
y.ai,http://y.ai,True,NONE,,The domain y.ai is for sale on the DN.com domain trading platform.
x.mk,http://x.mk,True,1750,"57500, 13490, 45169, 257000, 13882, 11800, 100000, 25000, 12000, 7700, 100000, 25000, 500000, 181720, 169000, 115000, 85000, 57338, 44145, 19900, 11000, 6800000, 1500000, 350000, 60000, 1750, 123, 8900, 8900, 8900, 8900, 8900, 49000, 110000, 50000, 500000, 177000, 88580, 18000, 12000, 16800, 16800, 20, 4800, 400000, 19800, 8200, 100000, 30000, 100000, 150000, 100000, 50000, 12880, 12880, 12880, 59000, 3850, 3850, 3850, 3850, 3850, 3850, 4730, 3850, 22880, 52880, 12880, 22880, 12880, 12880, 12880, 12880, 12880, 12880, 78000, 3960, 2600, 2600, 2600, 2600, 2600, 3960, 4880, 2600, 8900, 8900, 8900",A marketplace listing ultra-short domain names (1-letter and other short domains) for sale.
y.ar,https://y.ar/,False,NONE,,TSETE appears to be a brand or name with no sale information provided.
y.ac,http://y.ac/,False,NONE,,A landing page promoting the premium domain y.ac.
y.bo,https://y.bo/,False,NONE,,A garbled sequence of Bolivian (.bo) subdomains with an unclear URL.
y.at,https://y.at/start,False,NONE,,"A site offering emoji-based usernames (Yat) that serve as a universal emoji username, website URL, and payment address."
x.mw,http://x.mw,True,1750,"57500, 13490, 45169, 257000, 13882, 11800, 100000, 25000, 500000, 181720, 169000, 115000, 85000, 57338, 44145, 19900, 11000, 6800000, 1500000, 350000, 60000, 1750, 80, 123, 8900, 59, 8900, 59, 8900, 59, 8900, 49000, 204, 50000, 500, 177000, 53, 20, 88580, 20, 18000, 80, 12000, 84, 84, 20, 4800, 20, 400000, 100, 19800, 53, 120, 100000, 48, 100000, 48, 150000, 48, 100000, 48, 50000, 48, 12880, 60, 60, 58.85, 22880, 58.85, 52880, 12880, 22880, 12880, 12880, 12880, 12880, 12880, 12880, 12880, 12880, 78000, 3960, 2600, 2600, 2600, 2600, 2600, 3960, 4880, 2600, 8900, 8900, 8900",A marketplace listing and selling 1-letter and other ultra-short domain names.
y.am,http://y.am/index.php,False,NONE,,A webpage featuring a simple smiley emoticon.
y.cg,http://y.cg/,False,NONE,,A simple message indicating a new web server is ready for use.
x.pn,http://x.pn,True,1750,"57500, 13490, 45169, 257000, 13882, 11800, 100000, 25000, 12000, 7700, 100000, 100000, 25000, 500000, 181720, 169000, 115000, 85000, 57338, 44145, 19900, 10800, 6800000, 1500000, 350000, 60000, 1750, 123, 8900, 8900, 8900, 8900, 8900, 49000, 108000, 50000, 500000, 177000, 88580, 18000, 12000, 16800, 16800, 20, 4800, 400000, 19800, 8200, 100000, 30000, 100000, 150000, 100000, 50000, 12880, 12880, 12880, 12880, 12880, 12880, 12880, 12880, 12880, 12880, 12880, 12880, 12880, 78000, 3960, 2600, 2600, 2600, 2600, 2600, 3960, 4880, 2600, 8900, 8900, 8900, 8900, 18000, 12000, 16800, 16800, 20, 4800, 400000, 53, 204, 500000, 177000, 88580, 50",A marketplace listing ultra-short one-letter and other short internet domain names for sale.
y.cv,https://y.cv,False,NONE,,"Software development blog by Devin Reeks covering AWS, Golang, CI/CD, and DevOps."
y.co,https://y.co,False,NONE,,"A full-service luxury yacht company offering yacht sales, charter, and management services."
y.cm,http://y.cm,True,NONE,,y.cm is a domain name trading platform listing the y.cm domain for sale.
y.cc,https://a9bhv1p81q.yc000053.cc:8443/index.html?agentname=ZYM,False,NONE,,"A page listing several .cc domain names (y010.cc, ycc8051.cc, ycc8053.cc, ycc8054.cc) with latency times."
y.de,https://y.de/,True,NONE,,The domain Y.de is for sale and available for purchase.
y.fo,https://y.fo/,False,NONE,,403 Forbidden error page indicating access to y.fo is denied.
x.ws,http://x.ws/,False,NONE,,A landing page for the domain website.ws.
y.gs,https://y.gs/,True,NONE,,The domain y.gs appears to be for sale.
y.gt,http://y.gt/,False,NONE,,A domain offering a personalized creative email address at ab.cd.
y.gp,https://website.org/404?domain=y.gp,False,NONE,,A portal offering free website creation on the y.gp domain via Website.org.
y.gy,https://app.y.gy/,False,NONE,4,"A website offering a three-in-one service: link shortening, QR code creation, and link analytics."
y.ie,https://y.ie/,False,NONE,,The domain is not found and appears unavailable.
y.hm,http://y.hm/,True,NONE,,The domain y.hm is for sale.
y.fr,https://y.fr/,False,NONE,"2841.3, 1773.2, 1813.9, 869.0, 1011.95, 3510.1",A PC buying guide offering budget-based configurations.
y.io,http://y.io/,False,NONE,,A parked domain page for y.io displaying contact information.
y.me,https://y.me,False,NONE,,A free AI-powered brand-name generator and information hub for the .ME domain.
y.kg,https://restoran.kg/,False,NONE,,A restaurant website in Kyrgyzstan that is currently under construction.
y.mk,https://y.mk/,True,10000,10000,"The domain y.mk is for sale with an asking price of 10,000 USD."
y.ml,https://y.ml,True,NONE,500,The domain Y.ML is listed for sale on the Atom.com marketplace.
y.nf,https://y.nf,False,NONE,,"YNF is a free, global youth tech community for young developers to learn, collaborate, and launch projects."
y.sb,https://y.sb/,False,NONE,,This is the domain name y.sb.
y.pe,https://y.pe,True,12000,"12000, 860, 2200, 2750",A premium domain sales page offering the y.pe domain for sale with upfront buy-it-now and lease-to-own options.
y.sg,https://y.sg/,False,NONE,,A placeholder domain page for y.sg with a default site-creation message.
y.nu,http://y.nu/,False,NONE,,ip.y.nu is a minimalistic public IP service with a simple URL.
y.sv,https://domgator.com/y-sv,False,NONE,,A generic 503 Service Unavailable error page indicating temporary service unavailability.
y.sh,http://y.sh/,False,NONE,,Promotional page for the premium y.sh domain and .sh domain registrations.
y.tv,https://y.tv/,False,NONE,,Access-blocked page with no sale information.
y.tm,http://y.tm/,False,NONE,,"Promotional page for a premium .tm domain name, y.tm."
y.vu,https://y.vu,False,NONE,,"Y Consulting is an IT consultancy offering DevOps, cloud computing, IT strategy, and related technology services."
z.ai,https://chat.z.ai/,False,NONE,,Z.ai Chat is a free AI chat service powered by GLM-4.6 and GLM-4.5.
z.ac,http://z.ac/,False,NONE,,Promotional landing page for the premium domain z.ac (an .ac domain).
z.am,https://z.am/,True,NONE,,z.am is a parked domain page served by Sedo Domain Parking.
y.ro,http://y.ro,False,NONE,"1.1517, 1.0, 1.306",RO24 is a Romanian news portal providing press reviews and the latest headlines.
z.ar,https://z.ar/,True,NONE,,Z.ar is a premium domain name for sale under the .ar top-level domain.
z.bw,http://z.bw/,False,NONE,,Z.BW is a coming-soon domain/project by Avi Fox.
z.cg,https://z.cg/,True,NONE,,The Z.CG domain is offered for sale.
z.bo,https://z.bo/,False,NONE,,A garbled list of Bolivian (.bo) domain fragments and an obfuscated URL.
z.cc,http://z.cc/,False,NONE,,A security-check page for aliyun.com that prompts users to click to BLUE Engine for technical support.
z.at,https://z.at,False,NONE,"32.78, 0.0, 21.89, 22.77, 21.78, 41.8, 26.27, 20.79, 38.41, 10.95, 11.0",Zimmermann is a German premium online shop selling socks and related products.
z.cx,https://z.cx/,False,NONE,,The domain appears to be a placeholder with no visible content.
z.cv,https://z.cv/#!about,False,NONE,,"A personal academic profile page for Xiangqun Zhang, a PhD candidate in Computer and Information Science and Engineering at Syracuse University."
z.dk,https://zbrah.io/,False,NONE,,zbrah.io is a branded short link service offering fast redirects and privacy-first analytics.
z.de,https://www.z.de/,False,NONE,,"Z.de is a hub for Gen Z inspiration, trends, talks, and tools."
z.cn,https://z.cn,False,NONE,,A Chinese-language page describing overseas shopping and Amazon Prime services/apps.
y.ws,http://y.ws/,False,NONE,,A Website.ws landing page promoting 'Your Internet Address For Life'.
z.ee,https://z.ee/,False,NONE,,A 404 Not Found error page indicating the requested URL is unavailable.
z.gd,https://z.gd/,False,NONE,,"A personal webpage for Zack Zatkin-Gold (K6ZZG), a software engineer at Apple, listing hobbies and external links."
z.gl,https://z.gl/,True,300000,300000,"A domain listing page offering the z.gl domain for sale with a buy-it-now price of $300,000."
y.uk,http://y.uk,False,NONE,"77, 282, 3840, 7680000, 8960000, 14491, 1000000000000","Yahoo UK is a news, entertainment, and shopping portal."
z.hr,https://z.hr/lander,False,NONE,,z.hr is the Croatian domain with a privacy policy.
z.gp,https://website.org/404?domain=z.gp,False,NONE,,It's a landing page offering a free z.gp domain registration through Website.org.
z.hm,http://z.hm/,False,NONE,,A simple greeting message.
z.hn,http://z.hn/,False,NONE,,The site has been closed.
z.ke,http://z.ke/,False,NONE,,Default nginx web server landing page.
z.is,https://z.is,False,NONE,,"An Icelandic online store offering custom window curtains, blinds, and related home textiles."
z.kz,https://z.kz/,False,NONE,,A site displaying a motivational quote about self-reliance.
y.mw,http://y.mw,True,NONE,"57500, 13490, 45169, 257000, 13882, 11800, 100000, 25000, 12000, 7700, 100000, 25000, 500000, 181720, 169000, 115000, 85000, 57338, 44145, 19900, 11000, 6800000, 1500000, 350000, 60000, 1750, 123, 8900, 8900, 8900, 8900, 8900, 49000, 110000, 50, 50000, 500000, 177000, 53, 88580, 18000, 12000, 16800, 16800, 20, 4800, 400000, 19800, 8200, 100000, 30000, 100000, 150000, 100000, 50000, 12880, 12880, 12880, 22880, 52880, 12880, 12880, 12880, 12880, 12880, 12880, 12880, 12880, 78000, 3960, 2600, 2600, 2600, 2600, 2600, 3960, 4880, 2600, 8900, 49000, 6800000, 1500000, 60000, 11000, 110000, 50, 204, 53, 50, 80, 204, 110000, 100000","A marketplace listing short, one-character domain names for sale with USD/EUR pricing."
z.gg,http://z.gg/,False,NONE,,A sandbox/test page for the z.gg domain.
z.je,http://z.je/,False,NONE,,A default nginx web server landing page indicating the server is installed and awaiting configuration.
z.mr,https://z.mr/,False,NONE,,The domain z.mr currently displays a Cloudflare 521 error indicating the web server is down.
z.pr,https://z.pr/,False,NONE,,Generic web directory index page (Index of /).
z.pn,https://z.pn,False,NONE,,Z.PN is a VPN service offering a WireGuard-based premium VPN solution.
z.gs,http://z.gs,True,NONE,684.93,"A Chinese web hosting, domain registration, and cloud services platform."
z.ie,http://z.ie/,False,NONE,,The domain is reserved by a client of Irish Domains.
z.sh,https://app.ba.sh/,False,NONE,,An open-source URL shortener for Bash scripts.
z.ro,http://z.ro,False,NONE,"1.15, 1.0, 1.31",RO24 is a Romanian news portal featuring headlines and press reviews.
z.sg,https://z.sg/,False,NONE,,Placeholder under-construction page for the z.sg domain.
z.cz,https://www.eva.cz/,False,NONE,"0.0, 1.16, 2.36, 3.96, 4.36, 5.16, 5.96, 6.36, 7.16, 14.36, 18.36, 20.8, 22.0, 23.56, 26.0, 27.6, 75.6","EVA.cz is a Czech online retailer offering home, workshop, and garden goods."
z.sv,https://z.sv/,True,NONE,,z.sv domain is for sale.
z.pw,http://z.pw/,False,NONE,,A Beijing-based technology company.
z.tv,https://z.tv/,False,NONE,,Access to the site is blocked by anti-bot restrictions.
z.sb,http://z.sb/,False,NONE,,A domain z.sb currently under construction with a contact email.
z.tm,http://z.tm/,False,NONE,,A landing page promoting the premium .tm domain z.tm.
z.uy,https://z.uy,False,NONE,,"ZetaSoftware is a cloud-based software suite for SME management, invoicing, accounting, and personal finances."
z.kg,http://z.kg,True,1750,"57500, 13490, 45169, 257000, 13882, 11800, 100000, 25000, 12000, 7700, 100000, 25000, 500000, 181720, 169000, 115000, 85000, 57338, 44145, 19900, 11000, 6800000, 1500000, 350000, 60000, 123, 8900, 8900, 8900, 8900, 8900, 49000, 110000, 50000, 500000, 177000, 88580, 18000, 12000, 16800, 16800, 20, 4800, 400000, 19800, 8200, 100000, 30000, 100000, 150000, 100000, 50000, 12880, 12880, 12880, 12880, 12880, 59000, 3850, 3850, 3850, 3850, 3850, 3850, 4730, 3850, 22880, 52880, 12880, 22880, 12880, 12880, 12880, 12880, 12880, 12880, 78000, 3960, 2600, 2600, 2600, 2600, 2600, 3960, 4880, 2600, 8900, 8900, 8900, 3960",A marketplace listing 1-character and other short internet domain names for sale.
0.af,https://0.af/,False,NONE,,A visionary AI-powered platform for preserving personal memories as a cross-temporal digital heritage.
0.ac,https://0.ac,True,24000,"24000, 1150, 27600","0.ac is a for-sale domain listing on a domain marketplace with a buy-now price of $24,000."
z.vg,http://z.vg/,False,NONE,,z.vg is a registered domain name that is currently unavailable.
0.ar,https://0.ar/,True,6000,6000,0.ar is a domain for sale with an asking price of 6000 USD.
0.ai,https://0.ai/,True,NONE,1000000,A private sale-ready portfolio offering single-digit .ai domain names (0.ai–9.ai) for major AI brands.
0.ag,https://0.ag/,False,NONE,,"A domain name, 0.ag."
z.vu,http://www.z.vu/,True,NONE,1.5,Domain sale/contact page indicating the current owner is selling this domain via Netim.
0.cr,https://0.cr/,False,NONE,,A WHOIS domain lookup service.
0.de,http://0.de/,False,NONE,,"Geospatial map data attribution page for 0.de showing data providers (Microsoft, Earthstar Geographics, TomTom) with an upgrade-for-commercial-use note."
0.cg,http://0.cg/,False,NONE,,"A parked domain (0.cg) displaying contact details (email, QQ/WeChat, and Telegram)."
0.bo,https://0.bo/,False,NONE,,An obfuscated string with a garbled URL and no identifiable content.
0.ee,https://0.ee/,False,NONE,,A default WordPress blog page with a first post placeholder.
z.ws,http://z.ws/,False,NONE,,A landing page for Website.ws promoting its domain services.
0.cz,https://0.cz,False,NONE,,A Czech directory/index of encyclopedia entries and registries.
0.fr,http://ww53.0.fr/challenge?next=/,False,NONE,,0.fr is a French domain name.
z.mw,http://z.mw,True,1750,"57500, 13490, 45169, 257000, 13882, 11800, 100000, 25000, 12000, 7700, 100000, 25000, 500000, 181720, 169000, 115000, 85000, 57338, 44145, 19900, 10800, 6800000, 1500000, 350000, 60000, 1750, 80, 123, 8900, 59, 8900, 59, 8900, 59, 8900, 59, 8900, 59, 49000, 80, 108000, 50, 50000, 204, 500000, 500, 177000, 53, 88580, 20, 4800, 20, 12000, 84, 16800, 84, 20, 4800, 30000, 48, 100000, 48, 150000, 48, 100000, 48, 50000, 48, 12880, 53, 12880, 60, 12880, 60, 59000, 3780, 3780, 3780, 3780, 3780, 3780, 3780, 4644, 3780, 22880, 52880, 12880, 22880, 12880, 12880, 12880, 12880, 12880, 12880, 12880, 12880, 52880, 12880, 12880, 78000, 3960, 2600, 2600, 2600, 2600, 2600, 3960, 4880, 2600, 8900, 8900, 8900, 58.85, 58.85, 58.85, 58.85","A marketplace offering ultra-short one- and multi-character domain names for sale, with buy-now options."
0.gy,https://0.gy,False,NONE,"80, 200, 480",A Stockholm-based conference page for the Midnight Sun CTF Conference with ticket options and event schedule.
0.gp,https://www.0.gp/,False,NONE,,A URL shortening service that creates custom short links and QR codes with visit statistics.
0.gt,https://0.gt,False,NONE,,"CanaTec is a Canadian technology and consumer goods company offering electronics, appliances, and marketing services."
0.hn,https://0.hn/,False,NONE,,The website is currently returning a 403 Forbidden error and is inaccessible.
0.ht,http://0.ht/,False,NONE,,A webpage that contains only a smiley emoji and no content.
z.st,http://z.st,False,NONE,,"A personal blog/portal featuring nostalgic hardware, owned domain names, and current-news content."
0.ie,https://0.ie/,True,NONE,,A page listing domain names that are for sale.
0.hm,http://0.hm/,True,NONE,,0.hm is a domain page indicating the domain is for sale.
0.ke,https://0.ke/,False,NONE,,"Personal homepage of a tech-focused creator exploring technology, design, and digital innovation."
0.je,https://getrefined.cloudflareaccess.com/cdn-cgi/access/login/0.je?kid=8d974657173b3815a785a85d0d7115e23c1ae3b32bc0e9e770b90c5f64805f3b&meta=eyJ0eXAiOiJKV1QiLCJhbGciOiJSUzI1NiIsImtpZCI6IjE5MWUzZmUyNDJmYTk3MDZjNjVkZDFlNjcwMDVkZmFmNDIyNWU2OWQ2NTE1MzkzZjI0YjMzZTBkNDg3NDgxOWIifQ.eyJ0eXBlIjoibWV0YSIsImF1ZCI6IjhkOTc0NjU3MTczYjM4MTVhNzg1YTg1ZDBkNzExNWUyM2MxYWUzYjMyYmMwZTllNzcwYjkwYzVmNjQ4MDVmM2IiLCJob3N0bmFtZSI6IjAuamUiLCJyZWRpcmVjdF91cmwiOiIvIiwic2VydmljZV90b2tlbl9zdGF0dXMiOmZhbHNlLCJpc193YXJwIjpmYWxzZSwiaXNfZ2F0ZXdheSI6ZmFsc2UsImV4cCI6MTc2Mzg2MTYxMiwibmJmIjoxNzYzODYxMzEyLCJpYXQiOjE3NjM4NjEzMTIsImF1dGhfc3RhdHVzIjoiTk9ORSIsIm10bHNfYXV0aCI6eyJjZXJ0X2lzc3Vlcl9kbiI6IiIsImNlcnRfc2VyaWFsIjoiIiwiY2VydF9pc3N1ZXJfc2tpIjoiIiwiY2VydF9wcmVzZW50ZWQiOmZhbHNlLCJjb21tb25fbmFtZSI6IiIsImF1dGhfc3RhdHVzIjoiTk9ORSJ9LCJyZWFsX2NvdW50cnkiOiJVUyIsImFwcF9zZXNzaW9uX2hhc2giOiI0OGI2ZjczZTBjMjIwMWM2MTA0OTdhZWMyY2M3MDdiM2RiOWNiZTNlMDI0ZWM0Y2YzNmUyMDM2YzM0MWIwMGMxIn0.mcofmGtArcavj3pA0JTQSNx0LgauJd2D2tCa6vohoUzIovsFAMlHmtt7lW0SGJAvIel9BYkb8HEqwFe1Ubxv6Vzv5yACV_zxudAOS3Uc52ZTPyvHXC0eKtfwD_CU2abcmFdt7zrkIkXqjzEjZJ50E0RLr6qpF9WBhpgy7ibuOC1lO-j4dKL8uCljJgsuOZW5IiTkCQY-zPY5ZH2W_7PixMNfZLlXxeuyysOK5CveyFsLIAmQp1r3wwISFFwZC2XXaDQ3dnRsZR8Q5tFfFl6S9KsqwuCCjQFl9rrOXiNPl32KL5cN9SNPjL4pAa0DWN4yYeGl9wKXX_Q9PgsWkNcL0A&redirect_url=%2F,False,NONE,,Cloudflare Access-secured sign-in page for a service called MMonit.
0.mk,https://0.mk/,False,NONE,,Teaser page for an upcoming site offering zero-effort shortcuts.
z.tl,https://z.tl/,False,NONE,,A Bitcoin blockchain analytics dashboard listing live block metrics and activity.
0.gs,http://0.gs/,True,NONE,,A domain name for sale on West.cn with a Buy It Now option.
0.ly,https://ok.ly/,False,NONE,,"A page showcasing Libyan photographer Ahmed Zubida's art and commercial photography in Tripoli, Libya."
0.lu,http://0.lu,False,NONE,,Nvision is a strategic and creative digital agency.
0.rw,https://0.rw/,False,NONE,,"A secure, client-side encrypted notes platform for sending private notes."
0.sb,https://0.sb/ui/,False,NONE,,"A Routinator RPKI/BGP validation web interface showing prefixes, origin ASNs, and data freshness."
0.nz,https://0.nz/,False,NONE,,A personal ideas blog site named zero dot enzed.
0.mr,https://0.mr/,True,21999,21999,"A for-sale domain listing for 0.mr with a buy-it-now price of USD 21,999."
0.pl,https://t.pl/,False,NONE,,"A Polish email service offering ty@t.pl addresses with large storage, anti-spam protection, and web/desktop access."
0.sd,http://0.sd/,False,NONE,,An error page indicating the site could not be found on the web server.
0.ro,https://0.ro/,True,NONE,,The domain 0.ro is for sale.
0.sk,https://monopoly.vc/?utm_source=microsites&utm_content=timer&utm_medium=microsites&utm_campaign=0.sk,False,NONE,,Monopoly.vc is a venture capital website highlighting funding opportunities.
0.se,https://1.se/,False,NONE,,1.se is a Swedish platform for quick and easy information.
0.sh,http://0.sh/,False,NONE,,A landing page promoting the 0.sh premium domain (an .sh domain).
0.sv,https://0.sv,False,NONE,,TravelNet is an admin dashboard and marketplace platform.
0.td,https://t.me/miaoqiqi,False,NONE,,A Telegram contact/profile page for user @miaoqiqi.
0.tl,https://0.tl/lander,False,NONE,,It's the footer of the 0.TL website showing copyright and privacy policy.
0.vg,https://0.vg/,True,NONE,,The domain 0.VG is for sale.
0.to,https://0.to/,False,NONE,,A landing page promoting the 0.to domain hosting service and inviting users to upload their website.
0.uk,https://0.uk/,True,NONE,,A domain sales landing page for the 0.uk domain owned by ANY-Web Ltd.
0.kg,http://0.kg/,False,NONE,,A contact email for the domain 0.kg.
0.st,https://mp.weixin.qq.com/s/m4pFQ4Ne5mNQDZ17TxqJBQ,False,NONE,"0, 7142857.14",A Chinese eco-friendly holding company site promoting organic vegetables and wellness products.
1.ae,https://1.ae/,False,NONE,,Cloudflare protection page blocking access to the domain 1.ae.
0.vu,https://0.vu,False,NONE,,A Canadian technology company promoting Canadian products and services worldwide.
1.af,https://1.af,False,NONE,,"A marketing website for CanaTec, a Canadian technology company promoting its products and services worldwide."
1.ai,https://1.ai/,True,NONE,1000000,Sales listing for the premium single-digit .ai domain portfolio (0.ai–9.ai).
1.ac,http://1.ac,True,NONE,,A corporate domain registrar and hosting provider offering domain services with an 'Inquire to Purchase' option.
1.bo,https://1.bo/,False,NONE,,A garbled collection of .bo tokens and an obfuscated URL with no sale information.
1.cc,https://1.cc/,False,NONE,,A default 403 Forbidden error page with no sale information.
1.cg,http://1.cg/,False,NONE,,The 1.cg domain is parked and provides contact information.
1.cn,http://1.cn,False,NONE,,A Chinese government information portal listing ministries and public administration services.
1.bh,https://1.bh,False,NONE,"1329.5, 1063.6, 797.7, 531.8, 265.9, 106360.0, 29.25, 2659.0",ONE App is a Bahrain-based digital financial marketplace offering instant financing and buy-now-pay-later services.
1.cx,https://1.cx/,True,NONE,,"A parked domain page generated via Sedo Domain Parking (domain 1.cx), indicating potential sale."
1.et,https://1.et/,False,NONE,,A website that displays a 403 Forbidden error page served by nginx.
1.fm,https://radio.1cloud.fm/,False,NONE,,A web-based radio streaming platform offering diverse music stations and genres.
1.dk,https://1.dk,False,NONE,,"A Danish marketing agency (1.dk) offering branding, marketing, web design, and related digital services."
0.ws,http://0.ws/,False,NONE,,A domain parking/redirect page for website.ws.
1.gd,http://1.gd/,True,NONE,,1.gd is a premium short domain name offered for sale through Sedo.
1.gp,https://1.gp/,True,NONE,,A domain name (1.gp) that may be for sale.
1.fr,https://1.fr,False,NONE,,French-language site offering an SEO text optimization tool to improve search engine rankings.
1.ee,https://1.ee,False,NONE,"4.58, 8.2, 14.25",A hosting service provider offering web and email hosting plans for registered domains.
1.gt,https://1.gt,False,NONE,,Canada-based CanaTec technology company profile offering consumer electronics and related services.
1.gl,https://1.gl/,False,NONE,,A 401 Unauthorized error page from the 1.gl server.
1.ht,http://1.ht,False,NONE,,Official Bank of America banking site.
1.fo,https://w.fo/,False,NONE,,"The page says 'CR No reference', with no indication of sale."
1.hm,http://1.hm/,True,NONE,,The domain 1.hm is for sale.
1.im,https://1.im/,False,NONE,,This is a coming soon placeholder website.
1.io,https://1.io/login,False,NONE,,It's the sign-in page for the ONE.io website.
1.is,https://1.is/,True,NONE,,The domain 1.is is for sale.
1.ke,https://1.ke/,True,NONE,,The domain appears to be for sale.
1.je,http://1.je/,False,NONE,,Domain registration status page showing that 1.je is unavailable.
1.ki,https://1.ki,False,NONE,,A landing page for the Brightlane business website theme by 1mpact.ai.
1.la,http://1.la/,False,NONE,,"A parked domain page for 1.la with contact information (email, QQ/WeChat, Telegram)."
1.ls,https://1.ls/,False,NONE,,"It's a site about 'One League' (Chinese variants: 一联赛, 1联赛, 壹联赛)."
1.cz,http://www.1.cz/,False,NONE,,"A Czech-language homepage with search tips, popular links, and local weather (Seznam.cz)."
1.kz,https://1.kz,False,NONE,,Kazakhstan-based online catalog for electronics and home goods.
1.mr,https://1.mr/,True,NONE,,The domain may be for sale; contact admin@booyeu.com.
1.ml,https://1.ml,True,700,"700, 700",A domain marketplace listing indicating the domain 1.ml is for sale with a Buy Now price of $700.
1.ly,https://linktr.ee/techundschmetterlinge,False,NONE,,A Linktree profile for techundschmetterlinge that aggregates podcasts and social media links.
1.gg,http://1.gg/,True,NONE,,"The domain 1.gg is advertised for sale, with WeChat contact DomainDream to purchase."
1.nf,https://1.nf/,True,NONE,,The domain 1.nf is for sale.
1.me,https://1.me,False,NONE,"18.35, 25.91, 5.4, 2.16","A Montenegrin telecom provider site offering mobile plans, devices, home internet, and promotions."
1.am,https://50006277.com/,False,NONE,,An online gambling site operated by the Macau Galaxy Group offering various casino and betting games.
1.nz,http://1.nz,True,381000,"381000, 190500, 50800, 2537.73, 12700, 381000",1.nz is a premium New Zealand domain currently for sale with a Buy Now price listed in GBP.
1.rw,https://1.rw/,False,NONE,,A URL shortening service that creates compact links with analytics.
1.se,https://1.se/,False,NONE,,"1.se is a Swedish pilot platform for fast, easy-to-find information and published content."
1.sc,https://1.sc,True,181.82,181.82,"A landing page promoting premium email service on the 1.sc domain, with a fixed sale price for an email address."
1.ro,https://1.ro,False,NONE,53.06,A real estate page about a sold luxury villa at Durrat al Bahrain (Atoll 1).
1.st,http://1.st/,False,NONE,,"A parked domain page for 8.la with contact information (Email, QQ/WeChat, and Telegram)."
1.tc,https://1.tc/,False,NONE,,The content is simply '1.TC' with no sale information.
1.td,https://1.td/,False,NONE,,A 404 not found page indicating the deployment cannot be found.
1.sb,http://1.sb/,False,NONE,,The domain www.1.sb is under construction.
1.sh,http://1.sh/,True,NONE,,A landing page promoting the premium domain 1.sh available for sale.
1.to,http://1.to/,True,NONE,,A parked domain page for 1.to on Park.io inviting inquiries about purchase.
1.tt,https://1.tt,False,NONE,,"A website outlining Energy Filament Theory (EFT), a proposed unified physics framework."
1.kg,http://1.kg,True,1750,"57500, 13490, 45169, 257000, 13882, 11800, 100000, 25000, 12000, 7700, 181720, 169000, 115000, 85000, 57338, 44145, 19900, 10800, 6800000, 1500000, 350000, 60000, 1750, 123, 8900, 8900, 8900, 8900, 8900, 49000, 108000, 50000, 500000, 177000, 88580, 18000, 12000, 16800, 16800, 20, 4800, 400000, 19800, 8200, 100000, 30000, 100000, 150000, 100000, 50000, 12880, 12880, 12880, 22880, 52880, 12880, 12880, 12880, 12880, 12880, 12880, 78000, 3960, 2600, 2600, 2600, 2600, 2600, 3960, 4880, 2600, 8900, 8900, 8900, 108000, 80, 123, 59, 59, 59, 59, 59, 80, 50, 500, 53, 20, 80, 53, 20, 100, 53, 120, 48, 48, 48, 48, 48, 53, 60, 60, 27.16, 27.16, 27.16, 27.16, 27.16, 27.16, 27.16, 27.16, 27.16, 78000, 59, 59, 59, 59, 59, 58.85, 58.85, 58.85, 58.85, 58.85, 58.85, 58.85, 58.85, 58.85, 108000",A marketplace offering sale of extremely short one-letter and other short domain names.
1.tv,https://1.tv/,False,NONE,,"A default, system-generated confirmation page for a newly created website with FTP access."
1.uk,http://1.uk,True,499999,499999,"The domain 1.uk is for sale with a buy-now price of $499,999."
1.tm,http://1.tm/,False,NONE,,Promoting the premium .tm domain name 1.tm.
1.ua,http://1.ua,False,NONE,,Domain registration and search portal (Imena.ua) for Ukrainian and international domains.
1.vg,https://website.org/404?domain=1.vg,False,NONE,,Promotional page offering free website creation on the 1.vg domain managed by Website.org.
1.vu,https://1.vu,False,NONE,,"A corporate marketing site for CanaTec, a Montreal-based technology company offering a broad range of products and services worldwide."
2.ai,https://2.ai/,True,NONE,1000000,A private sale of the single-digit .ai domain portfolio (0.ai through 9.ai) for AI-focused enterprises.
2.ag,http://2.ag/,False,NONE,,The domain 2.ag is a parked domain page with contact information.
2.ar,https://2.ar,False,NONE,,"A Spanish-language guide and resource about premium domain names and their purchase, sale, and branding value."
2.ac,http://2.ac,True,NONE,,"A corporate domain registrar and hosting provider offering domain registration, hosting, and related services for businesses."
2.bo,https://2.bo/,False,NONE,,"An obfuscated, nonsensical page with a dubious .bo URL; no sale information."
2.cv,https://2.cv/,False,NONE,,2.cv is a domain name.
2.cz,https://2.cz/,False,NONE,,A 404 Not Found page indicating the requested host could not be found.
2.cg,http://2.cg/,False,NONE,,A parked domain page for 2.cg on 8.La with contact information.
1.pl,https://1.pl,False,NONE,"14.16, 21.36, 28.56, 47.76, 95.76, 109.92, 127.92, 174.96, 178.56, 179.76, 191.76, 247.92, 270.96, 431.76, 477.36, 527.76, 565.2, 623.76, 717.36, 767.76, 791.76, 799.92, 887.76, 1031.76, 1048.56, 1079.76, 1343.76, 1741.92, 1879.88",1.pl is an online retailer specializing in laptops and computer hardware.
2.de,https://2.de,False,NONE,0,German dating site offering a free basic membership.
2.dk,http://2.dk/,False,NONE,,The page is a one.com hosted site promoting website building and domain search services for the domain 2.dk.
2.ee,https://2.ee/,False,NONE,,"A minimal page for the domain 2.ee showing the domain name, a copyright notice, and a contact email."
1.mw,http://1.mw,True,1750,"57500, 13490, 45169, 257000, 13882, 11800, 100000, 25000, 12000, 7700, 100000, 25000, 500000, 181720, 169000, 115000, 85000, 57338, 44145, 19900, 11000, 6800000, 1500000, 350000, 60000, 110000, 123, 8900, 59, 8900, 59, 8900, 59, 8900, 59, 49000, 80, 110000, 50, 500000, 500, 177000, 53, 88580, 20, 4800, 20, 400000, 100, 19800, 8200, 100000, 120, 18000, 12880, 12880, 12880, 12880, 12880, 12880, 12880, 12880, 78000, 3960, 2600, 2600, 2600, 2600, 2600, 3960, 4880, 2600, 8900, 8900, 8900",A marketplace listing 1-character and other short domain names for sale with buy-now and auction options.
2.et,http://2.et/,False,NONE,,A domain offering a personalized creative email address at ab.cd.
2.fo,http://2.fo/,False,NONE,,Domain WHOIS query service page.
2.gs,https://2.gs/,True,NONE,,The domain 2.gs may be for sale.
2.gg,https://2.gg/,False,NONE,,Directory index page for 2.gg served by Apache.
1.ws,http://1.ws/,False,NONE,,Website.ws landing/parking page for the domain 1.ws.
2.gp,https://www.2.gp/,False,NONE,,URL shortening service with custom links and QR code generation.
2.hn,https://2.hn,True,NONE,,A domain-for-sale listing page for the domain 2.hn that accepts offers.
2.ht,https://2.ht/,False,NONE,,2.ht is a custom branded short domain for creating short links and redirects.
2.hm,http://2.hm/,True,NONE,,A domain name (2.hm) being offered for sale.
2.at,http://2.at,False,NONE,,A parked .at domain page by nic.at promoting a domain finder and security services.
2.io,http://2.io/,False,NONE,,2.io is a premium domain name.
2.la,https://2.la/,False,NONE,,The domain 2.la currently displays an error and has its services disabled.
2.is,https://2.is/,False,NONE,,An Icelandic private limited company named '2 ehf' that provides construction contracting services.
2.je,https://website.org/404?domain=2.je,False,NONE,0,"A free website creation service for the 2.je domain, managed by Website.org."
2.kz,https://2.kz/,False,NONE,,A page about the Southpole brand and the phrase '1998 footprints'.
2.ly,https://www.2.ly/,False,NONE,,"A URL shortening service offering custom links, QR codes, and visit statistics."
2.pe,https://2.pe/,False,NONE,,A 404 Not Found error page indicating a missing or deleted link.
2.mr,http://ww53.2.mr/challenge?next=/,False,NONE,,"The domain 2.mr, a Mauritania country-code top-level domain."
2.pn,http://2.pn/,False,NONE,,A contact page instructing visitors to reach out via the email gxlhome@gmail.com.
2.rw,https://2.rw/,False,NONE,0,"A free desktop tool to capture a screen area, auto-upload the image, and share a link."
2.pl,https://t.pl/,False,NONE,,"Polish email service offering a ty@t.pl mailbox with large capacity, anti-spam protection, access via web and mail client, and no ads."
2.sb,https://2.sb/,False,NONE,,A generic 404 Not Found page indicating the requested URL is unavailable.
2.ro,https://www.2.ro/,False,NONE,,"Real estate listing page offering a condominium for sale in the Sony Center, Berlin."
2.sv,https://business.directions.app/travelsense/submitform,False,NONE,,An invitation-based travel platform for content creators and influencers called TravelSense/TravelNet.
2.sh,http://2.sh/,False,NONE,,A landing page promoting the premium domain 2.sh.
2.cn,http://2.cn/,False,NONE,,"Private Chinese personal website seeking venture capital to build a large commercial platform and buying source code for classifieds, dating, and auction sites."
2.tm,http://2.tm/,False,NONE,,A premium .tm domain name marketing page for 2.tm.
2.tl,https://2.tl/,True,12700,12700,"The domain 2.tl is for sale, listed at 10,000 GBP (about $12,700)."
2.ie,http://2.ie,True,NONE,"57500, 13490, 45169, 257000, 13882, 11800, 100000, 25000, 500000, 181720, 169000, 115000, 85000, 57338, 44145, 19900, 11000, 6800000, 1500000, 350000, 60000, 1750, 123, 8900, 59, 49000, 80, 177000, 53, 88580, 20, 4800, 400000, 100, 19800, 8200, 12000, 16800, 78000, 3960, 2600, 50000, 12880, 18000, 110000, 59000, 3850, 30000, 150000",A marketplace offering short one-letter and other brief domain names for sale.
2.ua,http://2.ua,True,NONE,,2.ua is a domain for sale.
2.tt,https://136.110.78.123:9670/,False,NONE,,A promotional page guiding users to add a lightweight app version to their desktop/home screen and download the app.
2.mw,http://2.mw,True,1750,"57500, 13490, 45169, 257000, 13882, 11800, 100000, 25000, 12000, 7700, 100000, 25000, 500000, 181720, 169000, 115000, 85000, 57338, 44145, 19900, 6800000, 1500000, 350000, 60000, 11000, 1750, 80, 123, 8900, 59, 8900, 59, 8900, 59, 8900, 59, 49000, 80, 110000, 50, 50000, 204, 500000, 500, 177000, 53, 88580, 20, 18000, 80, 12000, 80, 16800, 84, 16800, 84, 20, 4800, 20, 400000, 100, 19800, 80, 8200, 53, 100000, 120, 30000, 48, 100000, 48, 150000, 48, 100000, 48, 50000, 48, 12880, 53, 12880, 60, 12880, 60, 59000, 58.85, 3850, 58.85, 3850, 58.85, 3850, 58.85, 3850, 58.85, 4730, 58.85, 3850, 58.85, 22880, 58.85, 52880, 58.85, 12880, 58.85, 22880, 58.85, 12880, 58.85, 12880, 58.85, 12880, 58.85, 12880, 58.85, 52880, 58.85, 12880, 58.85, 12880, 27.16, 12880, 27.16, 12880, 27.16, 12880, 27.16, 12880, 27.16, 78000, 27.16, 3960, 59, 2600, 59, 2600, 59, 2600, 59, 2600, 59, 3960, 59, 4880, 59, 2600, 59, 8900, 59, 8900, 59, 8900, 59",A marketplace listing one-letter and other short domain names for sale.
3.ag,https://www.god.dad/,False,NONE,,This is the domain name god.dad.
3.am,http://3.am/,False,NONE,,The domain is currently unavailable and not for sale.
3.ai,https://3.ai/,True,NONE,1000000,"A premium, invite-only sale of the 0.ai to 9.ai single-digit .ai domain portfolio."
3.ac,http://3.ac,True,NONE,,A parked domain page indicating the domain is for sale and offering related services.
2.to,http://2.to/,False,NONE,,"The site currently returns a 404 Not Found error, indicating the page is missing."
3.at,http://3.at/,False,NONE,,A parked nic.at domain page advertising a domain finder and security services for .at domains.
3.cg,http://3.cg/,False,NONE,,A parked domain page with contact details for inquiries.
3.bo,https://3.bo/,False,NONE,,"An obfuscated, domain-like string with garbled text; no sale information detected."
3.cr,http://3.cr/,False,NONE,,A generic success message indicating a new web server is ready to use.
2.kg,http://2.kg,True,1750,"57500, 13490, 45169, 257000, 13882, 11800, 100000, 25000, 12000, 7700, 100000, 25000, 500000, 181720, 169000, 115000, 85000, 57338, 44145, 19900, 11000, 6800000, 1500000, 60000, 1750, 80, 123, 8900, 59, 8900, 59, 8900, 59, 8900, 59, 49000, 80, 110000, 50000, 204, 500000, 177000, 53, 88580, 20, 18000, 80, 12000, 80, 16800, 16800, 20, 4800, 400000, 100, 19800, 80, 8200, 53, 100000, 120, 30000, 48, 100000, 150000, 100000, 50000, 12880, 12880, 12880, 12880, 12880, 12880, 12880, 12880, 78000, 3960, 2600, 2600, 2600, 2600, 2600, 3960, 4880, 2600, 8900, 8900, 8900, 8900, 49000, 110000, 177000, 88580, 20, 18000, 80, 12000, 80, 16800, 16800, 20, 4800, 400000, 100, 19800, 80, 8200, 53, 100000, 120, 30000, 48, 100000, 150000, 100000, 50000, 12880, 12880, 12880, 12880, 12880, 12880, 12880, 12880, 78000, 3960, 2600, 2600, 2600, 2600, 2600, 3960, 4880, 2600, 8900, 8900, 8900, 8900, 49000, 110000, 177000, 88580, 80, 12000, 80, 16800, 16800, 20, 4800, 400000, 100, 19800, 80, 8200, 53, 100000, 120, 30000, 48, 100000, 150000, 100000, 50000, 12880",A marketplace selling one-letter and other ultra-short domain names.
3.cn,https://3.cn,False,NONE,158800000000,"JD.com is the corporate website of JD.com, a technology-driven e-commerce and logistics company."
2.ws,http://2.ws/,False,NONE,,Website.ws provides internet address services; this is its landing page.
3.cm,https://3.cm/,False,NONE,,A minimal placeholder page displaying '3 cm' with underscores; no sale information is shown.
3.ee,https://3.ee/,False,NONE,,It's a contact page for the 3.ee domain.
3.gg,https://3.gg/,False,NONE,,A minimal placeholder webpage showing a Hello World message.
3.fo,https://go2.cx/,False,NONE,,This is a privately used website.
3.et,http://3.et/,False,NONE,,A domain offering a personalized creative mailbox service at ab.cd.
3.cz,https://3.cz/,False,NONE,,A Czech domain 3.cz with copyright notice and privacy policy.
3.gp,https://3.gp/,True,NONE,,The domain 3.gp appears to be for sale.
3.hm,http://3.hm/,True,NONE,,A domain name for sale (3.hm).
3.gt,https://3.gt,False,NONE,,Canadian technology brand domain promoting Canadian products and services worldwide.
3.hn,http://3.hn/,True,NONE,,3.hn is a parked domain with contact details for sale.
3.io,http://3.io/,True,NONE,,3.io is a parked domain with contact details to inquire about purchasing.
3.is,https://3.is,False,NONE,,3.is is a Web3 contract indexing platform that indexes on-chain data across multiple networks.
3.gd,https://www.coze.cn/store/agent/7384772467690324003?bid=6cv0atdnk601j&panel=1&shareId=7384788932107583539,False,NONE,,A site about buttons.
3.ie,https://3.ie,False,NONE,"0, 21.6, 290.52, 50.76, 70.2, 63.72, 16.2",A Three mobile network site offering SIM-only plans and smartphone deals in Ireland.
3.kz,https://3.kz/,False,NONE,,Placeholder page with decorative symbols and no content.
3.gl,http://www.3.gl/,True,NONE,1.5,A parked domain page from Netim offering domain names and hosting with a contact option to purchase the domain.
3.dk,https://3.dk,False,3,"0.4, 136.4, 12.0, 696.0, 1133.2, 1349.2, 183.2, 1319.87, 1535.87, 386.53, 602.53, 901.33, 1117.33, 0.4, 0.4, 216.4, 1146.67, 1362.67, 33.0, 9.66, 22.53, 28.67","A Danish telecom deals site offering mobile plans, 5G home internet, and discounted smartphones."
3.je,https://3.je,False,NONE,,A professional cleaning company in Ely offering domestic and commercial cleaning services.
3.me,https://3.me,False,NONE,,A free AI-powered branding name generator and .ME domain information site.
2.vg,http://2.vg,True,1750,"57500, 13490, 45169, 257000, 13882, 11800, 100000, 25000, 12000, 7700, 100000, 25000, 500000, 181720, 169000, 115000, 85000, 57338, 44145, 19900, 11000, 6800000, 1500000, 350000, 60000, 1750, 80, 123, 8900, 49000, 18000, 12000, 16800, 16800, 4800, 400000, 19800, 8200, 88580, 177000, 50000, 30000, 100000, 150000, 100000, 50000, 78000, 3960, 2600, 4880, 8900, 12880, 12880, 12880, 12880, 12880, 12880, 12880, 12880, 12880, 12880, 12880, 110000, 11000, 20000",A marketplace for ultra-short domain names (1-letter to 2-3 letter) for sale.
3.ly,https://www.3.ly/,False,NONE,,3.ly is a URL shortening service that creates short links and QR codes with visit statistics.
3.mr,http://ww53.3.mr/challenge?next=/,False,NONE,,3.mr is a domain name using the .mr country-code top-level domain.
3.ls,http://3.ls,False,NONE,"8.0, 0.83","A personal tech blog about cloud services, domain management, and daily musings."
3.ar,http://3.ar,False,NONE,,"Domain parking page offering cloud hosting, domains, and encrypted email services."
3.nz,http://3.nz,True,384000,"384000, 192000, 1280, 6398.72, 320",Premium domain 3.nz currently for sale.
3.rw,https://3.rw/,False,NONE,,A privacy-focused file transfer service that supports one-time downloads with end-to-end encryption and self-deletion.
3.sb,https://3.sb/,False,NONE,,A 404 Not Found page indicating the requested URL is unavailable.
3.ro,https://3.ro/,False,NONE,,A page about South Pole 1998 footprints.
3.pn,http://3.pn/,False,NONE,,A page displaying a contact email for inquiries.
3.st,https://3.st,False,NONE,,A personal blog about internet culture and forums on the 3.st domain.
3.pl,http://3.pl/src/login.php,False,NONE,,Login page for the Poczta 3.PL email service.
3.sh,http://3.sh/,False,NONE,,A premium .sh domain name page for 3.sh.
3.se,https://3.se,False,NONE,"40.82, 53.55, 54.45, 47.18, 523.64, 36.27, 13.55, 544.55","A Swedish mobile network operator site offering mobile plans, broadband, and promotions."
3.to,https://3.to/,True,NONE,,The domain 3.to is a parked domain for sale.
3.vu,https://3.vu/,False,NONE,,A domain name: 3.vu.
3.tm,http://3.tm/,False,NONE,,A landing page promoting the premium 3.tm domain name.
3.kg,http://3.kg,True,1750,"57500, 13490, 45169, 257000, 13882, 11800, 100000, 25000, 12000, 7700, 6800000, 1500000, 350000, 60000, 181720, 169000, 115000, 85000, 57338, 44145, 19900, 110000, 11000, 177000, 88580, 18000, 12000, 16800, 16800, 20, 4800, 400000, 19800, 8200, 30000, 150000, 50000, 500000, 12880, 12880, 12880, 12880, 12880, 12880, 12880, 12880, 12880, 12880, 78000, 3960, 2600, 2600, 2600, 2600, 2600, 3960, 4880, 2600, 8900, 8900, 8900, 8900, 8900, 49000, 100000, 30000, 110000, 150000, 60000, 12880, 59000, 3850, 3850, 3850, 3850, 3850, 3850, 4730, 22880, 52880, 12880, 22880, 12880, 78000, 3960, 2600, 4880, 19800, 8200",A marketplace listing the shortest one- and two-character domain names for sale.
3.mk,http://3.mk,True,NONE,"57500, 13490, 45169, 257000, 13882, 11800, 100000, 25000, 12000, 7700, 500000, 181720, 169000, 115000, 85000, 57338, 44145, 10800, 6800000, 1500000, 350000, 60000, 1750, 123, 8900, 59000, 30000, 400000, 19800, 8200, 12880, 78000, 3960, 2600, 3780, 4644, 49000, 108000, 50, 177000, 88580, 18000",A marketplace offering short domain names (1-letter and other short variants) for sale.
3.ua,https://3.ua,False,NONE,4500000,"A Ukrainian online news portal covering industry, IT, export, infrastructure, business, culture, sport and medicine."
3.uk,https://3.uk,False,NONE,"182.88, 594.36, 35.56, 25.4, 28.32, 31.24, 63.5, 127.0, 91.44, 274.32, 469.9, 582.93, 6.35, 1.27","Three UK site offering mobile, broadband, and SIM-only deals."
4.ar,https://4.ar,False,NONE,,"A site about premium domain names, their value, and investment opportunities."
4.ai,https://4.ai/,True,NONE,1000000,A premium sale listing for the single-digit .ai domain portfolio (0.ai–9.ai).
4.ac,http://4.ac,True,NONE,,A domain-for-sale landing page for the domain 4.ac.
4.at,https://4.at/,False,NONE,,4.at is a service operated by sourceWAY GmbH that hosts or manages domains under the 4.at namespace.
4.cc,https://fh7dzudh.vip/3cLRy,False,NONE,,A minimal page that displays only the word 'Title' and has no sale information.
4.bo,https://4.bo/,False,NONE,,An obfuscated string containing a URL with no sale information.
3.mw,http://3.mw,True,1750,"57500, 13490, 45169, 257000, 13882, 11800, 100000, 25000, 12000, 7700, 100000, 25000, 12000, 7700, 100000, 25000, 181720, 169000, 115000, 85000, 57338, 44145, 19900, 11000, 6800000, 1500000, 350000, 60000, 1750, 123, 8900, 8900, 8900, 8900, 8900, 49000, 110000, 50000, 500000, 177000, 88580, 18000, 12000, 16800, 16800, 20, 4800, 400000, 19800, 8200, 100000, 30000, 100000, 150000, 100000, 50000, 12880, 12880, 12880, 12880, 12880, 12880, 12880, 12880, 12880, 12880, 12880, 12880, 12880, 12880, 78000, 3960, 2600, 2600, 2600, 2600, 2600, 3960, 4880, 2600, 8900, 8900, 8900, 110000",A marketplace offering ultra-short domain names (1-character to few-letter) for sale with buy-now options and historical sale data.
4.cg,http://4.cg/,True,NONE,,4.cg appears to be a parked domain offered for sale with contact options.
4.cr,https://4.cr/,False,NONE,,A domain name with the .cr country-code top-level domain.
4.et,http://4.et/,False,NONE,,A domain offering a personalized creative email address at ab.cd.
4.cl,https://sitios.cl/,False,NONE,"44.05, 77.27",Sitios.cl is a Chilean site directory portal listing websites and services.
4.dk,https://4.dk,False,NONE,,A Danish leadership and organizational change consultancy.
3.ws,http://3.ws/,False,NONE,,A landing page for the WEBSITE.WS domain.
4.fr,https://4.fr/,False,NONE,,An error page indicating a deployment could not be found (404 Not Found).
4.gp,https://www.4.gp/,False,NONE,,A URL shortening service that creates short links and QR codes.
4.gg,https://4.gg/,False,NONE,0,4.gg is a barcode-friendly URL shortener that generates barcodes which link to URLs.
4.fo,https://click.it.com/,False,NONE,"0.5, 0.5",A free URL shortening and UTM/deeplink generator service (cli.co) with an affiliate program.
4.hm,http://4.hm/,True,NONE,,The domain 4.hm is up for sale.
4.gt,https://4.gt,False,NONE,,A Canadian technology-driven company marketing and distributing a broad range of electronics and consumer goods worldwide.
4.hn,http://4.hn/,True,NONE,,Parked domain page for 4.hn with contact options for purchase.
4.io,http://4.io/,False,NONE,,A landing page promoting the premium 4.io domain name with no price listed.
4.is,https://4.is,False,NONE,,"A website listing Castle House Luxury Apartments in Reykjavik, Iceland, with studio and one-bedroom rental options and booking information."
4.je,https://website.org/404?domain=4.je,False,NONE,,4.je is a free website creation service offered by Website.org.
4.kz,https://4.kz/,True,NONE,,The domain 4.kz is for sale.
4.ke,http://4.ke/,True,NONE,,A premium domain (4.KE) is for sale.
4.me,https://4.me,False,NONE,,Branding and name-generation service promoting .ME domains to help users create a personal or business identity.
4.ly,https://www.4.ly/,False,NONE,,"A URL shortening service named Shrunken that creates short links, QR codes, and tracks visits."
4.my,https://4.my/,False,NONE,,A maintenance notice page for the PPT.cc website.
4.cn,https://4.cn,True,35000,"2092.44, 139.86, 321.44, 139.86, 139.86, 139.86, 35000, 2092.44, 1287.44, 69.86, 321.44, 273.14, 139.86, 840.0, 273.14, 139.86, 965.58, 139.86, 273.14, 1386.0, 4185.44, 160.44, 139.86, 139.86, 22400.0, 53200.0, 53200.0, 13720.0, 12320.0, 8372.0, 7700.0, 12320.0, 12320.0, 12320.0, 12320.0, 8372.0, 8372.0, 22400.0","A domain marketplace site for buying, selling, and auctioning domain names."
4.ie,http://4.ie,True,NONE,"57500, 13490, 45169, 257000, 13882, 11800, 100000, 25000, 12000, 7700, 500000, 181720, 169000, 115000, 85000, 57338, 44145, 19900, 11000, 6800000, 1500000, 350000, 60000, 1750, 123, 8900, 16800, 20, 400000, 19800, 8200, 30000, 110000, 150000, 50000, 12880, 59000, 3850, 78000, 3960, 2600, 4880, 49000",A marketplace listing short-domain and one-character domains for sale.
4.pn,http://4.pn/,False,NONE,,A domain offering a personalized creative email address at ab.cd.
4.nf,https://sedo.com/search/details/?partnerid=324561&language=us&domain=4.nf&origin=sales_lander_15&utm_medium=Parking&utm_campaign=offerpage,True,10900,10900,"The domain 4.nf is for sale with a buy-now price of about USD 10,900."
4.rw,https://4.rw/,False,NONE,,"A privacy-focused, zero-knowledge, end-to-end encrypted chat system that can be self-hosted and requires no account."
4.sb,https://4.sb/,False,NONE,,A 404 Not Found page indicating the requested URL is unavailable.
4.nz,http://4.nz/,False,NONE,"23.7, 4.95, 2.85, 23.7","4.nz is a parked domain page on 1st Domains offering domain registration, hosting, and email services."
4.to,https://4.to/,False,NONE,,A domain name with the label 4.to.
4.ro,https://4.ro,False,NONE,"70.4, 550.0, 8.25, 770.0","A German-language travel deals and gourmet industry news site that aggregates travel, hotel, and restaurant news and reviews."
4.pl,https://4.pl,True,124632.2,"124632.2, 153421.61, 0.28",A domain marketplace listing offering the domain 4.pl for sale.
4.tv,https://wfrercd.brs0uzb5inh8s7s.shop/,False,NONE,,A Chinese-language page about network status and security checks.
4.tm,http://4.tm/,False,NONE,,A landing page promoting the premium 4.tm domain.
5.am,https://gt330011.qy0566.com/bwwns,False,NONE,,A 403 Forbidden error page indicating restricted access.
5.ai,https://5.ai/,True,NONE,1000000,"A sale-focused pitch for a private, single-digit .ai domain portfolio aimed at major AI companies."
5.ag,http://5.ag,False,NONE,1100000000,"Camodo Automotive AG runs a free B2B online marketplace for tires, rims, and auto parts across Europe."
4.kg,http://4.kg,True,20,"57500, 13490, 45169, 257000, 13882, 11800, 100000, 25000, 500000, 181720, 169000, 115000, 85000, 57338, 44145, 19900, 6800000, 1500000, 350000, 60000, 1750, 123, 8900, 8900, 8900, 8900, 8900, 49000, 50, 50000, 11000, 110000, 177000, 88580, 18000, 12000, 16800, 16800, 20, 4800, 400000, 19800, 8200, 100000, 110000, 88580, 30000, 100000, 150000, 100000, 50000, 12880, 12880, 12880, 59000, 3850, 3850, 3850, 3850, 3850, 3850, 4730, 3850, 22880, 52880, 12880, 22880, 12880, 12880, 12880, 12880, 12880, 12880, 78000, 3960, 2600, 2600, 2600, 2600, 2600, 3960, 4880, 2600, 8900, 8900, 8900, 60000, 7700, 7700","Marketplace listing for sale of short internet domain names, including 1-letter domains."
5.ac,http://5.ac,True,NONE,,A domain name landing page offering the domain for sale.
5.at,https://5.at/,False,NONE,,A parked domain page for 5.at using Sedo Domain Parking.
5.ar,https://5.ar,False,NONE,"100, 1000000",A Spanish-language guide about premium domain names and investing in them.
5.cl,https://5.cl/,False,NONE,,A parked domain page for 5.cl served by Sedo Domain Parking.
5.bo,https://5.bo/,False,NONE,,"A garbled string of .bo domain fragments and a partial URL, with no sale information."
5.cg,http://5.cg/,True,NONE,,A parked domain page for 5.cg with contact details indicating it's for sale.
5.cm,https://103.48.6.218:35089/?id=835169922,False,NONE,,A security-check gateway page for a gaming site with CNY and USDT game options.
5.cr,https://5.cr,True,5888,"5888, 421.97",Premium domain sale page for the 5.cr domain.
5.de,https://5.de,False,NONE,,"5.de is a free, independent product and service comparison portal that tests and compares offers to help users find the best deal online."
5.ee,https://5.ee/,False,NONE,,A minimal contact page on the 5.ee domain with a 'Get in touch' form.
5.et,http://5.et/,False,NONE,,A domain offering a personalized creative email service at ab.cd.
5.dk,http://5.dk/,False,NONE,,A landing page for one.com domain hosting and website-building services.
5.cx,https://5.cx,False,NONE,,"A personal Chinese blog about domain names, retro hardware, and tech news."
5.fo,https://5.fo,False,NONE,,"A gourmet restaurant and bar in Stuttgart, Germany."
5.gs,https://5.gs/,True,NONE,,The domain 5.gs appears to be for sale.
5.gp,https://www.5.gp/,False,NONE,,"A URL shortening service offering custom links, QR codes, and visit statistics."
4.ws,http://4.ws/,False,NONE,,A parked domain landing page for website.ws.
5.fr,http://ww53.5.fr/challenge?next=/,False,NONE,,The domain 5.fr.
5.gt,https://5.gt,False,NONE,,"Corporate marketing site for CanaTec, a Montreal-based technology company."
4.mw,http://4.mw,True,1750,"57500, 13490, 45169, 257000, 13882, 11800, 100000, 25000, 12000, 7700, 100000, 25000, 12000, 7700, 6800000, 1500000, 350000, 60000, 1750, 80, 123, 8900, 59, 8900, 59, 8900, 59, 8900, 59, 49000, 80, 110000, 50, 50000, 204, 500000, 500, 177000, 53, 88580, 20, 18000, 80, 12000, 80, 16800, 84, 16800, 84, 20, 4800, 20, 400000, 100, 19800, 80, 8200, 53, 100000, 120, 30000, 48, 100000, 48, 150000, 48, 100000, 48, 50000, 48, 12880, 53, 12880, 60, 12880, 60, 59000, 58.85, 11000, 3850, 58.85, 3850, 3850, 3850, 3850, 3850, 4730, 3850, 22880, 58.85, 52880, 12880, 22880, 12880, 12880, 12880, 12880, 12880, 52880, 12880, 12880, 12880, 78000, 3960, 2600, 2600, 2600, 2600, 2600, 3960, 4880, 2600, 8900, 8900, 8900",A marketplace listing short one-letter/one-character domain names for sale with fixed buy-now options and renewal costs.
5.hn,https://5.hn/,True,NONE,,A domain 5.hn for sale with a make-offer option via spaceship.com.
5.hm,http://5.hm/,True,NONE,,The domain 5.hm is offered for sale.
5.ke,https://5.ke/,True,NONE,,The domain 5.ke is for sale.
5.kz,https://5.kz/,True,NONE,,The domain 5.kz is for sale.
5.me,https://5.me,False,NONE,,A free AI-powered branding tool that generates brand names and provides information about .ME domains for personal and business identities.
5.ie,https://www.5.ie/,True,NONE,"0, 540",The domain 5.ie is a premium domain name for sale with a minimum offer of €500.
5.la,http://5.la/,False,NONE,,5.la is a parked domain listing with contact details on 8.La.
5.mr,https://5.mr/,False,NONE,,A website is showing a 403 Forbidden error (access denied).
5.pe,https://5.pe/,True,NONE,,The domain 5.pe appears to be for sale.
5.lu,http://5.lu,False,NONE,,Nvision is a strategic and creative digital agency.
5.my,https://5.my,False,NONE,,"An article-based health information site focused on Alzheimer's disease, dementia care, and shingles."
5.ro,https://5.ro/,True,NONE,,A parked domain page indicating the domain is for sale.
5.sb,http://5.sb/,True,NONE,,A parked domain (5.sb) listed for sale with contact details.
5.se,http://5.se,False,NONE,,A Swedish domain registration and web hosting service provider (Odibo).
5.sv,https://inperson.page/robertp,False,NONE,,A contact/profile page for Robert Palinkas on TravelNet.
5.rw,https://5.rw/#/welcome,False,NONE,"800000, 16.5, 25, 150, 100000000",A free web-based RSS feed reader that aggregates multiple feeds.
5.sh,http://5.sh/,False,NONE,,Landing page promoting the 5.sh domain as a premium name with no price listed.
5.vg,https://5.vg/,False,NONE,,"Profile snippet of Alex, a developer at G-Research, describing skills and interests in technology, finance, and travel."
5.tm,http://5.tm/,False,NONE,,A landing page promoting the premium .tm domain name 5.tm.
6.ai,https://6.ai/,True,NONE,1000000,Sale listing for the premium single-digit .ai domain portfolio (0.ai to 9.ai) with a seven-figure minimum price.
6.af,https://6.af/,False,NONE,,A webpage displaying a 400 Bad Request error from nginx (server error).
5.uk,https://www.powernames.co/,False,NONE,,A directory-like page listing various domain names and related services.
6.ar,https://6.ar,False,NONE,,"Spanish-language site providing information about premium domains and how to buy, sell, and invest in them."
5.ua,https://5.ua,False,NONE,,A Ukrainian news channel website providing the latest news in Ukraine and worldwide.
6.ac,http://6.ac,True,NONE,,A parked domain page indicating the 6.ac domain is for sale.
5.kg,http://5.kg,True,1750,"57500, 13490, 45169, 257000, 13882, 11800, 100000, 25000, 12000, 7700, 100000, 25000, 500000, 181720, 169000, 115000, 85000, 57338, 44145, 19900, 11000, 6800000, 1500000, 350000, 60000, 20, 4800, 400000, 19800, 8200, 49000, 50000, 177000, 88580, 12000, 16800, 16800, 20, 4800, 400000, 19800, 8200, 100000, 30000, 100000, 150000, 100000, 50000, 12880, 59000, 3850, 4730, 22880, 52880, 78000, 3960, 2600, 2600, 2600, 2600, 2600, 2600, 3960, 4880, 2600, 8900, 8900, 8900, 49000, 177000, 88580, 12000, 16800, 12880, 78000, 3960, 2600, 2600, 2600, 2600, 2600, 2600, 3960, 4880, 2600, 8900, 8900, 8900",One-character and other short-domain marketplace listing sale prices and buy-now options.
6.cg,http://6.cg/,False,NONE,,"The domain 6.cg appears to be parked on 8.La, with contact details provided."
6.bo,https://6.bo/,False,NONE,,An obfuscated URL string with no indication that the domain is for sale.
6.dk,http://6.dk/,False,NONE,,6.dk is a domain hosted by one.com offering website building and domain services.
6.cr,https://6.cr,True,5888,"5888, 421.97, 1000, 1800","A premium domain, 6.cr, is listed for sale on a domain marketplace."
6.cn,https://6.cn,False,NONE,14.29,A Chinese online live video entertainment and streaming platform.
6.ee,https://domeeninimi.ee/6.ee,True,NONE,,A for-sale domain listing for 6.ee.
6.et,http://6.et/,False,NONE,,A personalized creative email address at ab.cd.
5.mw,http://5.mw,True,20,"57500, 13490, 45169, 257000, 13882, 11800, 100000, 25000, 12000, 7700, 110000, 13200, 500000, 181720, 169000, 115000, 85000, 57338, 44145, 19900, 6800000, 1500000, 350000, 60000, 1750, 123, 8900, 59, 49000, 50000, 204, 177000, 53, 88580, 20, 18000, 16800, 4800, 400000, 100, 19800, 8200, 30000, 150000, 59000, 3850, 4730, 22880, 52880, 78000, 3960, 2600, 4880, 12880, 11000",A marketplace listing and selling 1-character domain names (short internet domains) for investment.
5.ws,http://5.ws/,False,NONE,,A parked domain landing page for website.ws.
6.gs,https://6.gs/,True,NONE,,A domain (6.gs) that may be for sale.
6.fo,https://6.fo/,False,NONE,,"A hosting service site offering server rentals, billing, and customer support."
6.gt,http://6.gt/,False,NONE,,A hosting setup confirmation page with file upload instructions.
6.hn,https://introvert.com/?domain=6.hn,True,NONE,,Introvert.com is a domain name for sale.
6.gp,https://www.6.gp/,False,NONE,,A URL shortening service called Shrunken.
6.hr,http://6.hr/,False,NONE,,A contact page showing an email address for inquiries.
6.hm,http://6.hm/,True,NONE,,A domain name (6.hm) that is for sale.
6.is,https://6.is/,True,,,The domain 6.is is for sale.
6.je,https://website.org/404?domain=6.je,False,NONE,,6.je is a free website creation domain managed by Website.org.
6.io,http://6.io,True,200000,"200000, 8625, 20000",6.io is a domain name for sale listed on Atom's marketplace.
6.kz,https://6.kz/,True,NONE,,The domain 6.kz is for sale.
6.ie,https://6.ie,True,9776.8,"9776.8, 700.67, 1000, 1800",6.ie is a premium domain name offered for sale on a domain marketplace.
6.cx,http://6.cx/,True,NONE,,The domain 6.cx is for sale on West.cn.
6.lu,http://6.lu,False,NONE,,Luxembourg-based digital strategy and creative agency named Nvision.
6.ly,https://www.6.ly/,False,NONE,,6.ly is a URL shortening service powered by Shrunken.
6.la,http://6.la/,False,NONE,,"6.la is a parked domain page showing contact details (email, QQ/WeChat, Telegram)."
6.me,https://6.me,False,NONE,,A free AI-powered branding/name generator that helps you create a personal brand name and promotes .ME domains.
6.my,https://6.my,False,NONE,,A WordPress theme site offering a catalog of classic films.
6.ls,https://6.ls,False,NONE,,A personal Chinese blog and domain portfolio featuring short domain names and nostalgia-tech content.
6.pl,https://6.pl/,False,NONE,,A site for the domain 6.pl.
6.pn,http://6.pn/,False,NONE,,A page containing a contact email address for inquiries.
6.sc,https://6.sc/,True,NONE,,The domain 6.sc may be for sale.
6.ro,https://6.ro/,False,NONE,,A parked domain page for 6.ro generated via Sedo Domain Parking.
6.rw,https://6.rw/,False,NONE,,"A landing page for Colla6 Connect, a modern team collaboration and messaging platform."
6.mr,https://6.mr,False,NONE,,"A personal medical professional's blog documenting daily work, study, and tech notes."
6.sb,http://6.sb/,False,NONE,,The 6.sb domain is parked and displays contact details.
6.sh,http://6.sh/,False,NONE,,A premium .sh domain name landing page for 6.sh.
6.td,https://ozora.me/,False,NONE,,"A personal blog site for Len Ozora with archives, categories, and tags."
6.mk,http://6.mk/,False,NONE,,A 404 Not Found error page.
6.tl,https://introvert.com/?domain=6.tl,True,NONE,,A domain for sale page for introvert.com.
6.to,https://6.to,False,NONE,,"Web3-based platform for publishing, sharing, and monetizing digital content using AB credits."
6.nf,http://6.nf/,False,NONE,,A parked domain registered and managed by INWX.
6.ua,http://6.ua/,False,NONE,,A list of adult/porn-related domain names and related terms.
6.tv,https://liutv.liutvliutv.cc:6677/,False,NONE,,A Chinese landing page prompting users to click to enter a security check.
6.vu,https://6.vu/,False,NONE,,This is a 404 Not Found error page indicating the requested URL is unavailable.
6.tm,http://6.tm/,False,NONE,,Promotional page for the premium 6.tm domain name.
7.ai,https://7.ai/,True,NONE,1000000,Private sale listing for premium single-digit .ai domain names (0.ai through 9.ai) with a seven-figure minimum price.
7.ag,http://7.ag/,False,NONE,,The domain 7.ag is a parked domain page with contact information for inquiries.
7.ar,https://7.ar,False,NONE,,"A Spanish-language site about premium domain names and how to buy, sell, and invest in them."
7.am,https://7.am,False,NONE,,Rhapsody of Realities devotional site announcing its move to RhapsodyNow.co.za.
6.sv,http://6.sv,True,1750,"57500, 13490, 45169, 257000, 13882, 11800, 100000, 25000, 12000, 7700, 11000, 181720, 169000, 115000, 85000, 57338, 44145, 19900, 11000, 6800000, 1500000, 110000, 350000, 60000, 1750, 123, 8900, 8900, 8900, 8900, 8900, 49000, 177000, 50000, 500000, 177000, 88580, 18000, 12000, 16800, 16800, 20, 4800, 400000, 19800, 8200, 100000, 30000, 100000, 150000, 100000, 50000, 12880, 14168, 14168, 14168, 14168, 14168, 14168, 14168, 14168, 14168, 85800, 3960, 2600, 2600, 2600, 2600, 2600, 2600, 3960, 4880, 2600, 8900, 8900, 8900, 11000, 58168, 25168, 14168, 25168, 14168, 14168, 14168, 14168, 14168, 14168, 14168, 14168, 85800, 27.16, 53",A marketplace listing 1-char/short domain names for sale with multiple buy-now and sale prices.
7.ac,http://7.ac,True,NONE,,A domain registration and hosting services landing page for the 7.ac domain.
7.at,https://7.at,False,NONE,"0.99, 2.49, 0.49, 0.0",A web-based email service offering personalized addresses with storage and webmail features.
6.kg,http://6.kg,True,1750,"57500, 13490, 45169, 257000, 13882, 11800, 100000, 25000, 12000, 7700, 100000, 25000, 500000, 181720, 169000, 115000, 85000, 57338, 44145, 19900, 11000, 6800000, 1500000, 350000, 60000, 6800000, 1500000, 350000, 60000, 1750, 80, 8900, 59, 49000, 110000, 50000, 500000, 177000, 88580, 18000, 12000, 16800, 20, 4800, 19800, 8200, 100000, 30000, 150000, 50000, 12880, 78000, 3960, 2600, 4880, 2600, 8900, 50, 53, 204, 500, 500, 177000, 30000, 100000, 150000, 100000, 27.16, 27.16, 27.16, 27.16, 27.16, 27.16, 27.16, 27.16, 27.16, 58.85",Marketplace for 1-letter/short internet domains listed for sale with buy-now options.
7.cr,https://7.cr,False,NONE,,"A content site featuring articles on small business growth, sustainability, and technology by Kevin Sindhu."
7.bo,https://7.bo/,False,NONE,,"An obfuscated string that seems to encode a URL or domain, with no sale information."
7.cg,http://7.cg/,False,NONE,,A parked domain page for 7.cg with contact details and no price listed.
7.cx,https://7.cx/,False,NONE,,A Chinese-language page bearing the phrase '善护念' with a copyright notice for the domain 7.cx.
7.et,http://7.et/,False,NONE,,"A domain offering custom, creative email addresses at ab.cd."
7.cl,https://7.cl,True,20000,"20000, 1433.33, 1650",Premium domain 7.cl is for sale.
7.gp,https://7.gp/,True,NONE,,A domain name (7.gp) listed for sale.
7.ee,https://7.ee/,True,NONE,,A parked domain page with contact details suggesting it may be for sale.
7.gs,https://7.gs/,True,NONE,,A domain name listing indicating that 7.gs may be for sale.
7.dk,https://7.dk,False,NONE,"140, 70, 14, 1400, 14000","7.dk is Denmark's guide to online gambling, covering sportsbooks, casinos, bingo, and lotteries."
6.mw,http://6.mw,True,NONE,"57500, 13490, 45169, 257000, 13882, 11800, 100000, 25000, 12000, 7700, 100000, 25000, 500000, 181720, 169000, 115000, 85000, 57338, 44145, 19900, 11000, 6800000, 1500000, 350000, 60000, 1750, 123, 8900, 8900, 8900, 8900, 8900, 49000, 110000, 50000, 500000, 177000, 88580, 18000, 12000, 16800, 16800, 20, 4800, 400000, 19800, 8200, 100000, 30000, 100000, 150000, 100000, 50000, 12880, 12880, 12880, 12880, 12880, 12880, 12880, 12880, 78000, 3960, 2600, 2600, 2600, 2600, 2600, 3960, 4880, 2600, 8900, 8900, 8900, 8900, 8900, 59000, 3850, 3850, 3850, 3850, 3850, 3850, 3850, 4730, 22880, 52880, 12880, 22880, 12880, 12880, 12880, 12880, 12880, 52880, 12880, 12880, 12880, 12880, 12880, 12880, 12880, 78000, 3960, 2600, 2600, 2600, 2600, 2600, 3960, 4880, 2600, 8900, 8900, 8900, 8900, 8900, 110000, 30000",A marketplace listing for one-letter and other short-domain names for sale.
7.ht,http://7.ht/,False,NONE,,A 404 error page indicating the requested page could not be found.
7.gl,https://7.gl/,True,50000,50000,7.gl is a domain name currently offered for sale.
6.vg,http://6.vg,True,1750,"57500, 13490, 45169, 257000, 13882, 11800, 100000, 25000, 12000, 7700, 500000, 181720, 169000, 115000, 85000, 57338, 44145, 19900, 10800, 6800000, 1500000, 350000, 60000, 108000, 1750, 80, 123, 8900, 59, 49000, 20, 4800, 400000, 19800, 8200, 30000, 50000, 12880, 59000, 3780, 22880, 52880, 78000, 3960, 2600, 4644, 88580",A domain marketplace selling ultra-short 1-letter and other short domain names.
7.hr,https://7.hr/,True,NONE,,The domain 7.hr is for sale and appears on a Sedo parking page.
7.hm,http://7.hm/,True,NONE,,A domain name (7.hm) currently offered for sale.
7.gt,https://7.gt,False,NONE,,Canada-based technology-driven brand promoting Canadian products and services worldwide.
6.ws,http://6.ws/,False,NONE,,Website.ws is a domain/website service with the tagline 'Your Internet Address For Life'.
7.is,https://7.is,False,NONE,,A management-consultancy focused on improving operations through management systems and ISO standards.
7.je,https://website.org/404?domain=7.je,False,NONE,,Promotional page offering a free 7.je website registered through Website.org.
6.nu,http://6.nu/,False,NONE,,A parked domain page by Loopia promoting domain services and hosting.
7.kz,https://7.kz/,True,NONE,,The domain 7.kz is for sale.
7.ie,https://www.7.ie/,True,NONE,"0, 545","7.ie is a premium domain name offered for sale by DomainSmiths Limited, with a minimum offer of €500."
7.la,http://7.la/,False,NONE,,The domain 7.la is parked.
7.ls,https://7.ls/,False,NONE,,A 404 error page indicating the requested link is not available.
7.ly,https://www.7.ly/,False,NONE,,A URL shortening service powered by Shrunken.
7.my,https://7.my,False,NONE,,7.my is a directory-style information site offering articles across a wide range of topics.
7.mr,http://ww53.7.mr/challenge?next=/,False,NONE,,7.mr is a domain name with the .mr TLD (Mauritania).
7.nf,https://7.nf/,False,NONE,,A Chinese-language webpage for an unnamed Miku interface with audio controls and fullscreen mode.
7.nz,https://adomino.net/de/domain/eyJpdiI6IkdRM2dMUzhIRWhUckVqeWZLS2tmd1E9PSIsInZhbHVlIjoiM2lrUE04Q3ltN3dpUlJVZWNSaFB3dz09IiwibWFjIjoiNmY3Mjk2YTdlZTc5YjkyNDE1NTQwZmY0ZjljNTcxZDA1MDcxZmMzN2VjOThmZDUyZTRmOWVmYThjNTkyYzQwZCJ9,True,NONE,,The domain 7.nz is for sale and you can request a price quote from the owner.
7.ro,https://7.ro/,False,NONE,,7.ro is a Romanian domain name.
7.mk,https://www.7.mk/,False,NONE,"5.2, 5.04","A Macedonian fast-food restaurant (7FastFood) in Skopje offering burgers and specials, with a notice of demolition."
7.pl,https://7.pl,False,NONE,,7.pl is a Polish premium car tuning and vehicle modification company that also sells premium cars.
7.sh,http://7.sh/,False,NONE,,Promotional page for the premium .sh domain 7.sh.
7.to,https://7.to/,True,NONE,,The domain 7.to is a parked domain being offered for sale.
7.ua,https://7.ua/,True,55000,55000,The domain 7.ua is for sale.
7.uk,http://7.uk,True,299999,299999,"Premium UK domain 7.uk listed for sale with a $299,999 buy-now price."
7.tm,http://7.tm/,False,NONE,,7.tm is a premium domain name.
8.ai,https://8.ai/,True,NONE,1000000,A private portfolio of single-digit .ai domain names offered for sale to major AI companies.
8.ag,http://8.ag/,False,NONE,,A parked domain (8.ag) with contact details listed.
8.ar,https://8.ar,False,NONE,,"A Spanish-language guide about premium domains and their purchase, sale, and investment, with a focus on Argentina."
8.af,https://8.af,False,NONE,,Windy's personal homepage with a large collection of links and mentions of various services.
7.gg,http://7.gg/,True,NONE,,The domain 7.gg is a single-digit domain offered for sale; contact via WeChat user DomainDream to purchase.
7.kg,http://7.kg,True,1750,"57500, 13490, 45169, 257000, 13882, 11800, 100000, 25000, 500000, 181720, 169000, 115000, 85000, 57338, 44145, 19900, 10800, 6800000, 1500000, 350000, 60000, 100000, 25000, 500000, 181720, 169000, 115000, 85000, 57338, 44145, 19900, 10800, 6800000, 1500000, 350000, 60000, 1750, 123, 8900, 8900, 8900, 8900, 8900, 49000, 80, 177000, 53, 88580, 20, 18000, 80, 12000, 84, 16800, 16800, 84, 20, 4800, 20, 400000, 100, 19800, 80, 8200, 53, 100000, 120, 30000, 48, 100000, 48, 150000, 48, 100000, 48, 50000, 12880, 12880, 12880, 59000, 58.85, 3780, 58.85, 3780, 58.85, 3780, 58.85, 3780, 4644, 3780, 22880, 52880, 12880, 22880, 12880, 12880, 12880, 12880, 12880, 12880, 78000, 27.16, 3960, 2600, 2600, 2600, 2600, 2600, 3960, 4880, 2600, 8900, 8900, 8900",A marketplace listing ultra-short one-character domain names for sale.
8.bo,https://8.bo/,False,NONE,,Obfuscated domain-like text with no sale information.
8.cl,https://8.cl,True,28888,"28888, 2070.31",A premium domain 8.cl is for sale on a domain marketplace.
8.cg,http://8.cg/,False,NONE,,The 8.cg domain is parked and shows contact information.
7.mw,http://7.mw,True,NONE,"57500, 13490, 45169, 257000, 13882, 11800, 100000, 25000, 12000, 7700, 6800000, 1500000, 350000, 60000, 500000, 181720, 169000, 115000, 85000, 57338, 44145, 19900, 11000, 110000, 50, 50000, 204, 53, 88580, 20, 18000, 80, 16800, 84, 4800, 400000, 100, 19800, 8200, 30000, 48, 150000, 12880, 60, 59000, 58.85, 3850, 4730, 22880, 52880, 78000, 3960, 2600, 4880, 8900, 59, 49000, 123, 177000, 110000, 3850",A marketplace site advertising sale of one-letter and other short domain names.
8.cv,https://8.cv/,False,NONE,,A paused deployment status message from a hosting/cloud service.
7.sv,http://7.sv,True,1750,"57500, 13490, 45169, 257000, 13882, 11800, 100000, 25000, 12000, 7700, 100000, 25000, 500000, 181720, 169000, 115000, 85000, 57338, 44145, 19900, 11000, 6800000, 1500000, 350000, 60000, 1750, 123, 8900, 8900, 8900, 8900, 8900, 49000, 110000, 50000, 500000, 177000, 88580, 18000, 12000, 16800, 16800, 20, 4800, 400000, 19800, 8200, 100000, 30000, 100000, 150000, 100000, 50000, 12880, 12880, 12880, 59000, 3850, 3850, 3850, 3850, 3850, 3850, 4730, 3850, 22880, 52880, 12880, 22880, 12880, 12880, 12880, 12880, 12880, 12880, 12880, 12880, 78000, 3960, 2600, 2600, 2600, 2600, 2600, 3960, 4880, 2600, 8900, 8900, 8900",A marketplace listing extremely short one-letter/character domain names for sale.
8.de,https://8.de/,False,NONE,,A German search portal promising fast and accurate search results.
8.cc,https://8cc10086.com/,False,NONE,,An online gambling and betting platform offering various casino-style games.
8.cr,https://8.cr,True,18888,"18888, 1353.64",Premium domain 8.cr is for sale with buy-it-now and lease-to-own options.
8.fo,https://8.fo/recaptcha/,False,NONE,,A contact form page for user inquiries.
8.gd,http://8.gd/,True,NONE,,8.gd is a premium short domain name offered for sale via Sedo.
8.ee,http://8.ee/,False,NONE,,8.ee is a parked domain with contact information; no sale price is listed.
7.ws,http://7.ws/,False,NONE,,A landing page for Website.ws promoting a lifetime internet address (domain service).
8.cx,http://8.cx/,True,999.00,"138.76, 41670000","8.cx is a domain name for sale with a buy-now price, offered through an escrow service."
8.gp,https://8.gp/,True,NONE,,The domain 8.gp is being offered for sale.
8.gm,http://8.gm,True,NONE,622221,8.gm is a domain for sale listed on Atom's domain marketplace.
8.gs,https://8.gs/,True,NONE,,The 8.gs domain appears to be for sale.
8.io,https://8.io/,False,NONE,,Exclusive members-only crypto casino site with regional access restrictions.
8.ke,https://8.ke/,True,NONE,,The 8.ke domain may be for sale.
8.je,https://website.org/404?domain=8.je,False,NONE,0,8.je is a free website creation/hosting service managed by Website.org.
8.ht,https://8.ht,True,18888,"18888, 18888, 1353.64",Premium domain 8.ht is for sale with a buy-now price and lease-to-own option.
8.ki,https://140.150.32.66/home/register,False,NONE,,"An online registration/login page that enforces password strength, requires users to be over 18, accept the user agreement, and ensures the account name matches the bank withdrawal name."
8.is,https://8.is,False,NONE,,"Allra Átta is an Icelandic WordPress web design, hosting and digital marketing company."
8.ls,https://8.ls/,True,8888,8888,"The domain 8.ls is for sale with a Buy Now price of $8,888."
8.mk,https://8.mk/,False,NONE,,This is the domain 8.mk.
8.ly,https://www.8.ly/,False,NONE,,"8.ly is a URL shortening service that creates short, shareable links and offers features like custom links, QR codes, and visit statistics."
7.vg,http://7.vg,True,1750,"57500, 13490, 45169, 257000, 13882, 11800, 100000, 25000, 12000, 7700, 100000, 25000, 500000, 181720, 169000, 115000, 85000, 57338, 44145, 19900, 11000, 6800000, 1500000, 350000, 60000, 1750, 80, 123, 8900, 59, 8900, 59, 8900, 59, 8900, 59, 8900, 59, 8900, 59, 49000, 80, 110000, 50, 50000, 204, 500000, 500, 177000, 53, 88580, 20, 18000, 80, 12000, 80, 16800, 84, 16800, 84, 20, 4800, 20, 400000, 19800, 8200, 53, 100000, 120, 30000, 48, 100000, 48, 150000, 48, 100000, 48, 50000, 48, 12880, 53, 12880, 60, 12880, 60, 59000, 3850, 3850, 3850, 3850, 3850, 3850, 4730, 3850, 22880, 52880, 12880, 22880, 12880, 12880, 12880, 12880, 12880, 12880, 78000, 3960, 2600, 2600, 2600, 2600, 2600, 3960, 4880, 2600, 8900, 8900, 8900",A marketplace for short one-character domain names and other short domains for sale.
8.mr,https://8.mr/,True,18888,18888,"8.mr is listed for sale with a buy-now price of $18,888."
8.nf,https://8.nf/lander,False,NONE,,The page is the copyright and privacy policy page for the 8.NF domain.
8.cn,http://8.cn/,False,NONE,,"A private personal website at www.8.cn seeking venture capital and offering to buy source code for classified ads, dating, and auction platforms."
8.pe,https://8.pe/,False,NONE,,The website content is not available for display.
8.pn,https://8.pn/,False,NONE,,A generic page about domains.
8.nu,http://8.nu/,False,NONE,,A minimal domain page for 8.nu with a counter and a Japanese message.
8.ie,http://8.ie,True,1750,"57500, 13490, 45169, 257000, 13882, 11800, 100000, 25000, 12000, 7700, 181720, 169000, 500000, 6800000, 1500000, 350000, 60000, 50000, 49000, 177000, 88580, 18000, 8200, 12880, 16800, 20, 4800, 400000, 19800, 204, 58.85, 27.16, 78000, 3960, 2600, 4880, 8900, 11000, 110000, 50, 84, 80, 59, 53",A marketplace listing ultra-short domain names for sale.
8.lu,http://8.lu,True,NONE,"57500, 13490, 45169, 257000, 13882, 11800, 100000, 25000, 12000, 7700, 100000, 25000, 500000, 181720, 169000, 115000, 85000, 57338, 44145, 19900, 11000, 6800000, 1500000, 350000, 60000, 1750, 80, 8900, 59, 18000, 80, 49000, 4800, 20, 400000, 19800, 8200, 53, 88580, 177000, 110000, 12880, 78000, 27.16, 3960, 2600, 4880, 50000, 110000",A marketplace listing ultra-short internet domain names for sale.
8.sk,https://8.sk/,False,NONE,,8.sk is a Slovak social networking platform.
8.kg,http://8.kg,True,1750,"57500, 13490, 45169, 257000, 13882, 11800, 100000, 25000, 12000, 7700, 100000, 25000, 500000, 181720, 169000, 115000, 85000, 57338, 44145, 19900, 11000, 6800000, 1500000, 350000, 60000, 1750, 80, 123, 8900, 59, 8900, 59, 8900, 59, 8900, 59, 8900, 59, 8900, 59, 49000, 110000, 50000, 500000, 177000, 88580, 18000, 12000, 16800, 16800, 20, 4800, 400000, 19800, 8200, 100000, 30000, 100000, 150000, 100000, 50000, 12880, 12880, 12880, 59000, 3850, 3850, 3850, 3850, 3850, 3850, 4730, 3850, 22880, 52880, 12880, 22880, 12880, 12880, 12880, 12880, 12880, 12880, 12880, 12880, 78000, 3960, 2600, 2600, 2600, 2600, 2600, 3960, 4880, 2600, 8900, 8900, 8900, 53, 50, 100000, 30000, 100000, 150000, 100000, 50000, 12880, 12880, 12880, 59000, 3850, 3850, 3850, 3850, 3850, 3850, 4730, 3850, 22880, 52880, 12880, 22880, 12880, 12880, 12880, 12880, 12880, 12880, 12880, 12880, 78000, 3960, 2600, 2600, 2600, 2600, 2600, 3960, 4880, 2600, 8900, 8900, 8900",A marketplace site listing one-letter and other short domain names for sale.
8.ro,https://8.ro,True,NONE,"278595, 1958, 19547, 1471, 5478, 1180",A Romanian domain and website auction marketplace for premium domains.
8.st,http://8.st/,False,NONE,,Coming Soon placeholder page for a registered .st domain (ST Registry).
8.sh,http://8.sh/,False,NONE,,8.sh is presented as a premium .sh domain name.
8.sb,http://8.sb/,False,NONE,,The domain 8.sb is under construction.
8.sv,https://domgator.com/8-sv,False,NONE,,The site is currently down with a 503 server error.
8.tm,http://8.tm/,False,NONE,,A landing page promoting the premium 8.tm domain name.
8.vu,https://8.vu/,False,NONE,,The content is the domain name VIII.AM.
9.af,https://9.af/,False,NONE,,A default-generated index page confirming site creation and providing FTP information.
9.ac,http://9.ac,True,19000,"19000, 911","9.ac is a premium domain name for sale with a buy-now price of USD 19,000."
9.ar,https://9.ar/,True,6000,6000,9.ar is a domain currently for sale with a buy-it-now price of 6000 USD.
9.ai,https://9.ai/,True,NONE,1000000,A premium single-digit .ai domain portfolio for sale with a 7-figure minimum offer.
9.cg,http://9.cg/,False,NONE,,"The 9.cg domain is parked with contact details provided (email, QQ/WeChat, Telegram)."
9.bo,https://9.bo/,False,NONE,,An obfuscated string that does not reveal a valid domain or sale information.
9.cc,https://9.cc,False,NONE,,A Chinese adult-oriented forum with escort ads and VIP memberships.
9.cr,http://9.cr,False,NONE,,Sheetal Group is a global diamond manufacturer.
9.cl,https://9.cl/,True,NONE,,A for-sale domain listing for 9.cl.
9.ee,https://9.ee/,False,NONE,,It's a contact page for the domain 9.ee.
8.ws,http://8.ws/,False,NONE,,Website.ws is a domain service promoting lifetime internet addresses.
9.cz,https://9.cz,False,NONE,"1458333, 208333",A Czech informational site explaining mandatory vehicle liability insurance and how to compare insurers.
8.mw,http://8.mw,True,1750,"57500, 13490, 45169, 257000, 11882, 11800, 100000, 25000, 500000, 181720, 169000, 115000, 85000, 57338, 44145, 19900, 6800000, 1500000, 350000, 60000, 1750, 123, 8900, 8900, 8900, 8900, 8900, 49000, 50000, 500000, 177000, 88580, 18000, 12000, 16800, 20, 4800, 400000, 100000, 30000, 100000, 150000, 100000, 50000, 59000, 3850, 3850, 3850, 3850, 3850, 3850, 4730, 3850, 22880, 52880, 12880, 22880, 12880, 12880, 12880, 12880, 12880, 12880, 12880, 12880, 12880, 12880, 12880, 12880, 12880, 12880, 12880, 78000, 3960, 2600, 2600, 2600, 2600, 2600, 3960, 4880, 2600, 8900, 8900, 8900, 204, 50, 53, 80, 100, 204, 27.16",A marketplace listing ultra-short domain names for sale (1- to 9-character).
9.dk,http://9.dk/,False,NONE,,"A website hosting and domain registration service offering easy website building, powered by one.com."
9.gp,https://9.gp/,True,NONE,,"9.gp is a domain that may be for sale, with inquiries encouraged."
9.et,http://9.et/,False,NONE,,A domain advertising personalized creative email address at ab.cd.
9.gs,https://9.gs/,True,NONE,,A domain name (9.gs) that may be for sale.
9.hm,http://9.hm/,True,NONE,,9.hm is a domain for sale.
9.hr,http://9.hr/,False,NONE,,A website that only provides a contact email address.
9.ht,http://9.ht/,False,NONE,,A page providing a contact email address.
9.is,https://9.is/,False,NONE,,This is the domain 9.is.
9.ke,https://9.ke/,True,NONE,,A domain listing for 9.ke indicating the domain may be for sale.
9.je,https://website.org/404?domain=9.je,False,NONE,0,A landing page announcing that 9.je is a free website domain managed by Website.org and inviting users to register for a free site.
9.cx,http://9.cx/,True,NONE,,The domain 9.cx is for sale on west.cn with a Buy It Now option.
8.vg,http://8.vg,True,NONE,"57500, 13490, 45169, 257000, 25000, 500000, 181720, 169000, 115000, 85000, 57338, 44145, 19900, 10800, 6800000, 1500000, 350000, 60000, 1750, 80, 8900, 123, 8900, 59, 8900, 59, 8900, 59, 8900, 59, 49000, 80, 108000, 50, 500, 177000, 53, 88580, 18000, 12000, 16800, 16800, 20, 4800, 400000, 100, 19800, 8200, 12880, 12880, 50000, 150000, 30000, 100000, 150000, 100000, 50000, 12880, 60, 3780, 3780, 3780, 3780, 3780, 3780, 4644, 3780, 22880, 52880, 12880, 22880, 12880, 12880, 12880, 12880, 12880, 12880, 78000, 27.16, 3960, 2600, 2600, 2600, 2600, 2600, 2600, 3960, 4880, 2600, 8900, 8900, 8900, 8900, 8900, 6800000, 60000, 60000",A marketplace listing short one-character domain names for sale with buy-now options.
9.ls,https://9.ls/,True,7999,7999,"9.ls is a domain for sale listed on Spaceship with a buy-now price of $7,999."
9.ms,https://9.ms/lander,False,NONE,,Footer showing copyright and privacy policy for 9.MS.
9.la,http://9.la/,True,NONE,,The 9.la domain is parked and shows contact details for potential sale.
9.mk,https://9.mk/,False,NONE,,This is the domain name 9.mk.
9.mr,https://9.mr/,True,NONE,,9.mr is a parked domain currently advertised for sale.
9.nf,https://9.nf/,True,50000,50000,"9.nf is a domain listed for sale with an asking price of 50,000 USD."
9.ro,https://9.ro/,False,NONE,,This domain currently returns a 403 Forbidden access error.
9.pe,https://9.pe/,False,NONE,,A domain name under the Peru country code top-level domain (9.pe).
9.pn,http://9.pn/,False,NONE,,A website providing a contact email address (gxlhome@gmail.com).
9.sb,http://9.sb/,True,NONE,,A parked domain (9.sb) with contact details indicating it may be for sale.
9.st,https://9.st/,False,NONE,,"A personal showcase site for DuanDuan hosted at 9.st, featuring poetry and external links."
9.sh,http://9.sh/,False,NONE,,9.sh is a premium .sh domain name marketed by NIC.SH.
9.sv,https://domgator.com/9-sv,False,NONE,,A website page displaying a 503 Service Unavailable error.
9.uk,http://9.uk,True,299999,299999,"9.uk is a premium numeric domain for sale with a Buy Now price of $299,999."
9.io,https://9.io,True,1646,"5624, 7499, 938, 2495, 206, 5779, 6799, 530, 1646, 2195, 136, 2399, 5166, 6888, 155, 1799, 2399, 69, 2924, 3899, 255, 1716, 2288, 74, 1649, 2199, 41, 12999, 3999, 349, 6666, 8888, 288, 2471, 3295, 204, 1646, 2195, 64, 2199, 3074, 4099, 126, 3749, 4999, 162, 1796, 2395, 69, 1649, 2199, 275, 1874, 2499, 427, 4899, 427, 2246, 2995, 87, 3499, 584, 4780, 6373, 417, 1349, 1799, 52, 8999, 825, 7416, 9888, 223, 5499, 505, 1649, 2199, 64, 1875, 2500, 138, 2241, 2988, 185, 11541, 15388, 1058, 8499, 9999, 367, 2199, 1875, 2500, 138, 2399, 198, 2241, 2988, 185, 11541, 8499, 9999, 367, 2199, 1875, 2500, 138, 2399, 198, 2241, 2988, 185, 9999, 432, 2899, 252, 38446, 2644, 1724, 2299, 66, 1799, 2399, 182, 9899, 9999, 825, 3195, 533, 6295, 578, 2499, 207, 300, 7496, 9995, 1250, 7030, 9373, 6599, 8799, 285, 2099, 2799, 66, 2000, 5000, 50000","A marketplace for buying and selling premium, brandable domain names."
9.tm,http://9.tm/,False,NONE,,Promotional page for the premium domain 9.tm.
9.ua,http://9.ua,True,NONE,,9.ua is a for-sale domain.
9.ws,http://9.ws/,False,NONE,,A domain landing page for website.ws that redirects to a 9.ws domain.
9.td,http://9.td/,False,NONE,,This is the default nginx web server welcome page indicating the server is installed and running.
9.vu,http://9.vu/,False,NONE,,A parked domain page for 9.vu with contact information.
9.kg,http://9.kg,True,1750,"57500, 13490, 45169, 257000, 13882, 11800, 100000, 25000, 12000, 7700, 100000, 25000, 500000, 181720, 169000, 115000, 85000, 57338, 44145, 19900, 11000, 6800000, 1500000, 350000, 60000, 110000, 50000, 500000, 177000, 88580, 18000, 12000, 16800, 16800, 20, 4800, 400000, 19800, 8200, 100000, 30000, 100000, 150000, 100000, 50000, 12880, 12880, 12880, 12880, 59000, 3850, 3850, 3850, 3850, 3850, 3850, 4730, 3850, 22880, 52880, 12880, 22880, 12880, 12880, 12880, 12880, 12880, 12880, 78000, 3960, 2600, 2600, 2600, 2600, 2600, 3960, 4880, 2600, 8900, 8900, 8900",A marketplace listing one-character and other short domain names for sale.
9.mw,http://9.mw,True,1750,"57500, 13490, 45169, 257000, 13882, 11800, 100000, 25000, 12000, 7700, 100000, 25000, 500000, 181720, 169000, 115000, 85000, 57338, 44145, 19900, 11000, 6800000, 1500000, 350000, 60000, 1750, 123, 8900, 8900, 8900, 8900, 8900, 49000, 110000, 50, 50000, 500000, 177000, 88580, 18000, 12000, 16800, 16800, 20, 4800, 400000, 19800, 8200, 100000, 30000, 100000, 150000, 100000, 50000, 12880, 12880, 12880, 59000, 3850, 3850, 3850, 3850, 3850, 3850, 4730, 3850, 22880, 52880, 12880, 22880, 12880, 12880, 12880, 12880, 12880, 12880, 12880, 12880, 12880, 78000, 3960, 2600, 2600, 2600, 2600, 2600, 3960, 4880, 2600, 8900, 8900, 8900, 8900, 8900, 49000",Marketplace page listing short/one-character domain names for sale.
